model_number,label_asym_id,auth_asym_id,label_seq_id,auth_seq_id,insertion_code,sequence_position,has_coordinates,operator_id,role,points,core_sasa_angstrom2,context_sasa_angstrom2,reduction_sasa_angstrom2
1,A,A,1,1,,1,True,1,light,960,112.8040534560536,112.8040534560536,0.0
1,A,A,2,2,,2,True,1,light,960,6.485464604162598,6.485464604162598,0.0
1,A,A,3,3,,3,True,1,light,960,107.64382913390276,107.64382913390276,0.0
1,A,A,4,4,,4,True,1,light,960,12.949198550140927,12.949198550140927,0.0
1,A,A,5,5,,5,True,1,light,960,90.62521435482714,90.62521435482714,0.0
1,A,A,6,6,,6,True,1,light,960,5.803736380339735,5.803736380339735,0.0
1,A,A,7,7,,7,True,1,light,960,60.99815256378529,60.99815256378529,0.0
1,A,A,8,8,,8,True,1,light,960,49.65323186414489,49.65323186414489,0.0
1,A,A,9,9,,9,True,1,light,960,79.33195452838115,79.33195452838115,0.0
1,A,A,10,10,,10,True,1,light,960,60.75805634523469,60.75805634523469,0.0
1,A,A,11,11,,11,True,1,light,960,26.41686722587317,26.41686722587317,0.0
1,A,A,12,12,,12,True,1,light,960,55.06559517668511,55.06559517668511,0.0
1,A,A,13,13,,13,True,1,light,960,6.792908715224528,6.792908715224528,0.0
1,A,A,14,14,,14,True,1,light,960,38.91427726349217,38.91427726349217,0.0
1,A,A,15,15,,15,True,1,light,960,85.3017136084876,85.3017136084876,0.0
1,A,A,16,16,,16,True,1,light,960,47.78371850888035,47.78371850888035,0.0
1,A,A,17,17,,17,True,1,light,960,69.41090572110889,69.41090572110889,0.0
1,A,A,18,18,,18,True,1,light,960,167.051083104901,167.051083104901,0.0
1,A,A,19,19,,19,True,1,light,960,7.141923951075086,7.141923951075086,0.0
1,A,A,20,20,,20,True,1,light,960,64.01096609851669,64.01096609851669,0.0
1,A,A,21,21,,21,True,1,light,960,0.7547676350249477,0.7547676350249477,0.0
1,A,A,22,22,,22,True,1,light,960,35.269520585518734,35.269520585518734,0.0
1,A,A,23,23,,23,True,1,light,960,0.0,0.0,0.0
1,A,A,24,24,,24,True,1,light,960,134.78947386057712,134.78947386057712,0.0
1,A,A,25,25,,25,True,1,light,960,7.047498147883689,7.047498147883689,0.0
1,A,A,26,26,,26,True,1,light,960,61.09247888320932,61.09247888320932,0.0
1,A,A,27,27,,27,True,1,light,960,89.56346075766892,89.56346075766892,0.0
1,A,A,28,28,,28,True,1,light,960,67.32026089494592,67.32026089494592,0.0
1,A,A,29,29,,29,True,1,light,960,1.960321090916556,1.960321090916556,0.0
1,A,A,30,30,,30,True,1,light,960,3.3352823126591153,3.3352823126591153,0.0
1,A,A,31,31,,31,True,1,light,960,23.644202269569934,23.644202269569934,0.0
1,A,A,32,32,,32,True,1,light,960,3.6906841445750334,3.6906841445750334,0.0
1,A,A,33,33,,33,True,1,light,960,0.0,0.0,0.0
1,A,A,34,34,,34,True,1,light,960,0.12579460583749127,0.12579460583749127,0.0
1,A,A,35,35,,35,True,1,light,960,0.3417463758483147,0.3417463758483147,0.0
1,A,A,36,36,,36,True,1,light,960,0.0,0.0,0.0
1,A,A,37,37,,37,True,1,light,960,20.25253360476664,20.25253360476664,0.0
1,A,A,38,38,,38,True,1,light,960,16.150978882985743,16.150978882985743,0.0
1,A,A,39,39,,39,True,1,light,960,64.24628447823994,64.24628447823994,0.0
1,A,A,40,40,,40,True,1,light,960,59.672979040617435,59.672979040617435,0.0
1,A,A,41,41,,41,True,1,light,960,76.015083257669,76.015083257669,0.0
1,A,A,42,42,,42,True,1,light,960,115.2830776740166,115.2830776740166,0.0
1,A,A,43,43,,43,True,1,light,960,18.190922330710592,18.190922330710592,0.0
1,A,A,44,44,,44,True,1,light,960,3.013478505176401,3.013478505176401,0.0
1,A,A,45,45,,45,True,1,light,960,130.85855867076674,130.85855867076674,0.0
1,A,A,46,46,,46,True,1,light,960,6.956721828158213,6.956721828158213,0.0
1,A,A,47,47,,47,True,1,light,960,7.421881744411985,7.421881744411985,0.0
1,A,A,48,48,,48,True,1,light,960,0.7547676350249477,0.7547676350249477,0.0
1,A,A,49,49,,49,True,1,light,960,47.176794224133346,47.176794224133346,0.0
1,A,A,50,50,,50,True,1,light,960,20.22487188145178,20.22487188145178,0.0
1,A,A,51,51,,51,True,1,light,960,3.1306808551063243,3.1306808551063243,0.0
1,A,A,52,52,,52,True,1,light,960,63.44539564506643,63.44539564506643,0.0
1,A,A,53,53,,53,True,1,light,960,47.92774482408417,47.92774482408417,0.0
1,A,A,54,54,,54,True,1,light,960,68.60996191006393,68.60996191006393,0.0
1,A,A,55,55,,55,True,1,light,960,48.59595110952722,48.59595110952722,0.0
1,A,A,56,56,,56,True,1,light,960,100.48261187694379,100.48261187694379,0.0
1,A,A,57,57,,57,True,1,light,960,82.60707665072096,82.60707665072096,0.0
1,A,A,58,58,,58,True,1,light,960,22.872250122729852,22.872250122729852,0.0
1,A,A,59,59,,59,True,1,light,960,53.28939628621075,53.28939628621075,0.0
1,A,A,60,60,,60,True,1,light,960,102.7609210492659,102.7609210492659,0.0
1,A,A,61,61,,61,True,1,light,960,43.470760781451645,43.470760781451645,0.0
1,A,A,62,62,,62,True,1,light,960,9.20205474959313,9.20205474959313,0.0
1,A,A,63,63,,63,True,1,light,960,55.56807197767577,55.56807197767577,0.0
1,A,A,64,64,,64,True,1,light,960,10.217532686963981,10.217532686963981,0.0
1,A,A,65,65,,65,True,1,light,960,55.98128042341468,55.98128042341468,0.0
1,A,A,66,66,,66,True,1,light,960,94.10085386427008,94.10085386427008,0.0
1,A,A,67,67,,67,True,1,light,960,88.98470085106132,88.98470085106132,0.0
1,A,A,68,68,,68,True,1,light,960,45.21380539745511,45.21380539745511,0.0
1,A,A,69,69,,69,True,1,light,960,50.4291424177285,50.4291424177285,0.0
1,A,A,70,70,,70,True,1,light,960,40.54064051034743,40.54064051034743,0.0
1,A,A,71,71,,71,True,1,light,960,0.880562240862439,0.880562240862439,0.0
1,A,A,72,72,,72,True,1,light,960,30.038086829886517,30.038086829886517,0.0
1,A,A,73,73,,73,True,1,light,960,1.1444717317272495,1.1444717317272495,0.0
1,A,A,74,74,,74,True,1,light,960,16.655305296651207,16.655305296651207,0.0
1,A,A,75,75,,75,True,1,light,960,0.880562240862439,0.880562240862439,0.0
1,A,A,76,76,,76,True,1,light,960,60.14409489294364,60.14409489294364,0.0
1,A,A,77,77,,77,True,1,light,960,41.96579783770966,41.96579783770966,0.0
1,A,A,78,78,,78,True,1,light,960,0.12579460583749127,0.12579460583749127,0.0
1,A,A,79,79,,79,True,1,light,960,48.89316410051396,48.89316410051396,0.0
1,A,A,80,80,,80,True,1,light,960,25.52212069417977,25.52212069417977,0.0
1,A,A,81,81,,81,True,1,light,960,79.64339500709784,79.64339500709784,0.0
1,A,A,82,82,,82,True,1,light,960,2.6786475601568007,2.6786475601568007,0.0
1,A,A,83,83,,83,True,1,light,960,6.567824073570332,6.567824073570332,0.0
1,A,A,84,84,,84,True,1,light,960,1.5095352700498954,1.5095352700498954,0.0
1,A,A,85,85,,85,True,1,light,960,31.600718942772893,31.600718942772893,0.0
1,A,A,86,86,,86,True,1,light,960,0.0,0.0,0.0
1,A,A,87,87,,87,True,1,light,960,7.812722050457335,7.812722050457335,0.0
1,A,A,88,88,,88,True,1,light,960,0.0,0.0,0.0
1,A,A,89,89,,89,True,1,light,960,0.3348309450196001,0.3348309450196001,0.0
1,A,A,90,90,,90,True,1,light,960,0.0,0.0,0.0
1,A,A,91,91,,91,True,1,light,960,12.039844921605278,12.039844921605278,0.0
1,A,A,92,92,,92,True,1,light,960,43.31671409467981,43.31671409467981,0.0
1,A,A,93,93,,93,True,1,light,960,47.204345991705324,47.204345991705324,0.0
1,A,A,94,94,,94,True,1,light,960,23.204576956605155,23.204576956605155,0.0
1,A,A,95,95,,95,True,1,light,960,25.619546718355345,25.619546718355345,0.0
1,A,A,96,96,,96,True,1,light,960,5.348702864406032,5.348702864406032,0.0
1,A,A,97,97,,97,True,1,light,960,27.04584025506062,27.04584025506062,0.0
1,A,A,98,98,,98,True,1,light,960,28.321817746270202,28.321817746270202,0.0
1,A,A,99,99,,99,True,1,light,960,3.070215668500232,3.070215668500232,0.0
1,A,A,100,100,,100,True,1,light,960,132.6185273081945,132.6185273081945,0.0
1,A,A,101,101,,101,True,1,light,960,5.065017047786875,5.065017047786875,0.0
1,A,A,102,102,,102,True,1,light,960,0.0,0.0,0.0
1,A,A,103,103,,103,True,1,light,960,50.618453482036884,50.618453482036884,0.0
1,A,A,104,104,,104,True,1,light,960,0.0,0.0,0.0
1,A,A,105,105,,105,True,1,light,960,55.88353500398598,55.88353500398598,0.0
1,A,A,106,106,,106,True,1,light,960,1.229577476712997,1.229577476712997,0.0
1,A,A,107,107,,107,True,1,light,960,101.12678236059301,101.12678236059301,0.0
1,A,A,108,108,,108,True,1,light,960,93.81567840913435,93.81567840913435,0.0
1,A,A,109,109,,109,True,1,light,960,95.26825267738383,95.26825267738383,0.0
1,A,A,110,110,,110,True,1,light,960,83.09930793267009,83.09930793267009,0.0
1,A,A,111,111,,111,True,1,light,960,13.83740664212404,13.83740664212404,0.0
1,A,A,112,112,,112,True,1,light,960,51.454478411046935,51.454478411046935,0.0
1,A,A,113,113,,113,True,1,light,960,11.678394214834258,11.678394214834258,0.0
1,A,A,114,114,,114,True,1,light,960,45.8565189675112,45.8565189675112,0.0
1,A,A,115,115,,115,True,1,light,960,11.083212941626979,11.083212941626979,0.0
1,A,A,116,116,,116,True,1,light,960,4.025427386799721,4.025427386799721,0.0
1,A,A,117,117,,117,True,1,light,960,0.0,0.0,0.0
1,A,A,118,118,,118,True,1,light,960,0.5031784233499651,0.5031784233499651,0.0
1,A,A,119,119,,119,True,1,light,960,42.68992447238659,42.68992447238659,0.0
1,A,A,120,120,,120,True,1,light,960,14.48283638082855,14.48283638082855,0.0
1,A,A,121,121,,121,True,1,light,960,17.414350733672798,17.414350733672798,0.0
1,A,A,122,122,,122,True,1,light,960,122.71024907505907,122.71024907505907,0.0
1,A,A,123,123,,123,True,1,light,960,89.46260777950704,89.46260777950704,0.0
1,A,A,124,124,,124,True,1,light,960,4.2660197151902,4.2660197151902,0.0
1,A,A,125,125,,125,True,1,light,960,26.54266183171066,26.54266183171066,0.0
1,A,A,126,126,,126,True,1,light,960,142.6211174617876,142.6211174617876,0.0
1,A,A,127,127,,127,True,1,light,960,95.67986414685717,95.67986414685717,0.0
1,A,A,128,128,,128,True,1,light,960,31.26449784300408,31.26449784300408,0.0
1,A,A,129,129,,129,True,1,light,960,42.05131198974037,42.05131198974037,0.0
1,A,A,130,130,,130,True,1,light,960,0.349015235850558,0.349015235850558,0.0
1,A,A,131,131,,131,True,1,light,960,4.017971340235201,4.017971340235201,0.0
1,A,A,132,132,,132,True,1,light,960,0.5031784233499651,0.5031784233499651,0.0
1,A,A,133,133,,133,True,1,light,960,4.025427386799721,4.025427386799721,0.0
1,A,A,134,134,,134,True,1,light,960,0.0,0.0,0.0
1,A,A,135,135,,135,True,1,light,960,3.3964543576122646,3.3964543576122646,0.0
1,A,A,136,136,,136,True,1,light,960,0.25158921167498255,0.25158921167498255,0.0
1,A,A,137,137,,137,True,1,light,960,6.546271438969767,6.546271438969767,0.0
1,A,A,138,138,,138,True,1,light,960,55.26004928996681,55.26004928996681,0.0
1,A,A,139,139,,139,True,1,light,960,0.25158921167498255,0.25158921167498255,0.0
1,A,A,140,140,,140,True,1,light,960,24.16715701867425,24.16715701867425,0.0
1,A,A,141,141,,141,True,1,light,960,30.819678430185363,30.819678430185363,0.0
1,A,A,142,142,,142,True,1,light,960,131.48050762237958,131.48050762237958,0.0
1,A,A,143,143,,143,True,1,light,960,141.35568132292775,141.35568132292775,0.0
1,A,A,144,144,,144,True,1,light,960,20.376563682730364,20.376563682730364,0.0
1,A,A,145,145,,145,True,1,light,960,108.23352832792952,108.23352832792952,0.0
1,A,A,146,146,,146,True,1,light,960,24.60037217362877,24.60037217362877,0.0
1,A,A,147,147,,147,True,1,light,960,50.0473067016265,50.0473067016265,0.0
1,A,A,148,148,,148,True,1,light,960,5.520600342434955,5.520600342434955,0.0
1,A,A,149,149,,149,True,1,light,960,63.69647827492602,63.69647827492602,0.0
1,A,A,150,150,,150,True,1,light,960,2.864907352600383,2.864907352600383,0.0
1,A,A,151,151,,151,True,1,light,960,67.70750015041209,67.70750015041209,0.0
1,A,A,152,152,,152,True,1,light,960,121.83445027405764,121.83445027405764,0.0
1,A,A,153,153,,153,True,1,light,960,46.292414948196786,46.292414948196786,0.0
1,A,A,154,154,,154,True,1,light,960,111.28882274032213,111.28882274032213,0.0
1,A,A,155,155,,155,True,1,light,960,55.826822711604,55.826822711604,0.0
1,A,A,156,156,,156,True,1,light,960,100.28936989482762,100.28936989482762,0.0
1,A,A,157,157,,157,True,1,light,960,91.91843395371717,91.91843395371717,0.0
1,A,A,158,158,,158,True,1,light,960,30.612588569451542,30.612588569451542,0.0
1,A,A,159,159,,159,True,1,light,960,48.25267058926639,48.25267058926639,0.0
1,A,A,160,160,,160,True,1,light,960,69.73361404547646,69.73361404547646,0.0
1,A,A,161,161,,161,True,1,light,960,87.09582481307515,87.09582481307515,0.0
1,A,A,162,162,,162,True,1,light,960,10.830656381214078,10.830656381214078,0.0
1,A,A,163,163,,163,True,1,light,960,25.86252011217786,25.86252011217786,0.0
1,A,A,164,164,,164,True,1,light,960,13.312587881378597,13.312587881378597,0.0
1,A,A,165,165,,165,True,1,light,960,99.4931738156804,99.4931738156804,0.0
1,A,A,166,166,,166,True,1,light,960,6.585008585385468,6.585008585385468,0.0
1,A,A,167,167,,167,True,1,light,960,46.46944369422657,46.46944369422657,0.0
1,A,A,168,168,,168,True,1,light,960,53.47309568064166,53.47309568064166,0.0
1,A,A,169,169,,169,True,1,light,960,168.97356894829284,168.97356894829284,0.0
1,A,A,170,170,,170,True,1,light,960,59.89323348356673,59.89323348356673,0.0
1,A,A,171,171,,171,True,1,light,960,4.312113424403058,4.312113424403058,0.0
1,A,A,172,172,,172,True,1,light,960,6.939615856159416,6.939615856159416,0.0
1,A,A,173,173,,173,True,1,light,960,22.29628623358397,22.29628623358397,0.0
1,A,A,174,174,,174,True,1,light,960,0.11161031500653336,0.11161031500653336,0.0
1,A,A,175,175,,175,True,1,light,960,3.8996327809622295,3.8996327809622295,0.0
1,A,A,176,176,,176,True,1,light,960,10.66344511222676,10.66344511222676,0.0
1,A,A,177,177,,177,True,1,light,960,1.2277134650718668,1.2277134650718668,0.0
1,A,A,178,178,,178,True,1,light,960,20.35894981991924,20.35894981991924,0.0
1,A,A,179,179,,179,True,1,light,960,0.0,0.0,0.0
1,A,A,180,180,,180,True,1,light,960,48.17415040788073,48.17415040788073,0.0
1,A,A,181,181,,181,True,1,light,960,20.713557090693186,20.713557090693186,0.0
1,A,A,182,182,,182,True,1,light,960,50.54902166639867,50.54902166639867,0.0
1,A,A,183,183,,183,True,1,light,960,77.76384295430813,77.76384295430813,0.0
1,A,A,184,184,,184,True,1,light,960,69.45598233970014,69.45598233970014,0.0
1,A,A,185,185,,185,True,1,light,960,72.60230570822748,72.60230570822748,0.0
1,A,A,186,186,,186,True,1,light,960,7.885507516253254,7.885507516253254,0.0
1,A,A,187,187,,187,True,1,light,960,86.32251000042159,86.32251000042159,0.0
1,A,A,188,188,,188,True,1,light,960,140.56363738207102,140.56363738207102,0.0
1,A,A,189,189,,189,True,1,light,960,55.51832354900924,55.51832354900924,0.0
1,A,A,190,190,,190,True,1,light,960,49.94471275753577,49.94471275753577,0.0
1,A,A,191,191,,191,True,1,light,960,42.64437137890954,42.64437137890954,0.0
1,A,A,192,192,,192,True,1,light,960,0.5031784233499651,0.5031784233499651,0.0
1,A,A,193,193,,193,True,1,light,960,7.485975470532973,7.485975470532973,0.0
1,A,A,194,194,,194,True,1,light,960,0.0,0.0,0.0
1,A,A,195,195,,195,True,1,light,960,43.239472803303535,43.239472803303535,0.0
1,A,A,196,196,,196,True,1,light,960,0.0,0.0,0.0
1,A,A,197,197,,197,True,1,light,960,39.6813101998355,39.6813101998355,0.0
1,A,A,198,198,,198,True,1,light,960,9.835638065999728,9.835638065999728,0.0
1,A,A,199,199,,199,True,1,light,960,116.39990862638003,116.39990862638003,0.0
1,A,A,200,200,,200,True,1,light,960,26.58116728566816,26.58116728566816,0.0
1,A,A,201,201,,201,True,1,light,960,37.026575395760275,37.026575395760275,0.0
1,A,A,202,202,,202,True,1,light,960,128.25605415355437,128.25605415355437,0.0
1,A,A,203,203,,203,True,1,light,960,82.12877702319355,82.12877702319355,0.0
1,A,A,204,204,,204,True,1,light,960,62.45888057396779,62.45888057396779,0.0
1,A,A,205,205,,205,True,1,light,960,43.273344408097,43.273344408097,0.0
1,A,A,206,206,,206,True,1,light,960,85.33964441278889,85.33964441278889,0.0
1,A,A,207,207,,207,True,1,light,960,41.66353997252004,41.66353997252004,0.0
1,A,A,208,208,,208,True,1,light,960,39.893389956900776,39.893389956900776,0.0
1,A,A,209,209,,209,True,1,light,960,15.850120335523899,15.850120335523899,0.0
1,A,A,210,210,,210,True,1,light,960,75.99219151919986,75.99219151919986,0.0
1,A,A,211,211,,211,True,1,light,960,88.35899246023975,88.35899246023975,0.0
1,A,A,212,212,,212,True,1,light,960,76.91759999519229,76.91759999519229,0.0
1,A,A,213,213,,213,True,1,light,960,141.37694728719867,141.37694728719867,0.0
1,A,A,214,214,,214,True,1,light,960,169.57326756993658,169.57326756993658,0.0
1,B,B,1,1,,1,True,1,heavy,960,187.82212479617016,187.82212479617016,0.0
1,B,B,2,2,,2,True,1,heavy,960,24.282779409298804,24.282779409298804,0.0
1,B,B,3,3,,3,True,1,heavy,960,95.38695382880891,95.38695382880891,0.0
1,B,B,4,4,,4,True,1,heavy,960,6.148238194744636,6.148238194744636,0.0
1,B,B,5,5,,5,True,1,heavy,960,61.27429332204808,61.27429332204808,0.0
1,B,B,6,6,,6,True,1,heavy,960,9.263656145542269,9.263656145542269,0.0
1,B,B,7,7,,7,True,1,heavy,960,56.840930129179725,56.840930129179725,0.0
1,B,B,8,8,,8,True,1,heavy,960,26.45621829185326,26.45621829185326,0.0
1,B,B,9,9,,9,True,1,heavy,960,14.851627942433456,14.851627942433456,0.0
1,B,B,10,10,,10,True,1,heavy,960,13.208433612936584,13.208433612936584,0.0
1,B,B,11,11,,11,True,1,heavy,960,53.34615308448868,53.34615308448868,0.0
1,B,B,12,12,,12,True,1,heavy,960,6.541319503549547,6.541319503549547,0.0
1,B,B,13,13,,13,True,1,heavy,960,124.46139507311801,124.46139507311801,0.0
1,B,B,14,14,,14,True,1,heavy,960,67.4860545202483,67.4860545202483,0.0
1,B,B,15,15,,15,True,1,heavy,960,46.84934078586192,46.84934078586192,0.0
1,B,B,16,16,,16,True,1,heavy,960,17.233860999736304,17.233860999736304,0.0
1,B,B,17,17,,17,True,1,heavy,960,65.578792311257,65.578792311257,0.0
1,B,B,18,18,,18,True,1,heavy,960,34.785710080878154,34.785710080878154,0.0
1,B,B,19,19,,19,True,1,heavy,960,125.91645381755772,125.91645381755772,0.0
1,B,B,20,20,,20,True,1,heavy,960,0.0,0.0,0.0
1,B,B,21,21,,21,True,1,heavy,960,24.381785392779747,24.381785392779747,0.0
1,B,B,22,22,,22,True,1,heavy,960,1.7419921824645164,1.7419921824645164,0.0
1,B,B,23,23,,23,True,1,heavy,960,38.272675031837274,38.272675031837274,0.0
1,B,B,24,24,,24,True,1,heavy,960,13.47834354576975,13.47834354576975,0.0
1,B,B,25,25,,25,True,1,heavy,960,56.98690946781653,56.98690946781653,0.0
1,B,B,26,26,,26,True,1,heavy,960,68.3440745248243,68.3440745248243,0.0
1,B,B,27,27,,27,True,1,heavy,960,25.078601115321476,25.078601115321476,0.0
1,B,B,28,28,,28,True,1,heavy,960,88.31756794310829,88.31756794310829,0.0
1,B,B,29,29,,29,True,1,heavy,960,1.383740664212404,1.383740664212404,0.0
1,B,B,30,30,,30,True,1,heavy,960,32.915975505130916,32.915975505130916,0.0
1,B,B,31,31,,31,True,1,heavy,960,87.37587554519473,87.37587554519473,0.0
1,B,B,32,32,,32,True,1,heavy,960,4.032155631066159,4.032155631066159,0.0
1,B,B,33,33,,33,True,1,heavy,960,21.138766420368807,21.138766420368807,0.0
1,B,B,34,34,,34,True,1,heavy,960,1.1321514525374214,1.1321514525374214,0.0
1,B,B,35,35,,35,True,1,heavy,960,0.37738381751247385,0.37738381751247385,0.0
1,B,B,36,36,,36,True,1,heavy,960,0.0,0.0,0.0
1,B,B,37,37,,37,True,1,heavy,960,0.12579460583749127,0.12579460583749127,0.0
1,B,B,38,38,,38,True,1,heavy,960,16.254804593196074,16.254804593196074,0.0
1,B,B,39,39,,39,True,1,heavy,960,24.337199648040617,24.337199648040617,0.0
1,B,B,40,40,,40,True,1,heavy,960,30.909832976364818,30.909832976364818,0.0
1,B,B,41,41,,41,True,1,heavy,960,90.66666374290044,90.66666374290044,0.0
1,B,B,42,42,,42,True,1,heavy,960,83.39589260512614,83.39589260512614,0.0
1,B,B,43,43,,43,True,1,heavy,960,128.06686613495827,128.06686613495827,0.0
1,B,B,44,44,,44,True,1,heavy,960,27.0683432214389,27.0683432214389,0.0
1,B,B,45,45,,45,True,1,heavy,960,13.644827012458986,13.644827012458986,0.0
1,B,B,46,46,,46,True,1,heavy,960,68.40098578474101,68.40098578474101,0.0
1,B,B,47,47,,47,True,1,heavy,960,14.470800153974485,14.470800153974485,0.0
1,B,B,48,48,,48,True,1,heavy,960,0.25158921167498255,0.25158921167498255,0.0
1,B,B,49,49,,49,True,1,heavy,960,0.0,0.0,0.0
1,B,B,50,50,,50,True,1,heavy,960,1.3669855033932587,1.3669855033932587,0.0
1,B,B,51,51,,51,True,1,heavy,960,4.025427386799721,4.025427386799721,0.0
1,B,B,52,52,,52,True,1,heavy,960,42.93933027716733,42.93933027716733,0.0
1,B,B,53,53,,53,True,1,heavy,960,18.44407055773992,18.44407055773992,0.0
1,B,B,54,54,,54,True,1,heavy,960,93.17506708816228,93.17506708816228,0.0
1,B,B,55,55,,55,True,1,heavy,960,75.37901153808139,75.37901153808139,0.0
1,B,B,56,56,,56,True,1,heavy,960,39.63340745685295,39.63340745685295,0.0
1,B,B,57,57,,57,True,1,heavy,960,89.29261881901519,89.29261881901519,0.0
1,B,B,58,58,,58,True,1,heavy,960,48.27915159734228,48.27915159734228,0.0
1,B,B,59,59,,59,True,1,heavy,960,49.56785253879891,49.56785253879891,0.0
1,B,B,60,60,,60,True,1,heavy,960,50.39065921671897,50.39065921671897,0.0
1,B,B,61,61,,61,True,1,heavy,960,12.453665977911635,12.453665977911635,0.0
1,B,B,62,62,,62,True,1,heavy,960,143.06873420106496,143.06873420106496,0.0
1,B,B,63,63,,63,True,1,heavy,960,50.820722307044385,50.820722307044385,0.0
1,B,B,64,64,,64,True,1,heavy,960,0.25158921167498255,0.25158921167498255,0.0
1,B,B,65,65,,65,True,1,heavy,960,145.42461322299502,145.42461322299502,0.0
1,B,B,66,66,,66,True,1,heavy,960,79.68932901868413,79.68932901868413,0.0
1,B,B,67,67,,67,True,1,heavy,960,42.22425142933274,42.22425142933274,0.0
1,B,B,68,68,,68,True,1,heavy,960,3.9063610252286676,3.9063610252286676,0.0
1,B,B,69,69,,69,True,1,heavy,960,62.142215888467575,62.142215888467575,0.0
1,B,B,70,70,,70,True,1,heavy,960,6.808229215398535,6.808229215398535,0.0
1,B,B,71,71,,71,True,1,heavy,960,38.02433998655264,38.02433998655264,0.0
1,B,B,72,72,,72,True,1,heavy,960,39.63222674161398,39.63222674161398,0.0
1,B,B,73,73,,73,True,1,heavy,960,41.23307894712515,41.23307894712515,0.0
1,B,B,74,74,,74,True,1,heavy,960,82.39223229212053,82.39223229212053,0.0
1,B,B,75,75,,75,True,1,heavy,960,106.12095780303835,106.12095780303835,0.0
1,B,B,76,76,,76,True,1,heavy,960,135.51664391313722,135.51664391313722,0.0
1,B,B,77,77,,77,True,1,heavy,960,26.36100709049846,26.36100709049846,0.0
1,B,B,78,78,,78,True,1,heavy,960,11.726539122250522,11.726539122250522,0.0
1,B,B,79,79,,79,True,1,heavy,960,1.120272305316035,1.120272305316035,0.0
1,B,B,80,80,,80,True,1,heavy,960,25.52812113614813,25.52812113614813,0.0
1,B,B,81,81,,81,True,1,heavy,960,0.0,0.0,0.0
1,B,B,82,82,,82,True,1,heavy,960,53.94429530877197,53.94429530877197,0.0
1,B,B,83,83,,83,True,1,heavy,960,0.0,0.0,0.0
1,B,B,84,84,,84,True,1,heavy,960,57.10947346920858,57.10947346920858,0.0
1,B,B,85,85,,85,True,1,heavy,960,36.72508591177384,36.72508591177384,0.0
1,B,B,86,86,,86,True,1,heavy,960,0.11161031500653336,0.11161031500653336,0.0
1,B,B,87,87,,87,True,1,heavy,960,124.66562870253094,124.66562870253094,0.0
1,B,B,88,88,,88,True,1,heavy,960,73.88031999867412,73.88031999867412,0.0
1,B,B,89,89,,89,True,1,heavy,960,156.51165105367772,156.51165105367772,0.0
1,B,B,90,90,,90,True,1,heavy,960,0.8928825200522669,0.8928825200522669,0.0
1,B,B,91,91,,91,True,1,heavy,960,29.114563309486233,29.114563309486233,0.0
1,B,B,92,92,,92,True,1,heavy,960,1.2579460583749127,1.2579460583749127,0.0
1,B,B,93,93,,93,True,1,heavy,960,38.35547563321345,38.35547563321345,0.0
1,B,B,94,94,,94,True,1,heavy,960,0.0,0.0,0.0
1,B,B,95,95,,95,True,1,heavy,960,10.170722956425493,10.170722956425493,0.0
1,B,B,96,96,,96,True,1,heavy,960,0.0,0.0,0.0
1,B,B,97,97,,97,True,1,heavy,960,0.12579460583749127,0.12579460583749127,0.0
1,B,B,98,98,,98,True,1,heavy,960,26.907806527843533,26.907806527843533,0.0
1,B,B,99,99,,99,True,1,heavy,960,1.761124481724878,1.761124481724878,0.0
1,B,B,100,100,,100,True,1,heavy,960,5.470769446961264,5.470769446961264,0.0
1,B,B,101,101,,101,True,1,heavy,960,27.50575632957678,27.50575632957678,0.0
1,B,B,102,102,,102,True,1,heavy,960,100.9060985666477,100.9060985666477,0.0
1,B,B,103,103,,103,True,1,heavy,960,7.626383718197413,7.626383718197413,0.0
1,B,B,104,104,,104,True,1,heavy,960,33.964543576122644,33.964543576122644,0.0
1,B,B,105,105,,105,True,1,heavy,960,20.627355715269502,20.627355715269502,0.0
1,B,B,106,106,,106,True,1,heavy,960,1.965197104514315,1.965197104514315,0.0
1,B,B,107,107,,107,True,1,heavy,960,0.0,0.0,0.0
1,B,B,108,108,,108,True,1,heavy,960,18.97375355111067,18.97375355111067,0.0
1,B,B,109,109,,109,True,1,heavy,960,58.4187950394452,58.4187950394452,0.0
1,B,B,110,110,,110,True,1,heavy,960,28.6378541132397,28.6378541132397,0.0
1,B,B,111,111,,111,True,1,heavy,960,1.7469401908939197,1.7469401908939197,0.0
1,B,B,112,112,,112,True,1,heavy,960,96.69325947009808,96.69325947009808,0.0
1,B,B,113,113,,113,True,1,heavy,960,17.38470457099842,17.38470457099842,0.0
1,B,B,114,114,,114,True,1,heavy,960,21.76246680988599,21.76246680988599,0.0
1,B,B,115,115,,115,True,1,heavy,960,39.18522915788877,39.18522915788877,0.0
1,B,B,116,116,,116,True,1,heavy,960,0.0,0.0,0.0
1,B,B,117,117,,117,True,1,heavy,960,13.795989978974214,13.795989978974214,0.0
1,B,B,118,118,,118,True,1,heavy,960,12.960980831588827,12.960980831588827,0.0
1,B,B,119,119,,119,True,1,heavy,960,28.04328545059987,28.04328545059987,0.0
1,B,B,120,120,,120,True,1,heavy,960,97.08020289225604,97.08020289225604,0.0
1,B,B,121,121,,121,True,1,heavy,960,47.23014370337905,47.23014370337905,0.0
1,B,B,122,122,,122,True,1,heavy,960,85.40069079403588,85.40069079403588,0.0
1,B,B,123,123,,123,True,1,heavy,960,61.78676955065573,61.78676955065573,0.0
1,B,B,124,124,,124,True,1,heavy,960,107.88778951141727,107.88778951141727,0.0
1,B,B,125,125,,125,True,1,heavy,960,31.802414427121118,31.802414427121118,0.0
1,B,B,126,126,,126,True,1,heavy,960,15.9621390575754,15.9621390575754,0.0
1,B,B,127,127,,127,True,1,heavy,960,48.84049268168265,48.84049268168265,0.0
1,B,B,128,128,,128,True,1,heavy,960,17.416720018132377,17.416720018132377,0.0
1,B,B,129,129,,129,True,1,heavy,960,21.259288386536028,21.259288386536028,0.0
1,B,B,130,130,,130,True,1,heavy,960,29.74912837359708,29.74912837359708,0.0
1,B,B,131,131,,131,True,1,heavy,960,4.654400415987177,4.654400415987177,0.0
1,B,B,132,132,,132,True,1,heavy,960,34.92674664707331,34.92674664707331,0.0
1,B,B,133,133,,133,True,1,heavy,960,4.577886926908998,4.577886926908998,0.0
1,B,B,134,134,,134,True,1,heavy,960,44.8059978730865,44.8059978730865,0.0
1,B,B,135,135,,135,True,1,heavy,960,86.22453681552551,86.22453681552551,0.0
1,B,B,136,136,,136,True,1,heavy,960,71.70646354609613,71.70646354609613,0.0
1,B,B,137,137,,137,True,1,heavy,960,0.0,0.0,0.0
1,B,B,138,138,,138,True,1,heavy,960,46.89727756276488,46.89727756276488,0.0
1,B,B,139,139,,139,True,1,heavy,960,51.10138695872834,51.10138695872834,0.0
1,B,B,140,140,,140,True,1,heavy,960,78.22309013138846,78.22309013138846,0.0
1,B,B,141,141,,141,True,1,heavy,960,54.53463722029578,54.53463722029578,0.0
1,B,B,142,142,,142,True,1,heavy,960,44.24655745230155,44.24655745230155,0.0
1,B,B,143,143,,143,True,1,heavy,960,0.0,0.0,0.0
1,B,B,144,144,,144,True,1,heavy,960,1.383740664212404,1.383740664212404,0.0
1,B,B,145,145,,145,True,1,heavy,960,0.5031784233499651,0.5031784233499651,0.0
1,B,B,146,146,,146,True,1,heavy,960,0.0,0.0,0.0
1,B,B,147,147,,147,True,1,heavy,960,0.0,0.0,0.0
1,B,B,148,148,,148,True,1,heavy,960,8.93141701446188,8.93141701446188,0.0
1,B,B,149,149,,149,True,1,heavy,960,0.0,0.0,0.0
1,B,B,150,150,,150,True,1,heavy,960,14.061866892238339,14.061866892238339,0.0
1,B,B,151,151,,151,True,1,heavy,960,42.6888772748354,42.6888772748354,0.0
1,B,B,152,152,,152,True,1,heavy,960,0.0,0.0,0.0
1,B,B,153,153,,153,True,1,heavy,960,20.75610996318606,20.75610996318606,0.0
1,B,B,154,154,,154,True,1,heavy,960,0.880562240862439,0.880562240862439,0.0
1,B,B,155,155,,155,True,1,heavy,960,44.7059800349717,44.7059800349717,0.0
1,B,B,156,156,,156,True,1,heavy,960,63.36838473715142,63.36838473715142,0.0
1,B,B,157,157,,157,True,1,heavy,960,19.491116265291595,19.491116265291595,0.0
1,B,B,158,158,,158,True,1,heavy,960,80.02450684789257,80.02450684789257,0.0
1,B,B,159,159,,159,True,1,heavy,960,26.964935081252115,26.964935081252115,0.0
1,B,B,160,160,,160,True,1,heavy,960,40.69925952342717,40.69925952342717,0.0
1,B,B,161,161,,161,True,1,heavy,960,2.6249315617681717,2.6249315617681717,0.0
1,B,B,162,162,,162,True,1,heavy,960,38.95632355416966,38.95632355416966,0.0
1,B,B,163,163,,163,True,1,heavy,960,103.49404180191067,103.49404180191067,0.0
1,B,B,164,164,,164,True,1,heavy,960,41.23567076106437,41.23567076106437,0.0
1,B,B,165,165,,165,True,1,heavy,960,90.15298454610584,90.15298454610584,0.0
1,B,B,166,166,,166,True,1,heavy,960,34.30796677704981,34.30796677704981,0.0
1,B,B,167,167,,167,True,1,heavy,960,93.69418254924452,93.69418254924452,0.0
1,B,B,168,168,,168,True,1,heavy,960,92.33391350914525,92.33391350914525,0.0
1,B,B,169,169,,169,True,1,heavy,960,35.77211650523085,35.77211650523085,0.0
1,B,B,170,170,,170,True,1,heavy,960,39.92142867133406,39.92142867133406,0.0
1,B,B,171,171,,171,True,1,heavy,960,23.202232543087412,23.202232543087412,0.0
1,B,B,172,172,,172,True,1,heavy,960,57.084982136479965,57.084982136479965,0.0
1,B,B,173,173,,173,True,1,heavy,960,4.76041869607032,4.76041869607032,0.0
1,B,B,174,174,,174,True,1,heavy,960,61.67321799318867,61.67321799318867,0.0
1,B,B,175,175,,175,True,1,heavy,960,32.036789020051366,32.036789020051366,0.0
1,B,B,176,176,,176,True,1,heavy,960,26.039483408360695,26.039483408360695,0.0
1,B,B,177,177,,177,True,1,heavy,960,100.10358265027901,100.10358265027901,0.0
1,B,B,178,178,,178,True,1,heavy,960,28.641087335679025,28.641087335679025,0.0
1,B,B,179,179,,179,True,1,heavy,960,131.10934808531198,131.10934808531198,0.0
1,B,B,180,180,,180,True,1,heavy,960,78.09150321409591,78.09150321409591,0.0
1,B,B,181,181,,181,True,1,heavy,960,32.47183938871436,32.47183938871436,0.0
1,B,B,182,182,,182,True,1,heavy,960,28.55537552511052,28.55537552511052,0.0
1,B,B,183,183,,183,True,1,heavy,960,55.17764007867538,55.17764007867538,0.0
1,B,B,184,184,,184,True,1,heavy,960,10.633212518923715,10.633212518923715,0.0
1,B,B,185,185,,185,True,1,heavy,960,10.818336102024249,10.818336102024249,0.0
1,B,B,186,186,,186,True,1,heavy,960,6.826062989695414,6.826062989695414,0.0
1,B,B,187,187,,187,True,1,heavy,960,0.0,0.0,0.0
1,B,B,188,188,,188,True,1,heavy,960,5.4091680510121245,5.4091680510121245,0.0
1,B,B,189,189,,189,True,1,heavy,960,1.8869190875623691,1.8869190875623691,0.0
1,B,B,190,190,,190,True,1,heavy,960,39.74404780512769,39.74404780512769,0.0
1,B,B,191,191,,191,True,1,heavy,960,4.9059896276621595,4.9059896276621595,0.0
1,B,B,192,192,,192,True,1,heavy,960,68.7383745097794,68.7383745097794,0.0
1,B,B,193,193,,193,True,1,heavy,960,40.67129934881023,40.67129934881023,0.0
1,B,B,194,194,,194,True,1,heavy,960,99.7789461734203,99.7789461734203,0.0
1,B,B,195,195,,195,True,1,heavy,960,8.176649379436933,8.176649379436933,0.0
1,B,B,196,196,,196,True,1,heavy,960,45.626161686186734,45.626161686186734,0.0
1,B,B,197,197,,197,True,1,heavy,960,80.90657705322872,80.90657705322872,0.0
1,B,B,198,198,,198,True,1,heavy,960,118.1151802543288,118.1151802543288,0.0
1,B,B,199,199,,199,True,1,heavy,960,102.78940874964927,102.78940874964927,0.0
1,B,B,200,200,,200,True,1,heavy,960,88.85084151508269,88.85084151508269,0.0
1,B,B,201,201,,201,True,1,heavy,960,11.055288109927382,11.055288109927382,0.0
1,B,B,202,202,,202,True,1,heavy,960,53.71429669260877,53.71429669260877,0.0
1,B,B,203,203,,203,True,1,heavy,960,0.0,0.0,0.0
1,B,B,204,204,,204,True,1,heavy,960,19.61650246408412,19.61650246408412,0.0
1,B,B,205,205,,205,True,1,heavy,960,6.3248271178029185,6.3248271178029185,0.0
1,B,B,206,206,,206,True,1,heavy,960,59.848421282357165,59.848421282357165,0.0
1,B,B,207,207,,207,True,1,heavy,960,0.4556618344644196,0.4556618344644196,0.0
1,B,B,208,208,,208,True,1,heavy,960,127.58230426607473,127.58230426607473,0.0
1,B,B,209,209,,209,True,1,heavy,960,42.70378936796443,42.70378936796443,0.0
1,B,B,210,210,,210,True,1,heavy,960,36.61750338034859,36.61750338034859,0.0
1,B,B,211,211,,211,True,1,heavy,960,115.54250777735618,115.54250777735618,0.0
1,B,B,212,212,,212,True,1,heavy,960,29.86373890958779,29.86373890958779,0.0
1,B,B,213,213,,213,True,1,heavy,960,147.85325938476382,147.85325938476382,0.0
1,B,B,214,214,,214,True,1,heavy,960,36.53761398816474,36.53761398816474,0.0
1,B,B,215,215,,215,True,1,heavy,960,115.85386317127181,115.85386317127181,0.0
1,B,B,216,216,,216,True,1,heavy,960,63.84753652168614,63.84753652168614,0.0
1,B,B,217,217,,217,True,1,heavy,960,48.8079274558343,48.8079274558343,0.0
1,B,B,218,218,,218,True,1,heavy,960,7.268854766255626,7.268854766255626,0.0
1,B,B,219,219,,219,True,1,heavy,960,126.82121417583441,126.82121417583441,0.0
1,B,B,220,220,,220,True,1,heavy,960,124.28038435839977,124.28038435839977,0.0
1,C,C,1,1,,23,True,1,target,960,110.34615252169517,110.34615252169517,0.0
1,C,C,2,2,,24,True,1,target,960,106.03798834105706,83.34862865264981,22.68935968840725
1,C,C,3,3,,25,True,1,target,960,52.20232407025847,52.20232407025847,0.0
1,C,C,4,4,,26,True,1,target,960,5.786551868524599,5.786551868524599,0.0
1,C,C,5,5,,27,True,1,target,960,58.757912949440005,58.757912949440005,0.0
1,C,C,6,6,,28,True,1,target,960,3.810799012694222,3.810799012694222,0.0
1,C,C,7,7,,29,True,1,target,960,5.038512477766089,5.038512477766089,0.0
1,C,C,8,8,,30,True,1,target,960,62.22141020327682,62.22141020327682,0.0
1,C,C,9,9,,31,True,1,target,960,4.400716809209802,4.400716809209802,0.0
1,C,C,10,10,,32,True,1,target,960,94.17679924867674,94.17679924867674,0.0
1,C,C,11,11,,33,True,1,target,960,66.22316568943174,66.22316568943174,0.0
1,C,C,12,12,,34,True,1,target,960,114.32059840471183,114.32059840471183,0.0
1,C,C,13,13,,35,True,1,target,960,130.41305596154587,130.41305596154587,0.0
1,C,C,14,14,,36,True,1,target,960,18.59596132655323,18.59596132655323,0.0
1,C,C,15,15,,37,True,1,target,960,59.86433999413228,59.86433999413228,0.0
1,C,C,16,16,,38,True,1,target,960,7.25237449479367,7.25237449479367,0.0
1,C,C,17,17,,39,True,1,target,960,85.08457065126228,85.08457065126228,0.0
1,C,C,18,18,,40,True,1,target,960,108.65928481832563,108.65928481832563,0.0
1,C,C,19,19,,41,True,1,target,960,7.8550209775440445,7.8550209775440445,0.0
1,C,C,20,20,,42,True,1,target,960,6.142304511620168,6.142304511620168,0.0
1,C,C,21,21,,43,True,1,target,960,46.432834976833675,46.432834976833675,0.0
1,C,C,22,22,,44,True,1,target,960,57.12356874824768,57.12356874824768,0.0
1,C,C,23,23,,45,True,1,target,960,0.5031784233499651,0.5031784233499651,0.0
1,C,C,24,24,,46,True,1,target,960,0.0,0.0,0.0
1,C,C,25,25,,47,True,1,target,960,94.86649533686727,94.86649533686727,0.0
1,C,C,26,26,,48,True,1,target,960,48.63081624299737,48.63081624299737,0.0
1,C,C,27,27,,49,True,1,target,960,19.87554772232362,19.87554772232362,0.0
1,C,C,28,28,,50,True,1,target,960,0.0,0.0,0.0
1,C,C,29,29,,51,True,1,target,960,117.82660402514557,117.82660402514557,0.0
1,C,C,30,30,,52,True,1,target,960,39.195138264716974,39.195138264716974,0.0
1,C,C,31,31,,53,True,1,target,960,0.0,0.0,0.0
1,C,C,32,32,,54,True,1,target,960,52.942097145347226,52.942097145347226,0.0
1,C,C,33,33,,55,True,1,target,960,37.4867925395724,37.4867925395724,0.0
1,C,C,34,34,,56,True,1,target,960,0.0,0.0,0.0
1,C,C,35,35,,57,True,1,target,960,20.0804005072887,20.0804005072887,0.0
1,C,C,36,36,,58,True,1,target,960,8.895779572797721,8.895779572797721,0.0
1,C,C,37,37,,59,True,1,target,960,1.025239127544944,1.025239127544944,0.0
1,C,C,38,38,,60,True,1,target,960,0.0,0.0,0.0
1,C,C,39,39,,61,True,1,target,960,0.0,0.0,0.0
1,C,C,40,40,,62,True,1,target,960,0.0,0.0,0.0
1,C,C,41,41,,63,True,1,target,960,0.0,0.0,0.0
1,C,C,42,42,,64,True,1,target,960,62.692811416935726,62.692811416935726,0.0
1,C,C,43,43,,65,True,1,target,960,0.37738381751247385,0.37738381751247385,0.0
1,C,C,44,44,,66,True,1,target,960,38.996327809622294,38.996327809622294,0.0
1,C,C,45,45,,67,True,1,target,960,61.6742429377919,61.6742429377919,0.0
1,C,C,46,46,,68,True,1,target,960,127.95462750142103,127.95462750142103,0.0
1,C,C,47,47,,69,True,1,target,960,17.944620157672215,17.944620157672215,0.0
1,C,C,48,48,,70,True,1,target,960,85.70777493093958,85.70777493093958,0.0
1,C,C,49,49,,71,True,1,target,960,6.407899990542406,6.407899990542406,0.0
1,C,C,50,50,,72,True,1,target,960,69.45217708559849,69.45217708559849,0.0
1,C,C,51,51,,73,True,1,target,960,13.653186266911412,13.653186266911412,0.0
1,C,C,52,52,,74,True,1,target,960,0.11161031500653336,0.11161031500653336,0.0
1,C,C,53,53,,75,True,1,target,960,94.94337403609143,94.94337403609143,0.0
1,C,C,54,54,,76,True,1,target,960,53.65992095976289,53.65992095976289,0.0
1,C,C,55,55,,77,True,1,target,960,0.3348309450196001,0.3348309450196001,0.0
1,C,C,56,56,,78,True,1,target,960,71.49690491713537,64.13062412670416,7.366280790431205
1,C,C,57,57,,79,True,1,target,960,34.966125201989115,22.13093897623778,12.835186225751336
1,C,C,58,58,,80,True,1,target,960,1.0895985800445478,1.0895985800445478,0.0
1,C,C,59,59,,81,True,1,target,960,46.43749631493345,46.43749631493345,0.0
1,C,C,60,60,,82,True,1,target,960,0.0,0.0,0.0
1,C,C,61,61,,83,True,1,target,960,5.255004863512718,5.255004863512718,0.0
1,C,C,62,62,,84,True,1,target,960,2.627502431756359,2.627502431756359,0.0
1,C,C,63,63,,85,True,1,target,960,0.0,0.0,0.0
1,C,C,64,64,,86,True,1,target,960,5.031784233499652,5.031784233499652,0.0
1,C,C,65,65,,87,True,1,target,960,0.12579460583749127,0.12579460583749127,0.0
1,C,C,66,66,,88,True,1,target,960,62.70562256997768,62.70562256997768,0.0
1,C,C,67,67,,89,True,1,target,960,2.9953122456570176,2.9953122456570176,0.0
1,C,C,68,68,,90,True,1,target,960,53.66727621356311,53.66727621356311,0.0
1,C,C,69,69,,91,True,1,target,960,6.1762559652269005,6.1762559652269005,0.0
1,C,C,70,70,,92,True,1,target,960,78.74182336536452,78.74182336536452,0.0
1,C,C,71,71,,93,True,1,target,960,101.77959615103038,101.77959615103038,0.0
1,C,C,72,72,,94,True,1,target,960,4.0826056820919945,4.0826056820919945,0.0
1,C,C,73,73,,95,True,1,target,960,23.186896334950134,23.186896334950134,0.0
1,C,C,74,74,,96,True,1,target,960,1.3837406642124042,1.3837406642124042,0.0
1,C,C,75,75,,97,True,1,target,960,47.81901822933425,47.81901822933425,0.0
1,C,C,76,76,,98,True,1,target,960,137.8104843341405,137.8104843341405,0.0
1,C,C,77,77,,99,True,1,target,960,1.6353298758873867,1.6353298758873867,0.0
1,C,C,78,78,,100,True,1,target,960,45.02373511492212,45.02373511492212,0.0
1,C,C,79,79,,101,True,1,target,960,0.3631995266815159,0.3631995266815159,0.0
1,C,C,80,80,,102,True,1,target,960,1.6353298758873867,1.6353298758873867,0.0
1,C,C,81,81,,103,True,1,target,960,19.484240104371047,19.484240104371047,0.0
1,C,C,82,82,,104,True,1,target,960,3.459919765202534,3.459919765202534,0.0
1,C,C,83,83,,105,True,1,target,960,83.6852791034146,83.6852791034146,0.0
1,C,C,84,84,,106,True,1,target,960,69.05959450462734,69.05959450462734,0.0
1,C,C,85,85,,107,True,1,target,960,46.967455506658325,46.967455506658325,0.0
1,C,C,86,86,,108,True,1,target,960,10.315157678674286,10.315157678674286,0.0
1,C,C,87,87,,109,True,1,target,960,119.1827156909666,119.1827156909666,0.0
1,C,C,88,88,,110,True,1,target,960,129.57989511783833,129.57989511783833,0.0
1,C,C,89,89,,111,True,1,target,960,61.41278650719077,61.41278650719077,0.0
1,C,C,90,90,,112,True,1,target,960,18.671019211035247,18.671019211035247,0.0
1,C,C,91,91,,113,True,1,target,960,0.0,0.0,0.0
1,C,C,92,92,,114,True,1,target,960,3.522248963449756,3.522248963449756,0.0
1,C,C,93,93,,115,True,1,target,960,0.1139154586161049,0.1139154586161049,0.0
1,C,C,94,94,,116,True,1,target,960,0.0,0.0,0.0
1,C,C,95,95,,117,True,1,target,960,11.181535628705765,11.181535628705765,0.0
1,C,C,96,96,,118,True,1,target,960,44.83784184162145,44.83784184162145,0.0
1,C,C,97,97,,119,True,1,target,960,0.23740492084402465,0.23740492084402465,0.0
1,C,C,98,98,,120,True,1,target,960,19.479424304632484,19.479424304632484,0.0
1,C,C,99,99,,121,True,1,target,960,87.07224454221608,87.07224454221608,0.0
1,C,C,100,100,,122,True,1,target,960,91.99685465133545,91.99685465133545,0.0
1,C,C,101,101,,123,True,1,target,960,223.05574483164003,223.05574483164003,0.0
1,C,C,111,111,,133,True,1,target,960,142.94945709098675,142.94945709098675,0.0
1,C,C,112,112,,134,True,1,target,960,67.92349511732189,67.92349511732189,0.0
1,C,C,113,113,,135,True,1,target,960,7.6014774334391415,7.6014774334391415,0.0
1,C,C,114,114,,136,True,1,target,960,0.5580515750326668,0.5580515750326668,0.0
1,C,C,115,115,,137,True,1,target,960,3.7738381751247383,3.7738381751247383,0.0
1,C,C,116,116,,138,True,1,target,960,94.06314558944844,94.06314558944844,0.0
1,C,C,117,117,,139,True,1,target,960,26.256538662791087,26.256538662791087,0.0
1,C,C,118,118,,140,True,1,target,960,8.355981960079351,8.355981960079351,0.0
1,C,C,119,119,,141,True,1,target,960,21.852885773447127,21.852885773447127,0.0
1,C,C,120,120,,142,True,1,target,960,3.019070540099791,3.019070540099791,0.0
1,C,C,121,121,,143,True,1,target,960,80.40266166460212,80.40266166460212,0.0
1,C,C,122,122,,144,True,1,target,960,20.160778155330792,20.160778155330792,0.0
1,C,C,123,123,,145,True,1,target,960,5.261733107779156,5.261733107779156,0.0
1,C,C,124,124,,146,True,1,target,960,3.530841219357324,3.530841219357324,0.0
1,C,C,125,125,,147,True,1,target,960,1.1161031500653336,1.1161031500653336,0.0
1,C,C,126,126,,148,True,1,target,960,0.12579460583749127,0.12579460583749127,0.0
1,C,C,127,127,,149,True,1,target,960,25.261211424299137,25.261211424299137,0.0
1,C,C,128,128,,150,True,1,target,960,123.08154605680522,123.08154605680522,0.0
1,C,C,129,129,,151,True,1,target,960,11.1643367179243,11.1643367179243,0.0
1,C,C,130,130,,152,True,1,target,960,0.4556618344644196,0.4556618344644196,0.0
1,C,C,131,131,,153,True,1,target,960,0.0,0.0,0.0
1,C,C,132,132,,154,True,1,target,960,15.598531123848918,15.598531123848918,0.0
1,C,C,133,133,,155,True,1,target,960,0.0,0.0,0.0
1,C,C,134,134,,156,True,1,target,960,34.31446332885805,34.31446332885805,0.0
1,C,C,135,135,,157,True,1,target,960,138.7254522505475,138.7254522505475,0.0
1,C,C,136,136,,158,True,1,target,960,2.4661580870496214,2.4661580870496214,0.0
1,C,C,137,137,,159,True,1,target,960,39.36183247991338,39.36183247991338,0.0
1,C,C,138,138,,160,True,1,target,960,15.597622679973256,15.597622679973256,0.0
1,C,C,139,139,,161,True,1,target,960,0.0,0.0,0.0
1,C,C,140,140,,162,True,1,target,960,1.8536024974710497,1.8536024974710497,0.0
1,C,C,141,141,,163,True,1,target,960,20.070376208729872,20.070376208729872,0.0
1,C,C,142,142,,164,True,1,target,960,1.120272305316035,1.120272305316035,0.0
1,C,C,143,143,,165,True,1,target,960,94.1617366208997,94.1617366208997,0.0
1,C,C,144,144,,166,True,1,target,960,20.18914673699271,20.18914673699271,0.0
1,C,C,145,145,,167,True,1,target,960,13.14351260075015,13.14351260075015,0.0
1,C,C,146,146,,168,True,1,target,960,38.241560174597346,38.241560174597346,0.0
1,C,C,147,147,,169,True,1,target,960,19.758883370135628,19.758883370135628,0.0
1,C,C,148,148,,170,True,1,target,960,120.46937721519225,120.46937721519225,0.0
1,C,C,149,149,,171,True,1,target,960,0.5580515750326668,0.5580515750326668,0.0
1,C,C,150,150,,172,True,1,target,960,1.8869190875623691,1.8869190875623691,0.0
1,C,C,151,151,,173,True,1,target,960,6.541319503549547,6.541319503549547,0.0
1,C,C,152,152,,174,True,1,target,960,32.59631452563734,32.59631452563734,0.0
1,C,C,153,153,,175,True,1,target,960,135.34359713579585,135.34359713579585,0.0
1,C,C,154,154,,176,True,1,target,960,131.08446536249863,131.08446536249863,0.0
1,C,C,155,155,,177,True,1,target,960,14.5574858582656,14.5574858582656,0.0
1,C,C,156,156,,178,True,1,target,960,67.90979515535837,67.90979515535837,0.0
1,C,C,157,157,,179,True,1,target,960,182.0486628970355,182.0486628970355,0.0
1,C,C,158,158,,180,True,1,target,960,21.83574838552179,21.83574838552179,0.0
1,C,C,159,159,,181,True,1,target,960,81.60231285329579,81.60231285329579,0.0
1,C,C,160,160,,182,True,1,target,960,57.763855437978876,57.763855437978876,0.0
1,C,C,161,161,,183,True,1,target,960,78.11845022508209,78.11845022508209,0.0
1,C,C,162,162,,184,True,1,target,960,46.76112355515218,46.76112355515218,0.0
1,C,C,163,163,,185,True,1,target,960,45.123391669881734,45.123391669881734,0.0
1,C,C,164,164,,186,True,1,target,960,58.707134340182485,58.707134340182485,0.0
1,C,C,165,165,,187,True,1,target,960,110.06731261174417,62.81076120411781,47.25655140762636
1,C,C,166,166,,188,True,1,target,960,54.98639431689118,39.8704065886459,15.11598772824528
1,C,C,167,167,,189,True,1,target,960,95.86834792510011,71.97591271200677,23.892435213093336
1,C,C,168,168,,190,True,1,target,960,57.28182909616615,57.28182909616615,0.0
1,C,C,169,169,,191,True,1,target,960,90.73936543289227,90.73936543289227,0.0
1,C,C,170,170,,192,True,1,target,960,50.60702855675333,50.60702855675333,0.0
1,C,C,171,171,,193,True,1,target,960,140.8875434386378,140.8875434386378,0.0
1,C,C,172,172,,194,True,1,target,960,108.67569702194676,108.67569702194676,0.0
1,C,C,173,173,,195,True,1,target,960,23.500509748585557,23.500509748585557,0.0
1,C,C,174,174,,196,True,1,target,960,19.944219010740277,19.944219010740277,0.0
1,C,C,175,175,,197,True,1,target,960,134.63986990941623,134.63986990941623,0.0
1,C,C,176,176,,198,True,1,target,960,142.4814514153876,142.4814514153876,0.0
1,C,C,177,177,,199,True,1,target,960,7.453695606017338,7.453695606017338,0.0
1,C,C,178,178,,200,True,1,target,960,209.40015001036085,209.40015001036085,0.0
1,C,C,179,179,,201,True,1,target,960,31.838341157108793,31.838341157108793,0.0
1,C,C,180,180,,202,True,1,target,960,75.55586487852135,75.55586487852135,0.0
1,C,C,181,181,,203,True,1,target,960,83.0007522441362,83.0007522441362,0.0
1,C,C,182,182,,204,True,1,target,960,0.6696618900392002,0.6696618900392002,0.0
1,C,C,183,183,,205,True,1,target,960,4.697128694069876,4.697128694069876,0.0
1,C,C,184,184,,206,True,1,target,960,0.22322063001306672,0.22322063001306672,0.0
1,C,C,185,185,,207,True,1,target,960,126.05951016602972,126.05951016602972,0.0
1,C,C,186,186,,208,True,1,target,960,43.66759334217149,43.66759334217149,0.0
1,C,C,187,187,,209,True,1,target,960,62.142069280810404,62.142069280810404,0.0
1,C,C,188,188,,210,True,1,target,960,121.84182254481806,121.84182254481806,0.0
1,C,C,189,189,,211,True,1,target,960,2.6786475601568007,2.6786475601568007,0.0
1,C,C,190,190,,212,True,1,target,960,32.16364391340944,32.16364391340944,0.0
1,C,C,191,191,,213,True,1,target,960,20.810409774209482,20.810409774209482,0.0
1,C,C,192,192,,214,True,1,target,960,62.090176715157796,62.090176715157796,0.0
1,C,C,193,193,,215,True,1,target,960,47.71291486445007,47.71291486445007,0.0
1,C,C,194,194,,216,True,1,target,960,8.147552995476936,8.147552995476936,0.0
1,C,C,195,195,,217,True,1,target,960,45.95604069578612,45.95604069578612,0.0
1,C,C,196,196,,218,True,1,target,960,67.60107346328397,67.60107346328397,0.0
1,C,C,197,197,,219,True,1,target,960,61.51656247551741,61.51656247551741,0.0
1,C,C,198,198,,220,True,1,target,960,29.583207775591614,29.583207775591614,0.0
1,C,C,199,199,,221,True,1,target,960,29.28148790814391,29.28148790814391,0.0
1,C,C,200,200,,222,True,1,target,960,74.23880451838139,74.23880451838139,0.0
1,C,C,201,201,,223,True,1,target,960,98.11552391422512,98.11552391422512,0.0
1,C,C,202,202,,224,True,1,target,960,28.84676347971873,28.84676347971873,0.0
1,C,C,203,203,,225,True,1,target,960,49.0594499086654,49.0594499086654,0.0
1,C,C,204,204,,226,True,1,target,960,7.0536281805490075,7.0536281805490075,0.0
1,C,C,205,205,,227,True,1,target,960,3.794750710222134,3.794750710222134,0.0
1,C,C,206,206,,228,True,1,target,960,102.71746235089124,102.71746235089124,0.0
1,C,C,207,207,,229,True,1,target,960,10.027931025335143,10.027931025335143,0.0
1,C,C,208,208,,230,True,1,target,960,96.8036537269483,96.8036537269483,0.0
1,C,C,209,209,,231,True,1,target,960,96.6102572831933,96.6102572831933,0.0
1,C,C,210,210,,232,True,1,target,960,92.19553420673626,92.19553420673626,0.0
1,C,C,211,211,,233,True,1,target,960,94.30867414529587,94.30867414529587,0.0
1,C,C,212,212,,234,True,1,target,960,22.685262527988186,22.685262527988186,0.0
1,C,C,213,213,,235,True,1,target,960,22.277091102470536,22.277091102470536,0.0
1,C,C,214,214,,236,True,1,target,960,16.24023283927117,16.24023283927117,0.0
1,C,C,215,215,,237,True,1,target,960,60.55958492034722,60.55958492034722,0.0
1,C,C,216,216,,238,True,1,target,960,138.0105016844129,138.0105016844129,0.0
1,C,C,217,217,,239,True,1,target,960,21.054829609649584,21.054829609649584,0.0
1,C,C,218,218,,240,True,1,target,960,7.589501420444268,7.589501420444268,0.0
1,C,C,219,219,,241,True,1,target,960,0.37738381751247385,0.37738381751247385,0.0
1,C,C,220,220,,242,True,1,target,960,0.11161031500653336,0.11161031500653336,0.0
1,C,C,221,221,,243,True,1,target,960,1.1321514525374214,1.1321514525374214,0.0
1,C,C,222,222,,244,True,1,target,960,8.373078769099575,8.373078769099575,0.0
1,C,C,223,223,,245,True,1,target,960,94.09931841086063,94.09931841086063,0.0
1,C,C,224,224,,246,True,1,target,960,4.528605810149686,4.528605810149686,0.0
1,C,C,225,225,,247,True,1,target,960,84.66017813567659,84.66017813567659,0.0
1,C,C,226,226,,248,True,1,target,960,119.36860896426725,119.36860896426725,0.0
1,C,C,227,227,,249,True,1,target,960,72.45006151024063,72.45006151024063,0.0
1,C,C,228,228,,250,True,1,target,960,60.11386229964059,60.11386229964059,0.0
1,C,C,229,229,,251,True,1,target,960,35.18934583200218,35.18934583200218,0.0
1,C,C,230,230,,252,True,1,target,960,29.85633784089471,17.422734859067063,12.433602981827647
1,C,C,231,231,,253,True,1,target,960,59.26198803569319,52.88601578948983,6.375972246203361
1,C,C,232,232,,254,True,1,target,960,5.157578839337142,0.12579460583749127,5.031784233499651
1,C,C,233,233,,255,True,1,target,960,9.533293807012127,2.127610899720212,7.405682907291915
1,C,C,234,234,,256,True,1,target,960,38.28755440004284,38.28755440004284,0.0
1,C,C,235,235,,257,True,1,target,960,64.7769374383425,64.7769374383425,0.0
1,C,C,236,236,,258,True,1,target,960,45.52576816595045,45.52576816595045,0.0
1,C,C,237,237,,259,True,1,target,960,57.687311841971116,12.597005069722488,45.090306772248624
1,C,C,238,238,,260,True,1,target,960,35.6706967313944,35.6706967313944,0.0
1,C,C,239,239,,261,True,1,target,960,102.50948891722359,97.98088310707391,4.528605810149685
1,C,C,240,240,,262,True,1,target,960,47.043506919817034,21.902854113599407,25.140652806217627
1,C,C,241,241,,263,True,1,target,960,55.601215780171145,55.601215780171145,0.0
1,C,C,242,242,,264,True,1,target,960,9.135060286255328,3.9074501106819124,5.227610175573416
1,C,C,243,243,,265,True,1,target,960,60.87222574925696,60.87222574925696,0.0
1,C,C,244,244,,266,True,1,target,960,100.2796519015525,100.2796519015525,0.0
1,C,C,245,245,,267,True,1,target,960,123.39411358188637,123.39411358188637,0.0
1,C,C,246,246,,268,True,1,target,960,13.519394998773596,13.519394998773596,0.0
1,C,C,247,247,,269,True,1,target,960,24.84146192085607,24.84146192085607,0.0
1,C,C,248,248,,270,True,1,target,960,56.31972419998591,56.31972419998591,0.0
1,C,C,249,249,,271,True,1,target,960,49.830686034179855,49.830686034179855,0.0
1,C,C,250,250,,272,True,1,target,960,40.417370959605265,40.417370959605265,0.0
1,C,C,251,251,,273,True,1,target,960,68.15830822422672,68.15830822422672,0.0
1,C,C,252,252,,274,True,1,target,960,124.3036439250088,124.3036439250088,0.0
1,C,C,253,253,,275,True,1,target,960,40.40269579492218,40.40269579492218,0.0
1,C,C,254,254,,276,True,1,target,960,121.5467942697225,121.5467942697225,0.0
1,C,C,255,255,,277,True,1,target,960,139.92127069620375,139.92127069620375,0.0
1,C,C,256,256,,278,True,1,target,960,90.88580422945466,90.88580422945466,0.0
1,C,C,257,257,,279,True,1,target,960,128.29113003553172,128.29113003553172,0.0
1,C,C,258,258,,280,True,1,target,960,103.69262187354408,103.69262187354408,0.0
1,C,C,259,259,,281,True,1,target,960,83.21162379702676,83.21162379702676,0.0
1,C,C,260,260,,282,True,1,target,960,79.87721851231677,79.87721851231677,0.0
1,C,C,261,261,,283,True,1,target,960,108.80086330925353,108.80086330925353,0.0
1,C,C,262,262,,284,True,1,target,960,40.2826751745826,40.2826751745826,0.0
1,C,C,263,263,,285,True,1,target,960,118.58232330094516,118.58232330094516,0.0
1,C,C,264,264,,286,True,1,target,960,124.60816766389982,124.60816766389982,0.0
1,C,C,265,265,,287,True,1,target,960,7.701111735450802,7.701111735450802,0.0
1,C,C,266,266,,288,True,1,target,960,56.98821846475553,56.98821846475553,0.0
1,C,C,267,267,,289,True,1,target,960,33.45918174587843,33.45918174587843,0.0
1,C,C,268,268,,290,True,1,target,960,34.9354842016411,34.9354842016411,0.0
1,C,C,269,269,,291,True,1,target,960,21.49669330738005,21.49669330738005,0.0
1,C,C,270,270,,292,True,1,target,960,25.08239066145987,25.08239066145987,0.0
1,C,C,271,271,,293,True,1,target,960,19.608258401362328,19.608258401362328,0.0
1,C,C,272,272,,294,True,1,target,960,42.098729094858555,41.76389814983895,0.3348309450196041
1,C,C,273,273,,295,True,1,target,960,18.86214323610414,18.86214323610414,0.0
1,C,C,274,274,,296,True,1,target,960,33.209775941097696,33.209775941097696,0.0
1,C,C,275,275,,297,True,1,target,960,102.87693221198133,102.87693221198133,0.0
1,C,C,276,276,,298,True,1,target,960,63.36632175797557,63.36632175797557,0.0
1,C,C,277,277,,299,True,1,target,960,25.92879855419003,25.92879855419003,0.0
1,C,C,278,278,,300,True,1,target,960,36.91269266206764,36.91269266206764,0.0
1,C,C,279,279,,301,True,1,target,960,127.30406780371258,127.30406780371258,0.0
1,C,C,280,280,,302,True,1,target,960,19.006850229716242,19.006850229716242,0.0
1,C,C,281,281,,303,True,1,target,960,45.57315254614516,45.57315254614516,0.0
1,C,C,282,282,,304,True,1,target,960,0.37738381751247385,0.37738381751247385,0.0
1,C,C,283,283,,305,True,1,target,960,17.10661078930265,17.10661078930265,0.0
1,C,C,284,284,,306,True,1,target,960,4.83134015022511,4.83134015022511,0.0
1,C,C,285,285,,307,True,1,target,960,100.7486092179263,100.7486092179263,0.0
1,C,C,286,286,,308,True,1,target,960,123.19966339559551,123.19966339559551,0.0
1,C,C,287,287,,309,True,1,target,960,5.277781410251244,5.277781410251244,0.0
1,C,C,288,288,,310,True,1,target,960,20.82443960340164,20.82443960340164,0.0
1,C,C,289,289,,311,True,1,target,960,12.94679654075787,12.94679654075787,0.0
1,C,C,290,290,,312,True,1,target,960,44.111353776466565,44.111353776466565,0.0
1,C,C,291,291,,313,True,1,target,960,56.496567068450354,56.496567068450354,0.0
1,C,C,292,292,,314,True,1,target,960,77.84210919028763,77.84210919028763,0.0
1,C,C,293,293,,315,True,1,target,960,29.18350556026926,29.18350556026926,0.0
1,C,C,294,294,,316,True,1,target,960,53.765882952977655,53.765882952977655,0.0
1,C,C,295,295,,317,True,1,target,960,141.56394797190976,141.56394797190976,0.0
1,C,C,296,296,,318,True,1,target,960,127.94515559957047,127.94515559957047,0.0
1,C,C,297,297,,319,True,1,target,960,29.26780627213753,29.26780627213753,0.0
1,C,C,298,298,,320,True,1,target,960,66.99072353354762,66.99072353354762,0.0
1,C,C,299,299,,321,True,1,target,960,36.71085711504695,36.71085711504695,0.0
1,C,C,300,300,,322,True,1,target,960,39.499506232972266,39.499506232972266,0.0
1,C,C,301,301,,323,True,1,target,960,103.03221066487276,103.03221066487276,0.0
1,C,C,302,302,,324,True,1,target,960,91.11348068504807,91.11348068504807,0.0
1,C,C,306,306,,328,True,1,target,960,136.37811181565053,136.37811181565053,0.0
1,C,C,307,307,,329,True,1,target,960,29.46145273430787,29.46145273430787,0.0
1,C,C,308,308,,330,True,1,target,960,109.84775062817562,109.84775062817562,0.0
1,C,C,309,309,,331,True,1,target,960,1.7857650401045337,1.7857650401045337,0.0
1,C,C,310,310,,332,True,1,target,960,74.65943628576133,74.65943628576133,0.0
1,C,C,311,311,,333,True,1,target,960,146.1289635319176,146.1289635319176,0.0
1,C,C,312,312,,334,True,1,target,960,24.42735419422007,24.42735419422007,0.0
1,C,C,313,313,,335,True,1,target,960,122.50124546080043,122.50124546080043,0.0
1,C,C,314,314,,336,True,1,target,960,166.53625722678785,166.53625722678785,0.0
1,C,C,315,315,,337,True,1,target,960,118.24193304592566,118.24193304592566,0.0
1,C,C,316,316,,338,True,1,target,960,60.36433493692662,60.36433493692662,0.0
1,C,C,317,317,,339,True,1,target,960,68.29145939286136,68.29145939286136,0.0
1,C,C,318,318,,340,True,1,target,960,236.98090270156354,236.98090270156354,0.0
1,C,C,319,319,,341,True,1,target,960,68.15580149508853,68.15580149508853,0.0
1,C,C,320,320,,342,True,1,target,960,17.292045913674666,17.292045913674666,0.0
1,C,C,321,321,,343,True,1,target,960,71.31727781218167,71.31727781218167,0.0
1,C,C,322,322,,344,True,1,target,960,0.0,0.0,0.0
1,C,C,323,323,,345,True,1,target,960,5.685397821066763,5.685397821066763,0.0
1,C,C,324,324,,346,True,1,target,960,40.27744704080825,40.27744704080825,0.0
1,C,C,325,325,,347,True,1,target,960,31.695920981149115,31.695920981149115,0.0
1,C,C,326,326,,348,True,1,target,960,95.81096149929454,95.81096149929454,0.0
1,C,C,327,327,,349,True,1,target,960,125.01859318214642,125.01859318214642,0.0
1,C,C,328,328,,350,True,1,target,960,5.786551868524598,5.786551868524598,0.0
1,C,C,329,329,,351,True,1,target,960,171.1789041592598,171.1789041592598,0.0
1,C,C,330,330,,352,True,1,target,960,179.03999495560993,179.03999495560993,0.0
1,C,C,331,331,,353,True,1,target,960,49.71278206189063,49.71278206189063,0.0
1,C,C,332,332,,354,True,1,target,960,159.33225409588087,159.33225409588087,0.0
1,C,C,333,333,,355,True,1,target,960,2.5635841112251967,2.5635841112251967,0.0
1,C,C,334,334,,356,True,1,target,960,0.0,0.0,0.0
1,C,C,335,335,,357,True,1,target,960,24.811042140990743,24.811042140990743,0.0
1,C,C,336,336,,358,True,1,target,960,38.912921142663365,38.912921142663365,0.0
1,C,C,337,337,,359,True,1,target,960,82.29699360183001,82.29699360183001,0.0
1,C,C,338,338,,360,True,1,target,960,11.064427526555452,11.064427526555452,0.0
1,C,C,339,339,,361,True,1,target,960,0.0,0.0,0.0
1,C,C,340,340,,362,True,1,target,960,112.82597784578485,112.82597784578485,0.0
1,C,C,341,341,,363,True,1,target,960,80.52981239126841,80.52981239126841,0.0
1,C,C,342,342,,364,True,1,target,960,1.8141336217664494,1.8141336217664494,0.0
1,C,C,343,343,,365,True,1,target,960,62.86488691854834,62.86488691854834,0.0
1,C,C,344,344,,366,True,1,target,960,58.62837853934781,58.62837853934781,0.0
1,C,C,345,345,,367,True,1,target,960,20.83800081168964,20.83800081168964,0.0
1,C,C,346,346,,368,True,1,target,960,130.13339792850803,130.13339792850803,0.0
1,C,C,347,347,,369,True,1,target,960,56.19763798247659,56.19763798247659,0.0
1,C,C,348,348,,370,True,1,target,960,0.880562240862439,0.880562240862439,0.0
1,C,C,349,349,,371,True,1,target,960,32.958186729422714,32.958186729422714,0.0
1,C,C,350,350,,372,True,1,target,960,0.0,0.0,0.0
1,C,C,351,351,,373,True,1,target,960,0.11161031500653336,0.11161031500653336,0.0
1,C,C,352,352,,374,True,1,target,960,0.0,0.0,0.0
1,C,C,353,353,,375,True,1,target,960,3.2706597517747733,3.2706597517747733,0.0
1,C,C,354,354,,376,True,1,target,960,0.0,0.0,0.0
1,C,C,355,355,,377,True,1,target,960,21.76246680988599,21.76246680988599,0.0
1,C,C,356,356,,378,True,1,target,960,68.97613285979696,68.97613285979696,0.0
1,C,C,357,357,,379,True,1,target,960,58.8498045345575,58.8498045345575,0.0
1,C,C,358,358,,380,True,1,target,960,0.5580515750326668,0.5580515750326668,0.0
1,C,C,359,359,,381,True,1,target,960,19.742297069921612,19.742297069921612,0.0
1,C,C,360,360,,382,True,1,target,960,169.7627946187399,169.7627946187399,0.0
1,C,C,365,365,,387,True,1,target,960,112.32182160172145,112.32182160172145,0.0
1,C,C,366,366,,388,True,1,target,960,167.81452938963147,167.81452938963147,0.0
1,C,C,367,367,,389,True,1,target,960,72.04084550516565,72.04084550516565,0.0
1,C,C,368,368,,390,True,1,target,960,59.32309986678714,59.32309986678714,0.0
1,C,C,369,369,,391,True,1,target,960,56.45827367199698,56.45827367199698,0.0
1,C,C,370,370,,392,True,1,target,960,5.692126065333201,5.692126065333201,0.0
1,C,C,371,371,,393,True,1,target,960,95.90691751990762,95.90691751990762,0.0
1,C,C,372,372,,394,True,1,target,960,31.974606429461307,31.974606429461307,0.0
1,C,C,373,373,,395,True,1,target,960,119.0855580111635,119.0855580111635,0.0
1,C,C,374,374,,396,True,1,target,960,49.51403182065515,49.51403182065515,0.0
1,C,C,375,375,,397,True,1,target,960,0.0,0.0,0.0
1,C,C,376,376,,398,True,1,target,960,112.45814708793316,112.45814708793316,0.0
1,C,C,377,377,,399,True,1,target,960,21.74100187808034,21.74100187808034,0.0
1,C,C,378,378,,400,True,1,target,960,2.124324008406394,2.124324008406394,0.0
1,C,C,379,379,,401,True,1,target,960,118.92276984283305,118.92276984283305,0.0
1,C,C,380,380,,402,True,1,target,960,50.900534468408836,50.900534468408836,0.0
1,C,C,381,381,,403,True,1,target,960,0.9944776994785438,0.9944776994785438,0.0
1,C,C,382,382,,404,True,1,target,960,66.89226732878105,66.89226732878105,0.0
1,C,C,383,383,,405,True,1,target,960,24.441522777087755,24.441522777087755,0.0
1,C,C,384,384,,406,True,1,target,960,0.0,0.0,0.0
1,C,C,385,385,,407,True,1,target,960,6.138567325359335,6.138567325359335,0.0
1,C,C,386,386,,408,True,1,target,960,0.0,0.0,0.0
1,C,C,387,387,,409,True,1,target,960,30.549857509144044,30.549857509144044,0.0
1,C,C,388,388,,410,True,1,target,960,0.22322063001306672,0.22322063001306672,0.0
1,C,C,389,389,,411,True,1,target,960,30.810038976726595,30.810038976726595,0.0
1,C,C,390,390,,412,True,1,target,960,0.0,0.0,0.0
1,C,C,391,391,,413,True,1,target,960,23.658386560400892,23.658386560400892,0.0
1,C,C,392,392,,414,True,1,target,960,15.598531123848918,15.598531123848918,0.0
1,C,C,393,393,,415,True,1,target,960,13.250609494311027,13.250609494311027,0.0
1,C,C,394,394,,416,True,1,target,960,15.430183645518554,15.430183645518554,0.0
1,C,C,395,395,,417,True,1,target,960,141.36301432378002,141.36301432378002,0.0
1,C,C,396,396,,418,True,1,target,960,91.2791787535739,91.2791787535739,0.0
1,C,C,397,397,,419,True,1,target,960,38.86866919214367,38.86866919214367,0.0
1,C,C,398,398,,420,True,1,target,960,51.701582999208924,51.701582999208924,0.0
1,C,C,399,399,,421,True,1,target,960,15.862849021758695,15.862849021758695,0.0
1,C,C,400,400,,422,True,1,target,960,0.0,0.0,0.0
1,C,C,401,401,,423,True,1,target,960,40.62678298090886,40.62678298090886,0.0
1,C,C,402,402,,424,True,1,target,960,21.45458156685562,21.45458156685562,0.0
1,C,C,403,403,,425,True,1,target,960,0.0,0.0,0.0
1,C,C,404,404,,426,True,1,target,960,51.51152842463919,51.51152842463919,0.0
1,C,C,405,405,,427,True,1,target,960,61.02220276454547,61.02220276454547,0.0
1,C,C,406,406,,428,True,1,target,960,0.0,0.0,0.0
1,C,C,407,407,,429,True,1,target,960,68.09319348049331,68.09319348049331,0.0
1,C,C,408,408,,430,True,1,target,960,5.660757262687107,5.660757262687107,0.0
1,C,C,409,409,,431,True,1,target,960,0.11161031500653336,0.11161031500653336,0.0
1,C,C,410,410,,432,True,1,target,960,28.063716274823726,28.063716274823726,0.0
1,C,C,411,411,,433,True,1,target,960,4.352802285254801,4.352802285254801,0.0
1,C,C,412,412,,434,True,1,target,960,23.8258491568005,23.8258491568005,0.0
1,C,C,413,413,,435,True,1,target,960,50.317842334996506,50.317842334996506,0.0
1,C,C,414,414,,436,True,1,target,960,33.4212692675343,33.4212692675343,0.0
1,C,C,415,415,,437,True,1,target,960,41.25388938046132,41.25388938046132,0.0
1,C,C,416,416,,438,True,1,target,960,27.37871294065949,27.37871294065949,0.0
1,C,C,417,417,,439,True,1,target,960,11.76201032130343,11.76201032130343,0.0
1,C,C,418,418,,440,True,1,target,960,4.967591023611299,4.967591023611299,0.0
1,C,C,419,419,,441,True,1,target,960,15.97705115070444,15.97705115070444,0.0
1,C,C,420,420,,442,True,1,target,960,0.22322063001306672,0.22322063001306672,0.0
1,C,C,421,421,,443,True,1,target,960,0.0,0.0,0.0
1,C,C,422,422,,444,True,1,target,960,1.0063568466999302,1.0063568466999302,0.0
1,C,C,423,423,,445,True,1,target,960,0.0,0.0,0.0
1,C,C,424,424,,446,True,1,target,960,31.491057724208524,31.491057724208524,0.0
1,C,C,425,425,,447,True,1,target,960,51.070768211328286,51.070768211328286,0.0
1,C,C,426,426,,448,True,1,target,960,5.94203845192933,5.94203845192933,0.0
1,C,C,427,427,,449,True,1,target,960,28.669705935756284,28.669705935756284,0.0
1,C,C,428,428,,450,True,1,target,960,0.11161031500653336,0.11161031500653336,0.0
1,C,C,429,429,,451,True,1,target,960,40.042326319622774,40.042326319622774,0.0
1,C,C,430,430,,452,True,1,target,960,61.02926611202828,61.02926611202828,0.0
1,C,C,431,431,,453,True,1,target,960,0.0,0.0,0.0
1,C,C,432,432,,454,True,1,target,960,0.3348309450196001,0.3348309450196001,0.0
1,C,C,433,433,,455,True,1,target,960,0.12579460583749127,0.12579460583749127,0.0
1,C,C,434,434,,456,True,1,target,960,46.71983779169626,46.71983779169626,0.0
1,C,C,435,435,,457,True,1,target,960,37.010935500333154,37.010935500333154,0.0
1,C,C,436,436,,458,True,1,target,960,6.375972246203359,6.375972246203359,0.0
1,C,C,437,437,,459,True,1,target,960,114.6041873555575,114.6041873555575,0.0
1,C,C,438,438,,460,True,1,target,960,6.822413506229493,6.822413506229493,0.0
1,C,C,439,439,,461,True,1,target,960,0.0,0.0,0.0
1,C,C,440,440,,462,True,1,target,960,1.3393237800784004,1.3393237800784004,0.0
1,C,C,441,441,,463,True,1,target,960,21.984231835302893,21.984231835302893,0.0
1,C,C,442,442,,464,True,1,target,960,10.281469333452291,10.281469333452291,0.0
1,C,C,443,443,,465,True,1,target,960,5.4091680510121245,5.4091680510121245,0.0
1,C,C,444,444,,466,True,1,target,960,0.0,0.0,0.0
1,C,C,445,445,,467,True,1,target,960,11.824692948724179,11.824692948724179,0.0
1,C,C,446,446,,468,True,1,target,960,0.0,0.0,0.0
1,C,C,447,447,,469,True,1,target,960,5.119192504101093,5.119192504101093,0.0
1,C,C,448,448,,470,True,1,target,960,87.62163448450343,87.62163448450343,0.0
1,C,C,449,449,,471,True,1,target,960,0.37738381751247385,0.37738381751247385,0.0
1,C,C,450,450,,472,True,1,target,960,94.47252129214995,94.47252129214995,0.0
1,C,C,451,451,,473,True,1,target,960,96.44650438411882,96.44650438411882,0.0
1,C,C,452,452,,474,True,1,target,960,2.0089856701176005,2.0089856701176005,0.0
1,C,C,453,453,,475,True,1,target,960,3.153111826652955,3.153111826652955,0.0
1,C,C,454,454,,476,True,1,target,960,9.57377453735057,9.57377453735057,0.0
1,C,C,455,455,,477,True,1,target,960,3.619409261246715,3.619409261246715,0.0
1,C,C,456,456,,478,True,1,target,960,114.98193245622514,114.98193245622514,0.0
1,C,C,457,457,,479,True,1,target,960,22.772232284615065,22.772232284615065,0.0
1,C,C,458,458,,480,True,1,target,960,8.413326497982876,8.413326497982876,0.0
1,C,C,459,459,,481,True,1,target,960,11.573103737049196,11.573103737049196,0.0
1,C,C,460,460,,482,True,1,target,960,19.97971115374421,19.97971115374421,0.0
1,C,C,461,461,,483,True,1,target,960,138.18126426209574,138.18126426209574,0.0
1,C,C,462,462,,484,True,1,target,960,99.35948857629464,99.35948857629464,0.0
1,C,C,463,463,,485,True,1,target,960,8.176649379436933,8.176649379436933,0.0
1,C,C,464,464,,486,True,1,target,960,29.050370099597885,29.050370099597885,0.0
1,C,C,465,465,,487,True,1,target,960,93.02747506529664,93.02747506529664,0.0
1,C,C,466,466,,488,True,1,target,960,55.842899812008746,55.842899812008746,0.0
1,C,C,467,467,,489,True,1,target,960,104.55698004129869,104.55698004129869,0.0
1,C,C,468,468,,490,True,1,target,960,23.52774866588912,23.52774866588912,0.0
1,C,C,469,469,,491,True,1,target,960,16.465317480925364,16.465317480925364,0.0
1,C,C,470,470,,492,True,1,target,960,13.711612036286548,13.711612036286548,0.0
1,C,C,471,471,,493,True,1,target,960,30.766093331490637,30.766093331490637,0.0
1,C,C,472,472,,494,True,1,target,960,8.428238591111915,8.428238591111915,0.0
1,C,C,473,473,,495,True,1,target,960,89.18380844846116,89.18380844846116,0.0
1,C,C,474,474,,496,True,1,target,960,40.19393041810644,40.19393041810644,0.0
1,C,C,475,475,,497,True,1,target,960,49.96694607054461,49.96694607054461,0.0
1,C,C,476,476,,498,True,1,target,960,24.54515737374499,24.54515737374499,0.0
1,C,C,477,477,,499,True,1,target,960,60.39458454718987,60.39458454718987,0.0
1,C,C,478,478,,500,True,1,target,960,65.91637345884543,65.91637345884543,0.0
1,C,C,479,479,,501,True,1,target,960,131.84442447938363,131.84442447938363,0.0
1,C,C,480,480,,502,True,1,target,960,106.5093843187282,106.5093843187282,0.0
1,C,C,481,481,,503,True,1,target,960,91.8235120406859,91.8235120406859,0.0
1,C,C,482,482,,504,True,1,target,960,9.892351667378659,9.892351667378659,0.0
1,C,C,483,483,,505,True,1,target,960,99.07407750170987,99.07407750170987,0.0
1,C,C,484,484,,506,True,1,target,960,69.69702889002845,69.69702889002845,0.0
1,C,C,485,485,,507,True,1,target,960,117.41459069361197,117.41459069361197,0.0
1,C,C,486,486,,508,True,1,target,960,59.28791926505468,59.28791926505468,0.0
1,C,C,487,487,,509,True,1,target,960,56.84052172213475,56.84052172213475,0.0
1,C,C,488,488,,510,True,1,target,960,64.04627367295221,64.04627367295221,0.0
1,C,C,489,489,,511,True,1,target,960,30.579940876796044,30.579940876796044,0.0
1,C,C,490,490,,512,True,1,target,960,67.83217425486981,67.83217425486981,0.0
1,C,C,491,491,,513,True,1,target,960,162.89013395601012,162.89013395601012,0.0
1,C,C,492,492,,514,True,1,target,960,23.52359129161087,23.52359129161087,0.0
1,C,C,493,493,,515,True,1,target,960,8.058373652017034,8.058373652017034,0.0
1,C,C,494,494,,516,True,1,target,960,27.86593730931697,27.86593730931697,0.0
1,C,C,495,495,,517,True,1,target,960,215.69637554504672,215.69637554504672,0.0
1,C,C,496,496,,518,True,1,target,960,46.81549797900112,46.81549797900112,0.0
1,C,C,497,497,,519,True,1,target,960,53.854981138627345,53.854981138627345,0.0
1,C,C,498,498,,520,True,1,target,960,0.13404128655316452,0.13404128655316452,0.0
1,C,C,499,499,,521,True,1,target,960,4.44757889962585,4.44757889962585,0.0
1,C,C,500,500,,522,True,1,target,960,0.11161031500653336,0.11161031500653336,0.0
1,C,C,501,501,,523,True,1,target,960,46.25959054095453,46.25959054095453,0.0
1,C,C,502,502,,524,True,1,target,960,19.82279907267291,19.82279907267291,0.0
1,C,C,503,503,,525,True,1,target,960,36.93919723208843,36.93919723208843,0.0
1,C,C,504,504,,526,True,1,target,960,55.82598102657222,55.82598102657222,0.0
1,C,C,505,505,,527,True,1,target,960,14.023480557002289,14.023480557002289,0.0
1,C,C,506,506,,528,True,1,target,960,14.526017571852144,14.526017571852144,0.0
1,C,C,507,507,,529,True,1,target,960,45.687763082135874,45.687763082135874,0.0
1,C,C,508,508,,530,True,1,target,960,99.59162609345614,99.59162609345614,0.0
1,C,C,509,509,,531,True,1,target,960,20.640399869766593,20.640399869766593,0.0
1,C,C,510,510,,532,True,1,target,960,48.58031121410009,48.58031121410009,0.0
1,C,C,511,511,,533,True,1,target,960,58.71313347315391,58.71313347315391,0.0
1,C,C,512,512,,534,True,1,target,960,49.31148548829658,49.31148548829658,0.0
1,C,C,513,513,,535,True,1,target,960,50.123431418613805,50.123431418613805,0.0
1,C,C,514,514,,536,True,1,target,960,66.29435548795902,66.29435548795902,0.0
1,C,C,515,515,,537,True,1,target,960,49.89709406688899,49.89709406688899,0.0
1,C,C,516,516,,538,True,1,target,960,113.20983072616983,113.20983072616983,0.0
1,C,C,517,517,,539,True,1,target,960,86.28687255875744,86.28687255875744,0.0
1,C,C,518,518,,540,True,1,target,960,1.856686494259323,1.856686494259323,0.0
1,C,C,519,519,,541,True,1,target,960,12.83104979542411,12.83104979542411,0.0
1,C,C,520,520,,542,True,1,target,960,95.48997188790787,95.48997188790787,0.0
1,C,C,521,521,,543,True,1,target,960,114.46361679227262,114.46361679227262,0.0
1,C,C,522,522,,544,True,1,target,960,16.357173389813294,16.357173389813294,0.0
1,C,C,523,523,,545,True,1,target,960,71.01809085381095,71.01809085381095,0.0
1,C,C,524,524,,546,True,1,target,960,31.7002406710478,31.7002406710478,0.0
1,C,C,525,525,,547,True,1,target,960,101.12775494531866,101.12775494531866,0.0
1,C,C,526,526,,548,True,1,target,960,141.10098324352268,141.10098324352268,0.0
1,C,C,527,527,,549,True,1,target,960,31.661498288644346,31.661498288644346,0.0
1,C,C,528,528,,550,True,1,target,960,177.67821140605224,177.67821140605224,0.0
1,C,C,529,529,,551,True,1,target,960,78.51276460900353,78.51276460900353,0.0
1,C,C,530,530,,552,True,1,target,960,38.6782402444494,38.6782402444494,0.0
1,C,C,531,531,,553,True,1,target,960,10.688085670606416,10.688085670606416,0.0
1,C,C,532,532,,554,True,1,target,960,26.57703085534093,26.57703085534093,0.0
1,C,C,533,533,,555,True,1,target,960,65.32997293710493,65.32997293710493,0.0
1,C,C,534,534,,556,True,1,target,960,84.7680172305019,84.7680172305019,0.0
1,C,C,535,535,,557,True,1,target,960,78.18083832819156,78.18083832819156,0.0
1,C,C,536,536,,558,True,1,target,960,154.898880431037,154.898880431037,0.0
1,C,C,537,537,,559,True,1,target,960,80.30074447192885,80.30074447192885,0.0
1,C,C,538,538,,560,True,1,target,960,9.933318035581468,9.933318035581468,0.0
1,C,C,539,539,,561,True,1,target,960,56.1043942035211,56.1043942035211,0.0
1,C,C,540,540,,562,True,1,target,960,88.17004006109264,88.17004006109264,0.0
1,C,C,541,541,,563,True,1,target,960,14.849763930792328,14.849763930792328,0.0
1,C,C,542,542,,564,True,1,target,960,58.55299209663411,58.55299209663411,0.0
1,C,C,543,543,,565,True,1,target,960,109.93370983916556,109.93370983916556,0.0
1,C,C,544,544,,566,True,1,target,960,27.56474758562956,27.56474758562956,0.0
1,C,C,545,545,,567,True,1,target,960,8.496568231327494,8.496568231327494,0.0
1,C,C,546,546,,568,True,1,target,960,76.6703474903762,76.6703474903762,0.0
1,C,C,547,547,,569,True,1,target,960,72.30580219358167,72.30580219358167,0.0
1,C,C,548,548,,570,True,1,target,960,30.240990518409426,30.240990518409426,0.0
1,C,C,549,549,,571,True,1,target,960,152.96848431914285,152.96848431914285,0.0
1,C,C,550,550,,572,True,1,target,960,83.60925517919162,83.60925517919162,0.0
1,C,C,551,551,,573,True,1,target,960,47.81095088119922,47.81095088119922,0.0
1,C,C,552,552,,574,True,1,target,960,52.7834689692889,52.7834689692889,0.0
1,C,C,553,553,,575,True,1,target,960,1.4501395339429635,1.4501395339429635,0.0
1,C,C,554,554,,576,True,1,target,960,7.815027194066906,7.815027194066906,0.0
1,C,C,555,555,,577,True,1,target,960,143.3906191663579,143.3906191663579,0.0
1,C,C,556,556,,578,True,1,target,960,1.2579460583749127,1.2579460583749127,0.0
1,C,C,557,557,,579,True,1,target,960,27.53410658528155,27.53410658528155,0.0
1,C,C,558,558,,580,True,1,target,960,10.95458697541044,10.95458697541044,0.0
1,C,C,559,559,,581,True,1,target,960,8.61564375587712,8.61564375587712,0.0
1,C,C,560,560,,582,True,1,target,960,22.270917872906228,22.270917872906228,0.0
1,C,C,561,561,,583,True,1,target,960,20.849277820319084,20.849277820319084,0.0
1,C,C,562,562,,584,True,1,target,960,20.113261566445246,20.113261566445246,0.0
1,C,C,563,563,,585,True,1,target,960,64.134425453815,64.134425453815,0.0
1,C,C,564,564,,586,True,1,target,960,27.4232240725731,27.4232240725731,0.0
1,C,C,565,565,,587,True,1,target,960,25.891600788174586,25.891600788174586,0.0
1,C,C,566,566,,588,True,1,target,960,38.418180513582165,38.418180513582165,0.0
1,C,C,567,567,,589,True,1,target,960,111.94897738559342,111.94897738559342,0.0
1,C,C,568,568,,590,True,1,target,960,86.48558483908167,86.48558483908167,0.0
1,C,C,569,569,,591,True,1,target,960,49.81155504391644,49.81155504391644,0.0
1,C,C,570,570,,592,True,1,target,960,6.461077991189106,6.461077991189106,0.0
1,C,C,571,571,,593,True,1,target,960,5.9123464743620895,5.9123464743620895,0.0
1,C,C,572,572,,594,True,1,target,960,7.966885237956742,7.966885237956742,0.0
1,C,C,573,573,,595,True,1,target,960,9.93777386116181,9.93777386116181,0.0
1,C,C,574,574,,596,True,1,target,960,6.275875868272234,6.275875868272234,0.0
1,C,C,575,575,,597,True,1,target,960,32.958186729422714,32.958186729422714,0.0
1,C,C,576,576,,598,True,1,target,960,51.71459573777947,51.71459573777947,0.0
1,C,C,577,577,,599,True,1,target,960,198.9467373839868,198.9467373839868,0.0
1,C,C,578,578,,600,True,1,target,960,17.82602896199002,17.82602896199002,0.0
1,C,C,579,579,,601,True,1,target,960,33.964543576122644,33.964543576122644,0.0
1,C,C,580,580,,602,True,1,target,960,108.82173002945807,108.82173002945807,0.0
1,C,C,591,591,,613,True,1,target,960,130.83655966821,130.83655966821,0.0
1,C,C,592,592,,614,True,1,target,960,144.05333682763575,144.05333682763575,0.0
1,C,C,593,593,,615,True,1,target,960,21.596576318810122,21.596576318810122,0.0
1,C,C,594,594,,616,True,1,target,960,84.15659130528167,84.15659130528167,0.0
1,C,C,595,595,,617,True,1,target,960,58.91483681148375,58.91483681148375,0.0
1,C,C,596,596,,618,True,1,target,960,44.761328352543266,44.761328352543266,0.0
1,C,C,597,597,,619,True,1,target,960,186.56738447129885,186.56738447129885,0.0
1,C,C,598,598,,620,True,1,target,960,136.21008111457937,136.21008111457937,0.0
1,C,C,599,599,,621,True,1,target,960,12.57768427490291,12.57768427490291,0.0
1,C,C,600,600,,622,True,1,target,960,6.415524897712055,6.415524897712055,0.0
1,C,C,601,601,,623,True,1,target,960,5.468905435320135,5.468905435320135,0.0
1,C,C,602,602,,624,True,1,target,960,21.96218309086245,21.96218309086245,0.0
1,C,C,603,603,,625,True,1,target,960,15.006518932230945,15.006518932230945,0.0
1,C,C,604,604,,626,True,1,target,960,50.533345119057266,50.533345119057266,0.0
1,C,C,605,605,,627,True,1,target,960,111.04162914036829,111.04162914036829,0.0
1,C,C,606,606,,628,True,1,target,960,147.4287739303955,147.4287739303955,0.0
1,C,C,607,607,,629,True,1,target,960,192.45663238567542,192.45663238567542,0.0
1,A,A,1,1,,1,True,1,light,1920,113.64108696720513,113.64108696720513,0.0
1,A,A,2,2,,2,True,1,light,1920,6.363127713739464,6.363127713739464,0.0
1,A,A,3,3,,3,True,1,light,1920,107.09193769846499,107.09193769846499,0.0
1,A,A,4,4,,4,True,1,light,1920,12.911212113469741,12.911212113469741,0.0
1,A,A,5,5,,5,True,1,light,1920,89.84301014396084,89.84301014396084,0.0
1,A,A,6,6,,6,True,1,light,1920,5.803736380339735,5.803736380339735,0.0
1,A,A,7,7,,7,True,1,light,1920,61.43040953298046,61.43040953298046,0.0
1,A,A,8,8,,8,True,1,light,1920,50.13859156666278,50.13859156666278,0.0
1,A,A,9,9,,9,True,1,light,1920,79.11719918157257,79.11719918157257,0.0
1,A,A,10,10,,10,True,1,light,1920,61.269700051789144,61.269700051789144,0.0
1,A,A,11,11,,11,True,1,light,1920,27.297429466735608,27.297429466735608,0.0
1,A,A,12,12,,12,True,1,light,1920,54.962229578898835,54.962229578898835,0.0
1,A,A,13,13,,13,True,1,light,1920,6.667114109387037,6.667114109387037,0.0
1,A,A,14,14,,14,True,1,light,1920,39.080540164197174,39.080540164197174,0.0
1,A,A,15,15,,15,True,1,light,1920,85.09768483709561,85.09768483709561,0.0
1,A,A,16,16,,16,True,1,light,1920,48.18853890223417,48.18853890223417,0.0
1,A,A,17,17,,17,True,1,light,1920,68.9370278852414,68.9370278852414,0.0
1,A,A,18,18,,18,True,1,light,1920,166.6641252837767,166.6641252837767,0.0
1,A,A,19,19,,19,True,1,light,1920,6.701642830643866,6.701642830643866,0.0
1,A,A,20,20,,20,True,1,light,1920,64.2602501665821,64.2602501665821,0.0
1,A,A,21,21,,21,True,1,light,1920,0.691870332106202,0.691870332106202,0.0
1,A,A,22,22,,22,True,1,light,1920,35.2409314378726,35.2409314378726,0.0
1,A,A,23,23,,23,True,1,light,1920,0.0,0.0,0.0
1,A,A,24,24,,24,True,1,light,1920,134.68863397238465,134.68863397238465,0.0
1,A,A,25,25,,25,True,1,light,1920,6.781724645377749,6.781724645377749,0.0
1,A,A,26,26,,26,True,1,light,1920,61.78935678310565,61.78935678310565,0.0
1,A,A,27,27,,27,True,1,light,1920,89.8315832551819,89.8315832551819,0.0
1,A,A,28,28,,28,True,1,light,1920,67.4010207700942,67.4010207700942,0.0
1,A,A,29,29,,29,True,1,light,1920,2.313946613986257,2.313946613986257,0.0
1,A,A,30,30,,30,True,1,light,1920,3.561960658086539,3.561960658086539,0.0
1,A,A,31,31,,31,True,1,light,1920,24.020654081261842,24.020654081261842,0.0
1,A,A,32,32,,32,True,1,light,1920,3.8105391768018313,3.8105391768018313,0.0
1,A,A,33,33,,33,True,1,light,1920,0.0,0.0,0.0
1,A,A,34,34,,34,True,1,light,1920,0.12579460583749127,0.12579460583749127,0.0
1,A,A,35,35,,35,True,1,light,1920,0.28478864654026226,0.28478864654026226,0.0
1,A,A,36,36,,36,True,1,light,1920,0.0,0.0,0.0
1,A,A,37,37,,37,True,1,light,1920,20.199033590872947,20.199033590872947,0.0
1,A,A,38,38,,38,True,1,light,1920,16.08098943465152,16.08098943465152,0.0
1,A,A,39,39,,39,True,1,light,1920,63.3668748091823,63.3668748091823,0.0
1,A,A,40,40,,40,True,1,light,1920,60.63199601301858,60.63199601301858,0.0
1,A,A,41,41,,41,True,1,light,1920,76.14664072253044,76.14664072253044,0.0
1,A,A,42,42,,42,True,1,light,1920,115.13002320692453,115.13002320692453,0.0
1,A,A,43,43,,43,True,1,light,1920,17.252205937337862,17.252205937337862,0.0
1,A,A,44,44,,44,True,1,light,1920,3.1808939776862006,3.1808939776862006,0.0
1,A,A,45,45,,45,True,1,light,1920,130.72682449131855,130.72682449131855,0.0
1,A,A,46,46,,46,True,1,light,1920,6.673085753422736,6.673085753422736,0.0
1,A,A,47,47,,47,True,1,light,1920,7.421881744411985,7.421881744411985,0.0
1,A,A,48,48,,48,True,1,light,1920,0.880562240862439,0.880562240862439,0.0
1,A,A,49,49,,49,True,1,light,1920,46.877424006191134,46.877424006191134,0.0
1,A,A,50,50,,50,True,1,light,1920,20.119201140055942,20.119201140055942,0.0
1,A,A,51,51,,51,True,1,light,1920,3.382270066781307,3.382270066781307,0.0
1,A,A,52,52,,52,True,1,light,1920,63.7102371417518,63.7102371417518,0.0
1,A,A,53,53,,53,True,1,light,1920,47.67615561240919,47.67615561240919,0.0
1,A,A,54,54,,54,True,1,light,1920,68.0390114791944,68.0390114791944,0.0
1,A,A,55,55,,55,True,1,light,1920,47.7082967232493,47.7082967232493,0.0
1,A,A,56,56,,56,True,1,light,1920,99.81888956051529,99.81888956051529,0.0
1,A,A,57,57,,57,True,1,light,1920,82.39112488071014,82.39112488071014,0.0
1,A,A,58,58,,58,True,1,light,1920,23.123839334404835,23.123839334404835,0.0
1,A,A,59,59,,59,True,1,light,1920,53.50184648940976,53.50184648940976,0.0
1,A,A,60,60,,60,True,1,light,1920,104.0962131187722,104.0962131187722,0.0
1,A,A,61,61,,61,True,1,light,1920,43.18712470671617,43.18712470671617,0.0
1,A,A,62,62,,62,True,1,light,1920,8.838855222911613,8.838855222911613,0.0
1,A,A,63,63,,63,True,1,light,1920,56.099618982687645,56.099618982687645,0.0
1,A,A,64,64,,64,True,1,light,1920,9.810407150000586,9.810407150000586,0.0
1,A,A,65,65,,65,True,1,light,1920,55.541931308804024,55.541931308804024,0.0
1,A,A,66,66,,66,True,1,light,1920,94.86315477667895,94.86315477667895,0.0
1,A,A,67,67,,67,True,1,light,1920,88.5576720156405,88.5576720156405,0.0
1,A,A,68,68,,68,True,1,light,1920,45.48786746857878,45.48786746857878,0.0
1,A,A,69,69,,69,True,1,light,1920,50.06594289104699,50.06594289104699,0.0
1,A,A,70,70,,70,True,1,light,1920,39.940968068642455,39.940968068642455,0.0
1,A,A,71,71,,71,True,1,light,1920,1.1321514525374214,1.1321514525374214,0.0
1,A,A,72,72,,72,True,1,light,1920,29.933568660295457,29.933568660295457,0.0
1,A,A,73,73,,73,True,1,light,1920,1.025769271305237,1.025769271305237,0.0
1,A,A,74,74,,74,True,1,light,1920,16.627868720809857,16.627868720809857,0.0
1,A,A,75,75,,75,True,1,light,1920,0.8176649379436933,0.8176649379436933,0.0
1,A,A,76,76,,76,True,1,light,1920,60.27604963837605,60.27604963837605,0.0
1,A,A,77,77,,77,True,1,light,1920,42.573494430650676,42.573494430650676,0.0
1,A,A,78,78,,78,True,1,light,1920,0.18869190875623693,0.18869190875623693,0.0
1,A,A,79,79,,79,True,1,light,1920,48.9988348419098,48.9988348419098,0.0
1,A,A,80,80,,80,True,1,light,1920,24.970229258742016,24.970229258742016,0.0
1,A,A,81,81,,81,True,1,light,1920,80.22981516379242,80.22981516379242,0.0
1,A,A,82,82,,82,True,1,light,1920,2.5112320876470005,2.5112320876470005,0.0
1,A,A,83,83,,83,True,1,light,1920,7.001013048586072,7.001013048586072,0.0
1,A,A,84,84,,84,True,1,light,1920,1.5095352700498954,1.5095352700498954,0.0
1,A,A,85,85,,85,True,1,light,1920,31.475856342755968,31.475856342755968,0.0
1,A,A,86,86,,86,True,1,light,1920,0.0,0.0,0.0
1,A,A,87,87,,87,True,1,light,1920,7.980137522967135,7.980137522967135,0.0
1,A,A,88,88,,88,True,1,light,1920,0.0,0.0,0.0
1,A,A,89,89,,89,True,1,light,1920,0.349015235850558,0.349015235850558,0.0
1,A,A,90,90,,90,True,1,light,1920,0.0,0.0,0.0
1,A,A,91,91,,91,True,1,light,1920,11.604350802979967,11.604350802979967,0.0
1,A,A,92,92,,92,True,1,light,1920,43.399955828024424,43.399955828024424,0.0
1,A,A,93,93,,93,True,1,light,1920,48.293944571749876,48.293944571749876,0.0
1,A,A,94,94,,94,True,1,light,1920,22.862653866170074,22.862653866170074,0.0
1,A,A,95,95,,95,True,1,light,1920,25.801146481696104,25.801146481696104,0.0
1,A,A,96,96,,96,True,1,light,1920,4.935858319816164,4.935858319816164,0.0
1,A,A,97,97,,97,True,1,light,1920,27.171634860898113,27.171634860898113,0.0
1,A,A,98,98,,98,True,1,light,1920,28.40350962723905,28.40350962723905,0.0
1,A,A,99,99,,99,True,1,light,1920,2.8328107476562074,2.8328107476562074,0.0
1,A,A,100,100,,100,True,1,light,1920,133.44789467877283,133.44789467877283,0.0
1,A,A,101,101,,101,True,1,light,1920,5.3024219686309,5.3024219686309,0.0
1,A,A,102,102,,102,True,1,light,1920,0.0,0.0,0.0
1,A,A,103,103,,103,True,1,light,1920,51.84913967915722,51.84913967915722,0.0
1,A,A,104,104,,104,True,1,light,1920,0.0,0.0,0.0
1,A,A,105,105,,105,True,1,light,1920,55.98096102816156,55.98096102816156,0.0
1,A,A,106,106,,106,True,1,light,1920,1.1108750162909846,1.1108750162909846,0.0
1,A,A,107,107,,107,True,1,light,1920,100.45982289473436,100.45982289473436,0.0
1,A,A,108,108,,108,True,1,light,1920,92.05774722544216,92.05774722544216,0.0
1,A,A,109,109,,109,True,1,light,1920,94.77327511985668,94.77327511985668,0.0
1,A,A,110,110,,110,True,1,light,1920,83.19788652865046,83.19788652865046,0.0
1,A,A,111,111,,111,True,1,light,1920,13.71161203628655,13.71161203628655,0.0
1,A,A,112,112,,112,True,1,light,1920,52.383974229981376,52.383974229981376,0.0
1,A,A,113,113,,113,True,1,light,1920,11.51097874232446,11.51097874232446,0.0
1,A,A,114,114,,114,True,1,light,1920,45.82314281805916,45.82314281805916,0.0
1,A,A,115,115,,115,True,1,light,1920,11.493972908591497,11.493972908591497,0.0
1,A,A,116,116,,116,True,1,light,1920,4.088324689718466,4.088324689718466,0.0
1,A,A,117,117,,117,True,1,light,1920,0.06289730291874564,0.06289730291874564,0.0
1,A,A,118,118,,118,True,1,light,1920,0.5031784233499651,0.5031784233499651,0.0
1,A,A,119,119,,119,True,1,light,1920,42.5225089998768,42.5225089998768,0.0
1,A,A,120,120,,120,True,1,light,1920,13.931876951211363,13.931876951211363,0.0
1,A,A,121,121,,121,True,1,light,1920,17.102169362688638,17.102169362688638,0.0
1,A,A,122,122,,122,True,1,light,1920,123.57591558525421,123.57591558525421,0.0
1,A,A,123,123,,123,True,1,light,1920,89.74757314063407,89.74757314063407,0.0
1,A,A,124,124,,124,True,1,light,1920,4.1662885474050535,4.1662885474050535,0.0
1,A,A,125,125,,125,True,1,light,1920,26.47976452879191,26.47976452879191,0.0
1,A,A,126,126,,126,True,1,light,1920,142.34705539066397,142.34705539066397,0.0
1,A,A,127,127,,127,True,1,light,1920,95.03054668724384,95.03054668724384,0.0
1,A,A,128,128,,128,True,1,light,1920,31.203905683694906,31.203905683694906,0.0
1,A,A,129,129,,129,True,1,light,1920,41.89808080806153,41.89808080806153,0.0
1,A,A,130,130,,130,True,1,light,1920,0.18869190875623693,0.18869190875623693,0.0
1,A,A,131,131,,131,True,1,light,1920,4.073776497738468,4.073776497738468,0.0
1,A,A,132,132,,132,True,1,light,1920,0.5660757262687107,0.5660757262687107,0.0
1,A,A,133,133,,133,True,1,light,1920,4.151221992637212,4.151221992637212,0.0
1,A,A,134,134,,134,True,1,light,1920,0.0,0.0,0.0
1,A,A,135,135,,135,True,1,light,1920,3.5851462663685014,3.5851462663685014,0.0
1,A,A,136,136,,136,True,1,light,1920,0.3144865145937282,0.3144865145937282,0.0
1,A,A,137,137,,137,True,1,light,1920,7.536359417213388,7.536359417213388,0.0
1,A,A,138,138,,138,True,1,light,1920,55.15898883579011,55.15898883579011,0.0
1,A,A,139,139,,139,True,1,light,1920,0.25158921167498255,0.25158921167498255,0.0
1,A,A,140,140,,140,True,1,light,1920,24.55872512701768,24.55872512701768,0.0
1,A,A,141,141,,141,True,1,light,1920,30.756781127266617,30.756781127266617,0.0
1,A,A,142,142,,142,True,1,light,1920,131.382105740986,131.382105740986,0.0
1,A,A,143,143,,143,True,1,light,1920,142.73122112131736,142.73122112131736,0.0
1,A,A,144,144,,144,True,1,light,1920,20.67074961829568,20.67074961829568,0.0
1,A,A,145,145,,145,True,1,light,1920,108.32962506571356,108.32962506571356,0.0
1,A,A,146,146,,146,True,1,light,1920,24.965876843919855,24.965876843919855,0.0
1,A,A,147,147,,147,True,1,light,1920,49.679276321741625,49.679276321741625,0.0
1,A,A,148,148,,148,True,1,light,1920,5.310588146034824,5.310588146034824,0.0
1,A,A,149,149,,149,True,1,light,1920,63.904185327716576,63.904185327716576,0.0
1,A,A,150,150,,150,True,1,light,1920,3.109404418859887,3.109404418859887,0.0
1,A,A,151,151,,151,True,1,light,1920,68.61549896711587,68.61549896711587,0.0
1,A,A,152,152,,152,True,1,light,1920,121.73839738767107,121.73839738767107,0.0
1,A,A,153,153,,153,True,1,light,1920,46.73269606862801,46.73269606862801,0.0
1,A,A,154,154,,154,True,1,light,1920,111.76709029742455,111.76709029742455,0.0
1,A,A,155,155,,155,True,1,light,1920,55.69641781854737,55.69641781854737,0.0
1,A,A,156,156,,156,True,1,light,1920,100.18985929302667,100.18985929302667,0.0
1,A,A,157,157,,157,True,1,light,1920,92.79686776555681,92.79686776555681,0.0
1,A,A,158,158,,158,True,1,light,1920,31.41602536516682,31.41602536516682,0.0
1,A,A,159,159,,159,True,1,light,1920,47.90844235522174,47.90844235522174,0.0
1,A,A,160,160,,160,True,1,light,1920,69.30636464407141,69.30636464407141,0.0
1,A,A,161,161,,161,True,1,light,1920,87.28221157822182,87.28221157822182,0.0
1,A,A,162,162,,162,True,1,light,1920,10.837748526629557,10.837748526629557,0.0
1,A,A,163,163,,163,True,1,light,1920,25.25845794923796,25.25845794923796,0.0
1,A,A,164,164,,164,True,1,light,1920,12.740352015514972,12.740352015514972,0.0
1,A,A,165,165,,165,True,1,light,1920,99.59977656289679,99.59977656289679,0.0
1,A,A,166,166,,166,True,1,light,1920,6.9838894051286005,6.9838894051286005,0.0
1,A,A,167,167,,167,True,1,light,1920,46.608490585074456,46.608490585074456,0.0
1,A,A,168,168,,168,True,1,light,1920,53.298588062716384,53.298588062716384,0.0
1,A,A,169,169,,169,True,1,light,1920,168.88806592273608,168.88806592273608,0.0
1,A,A,170,170,,170,True,1,light,1920,60.843785172763404,60.843785172763404,0.0
1,A,A,171,171,,171,True,1,light,1920,4.081800648974512,4.081800648974512,0.0
1,A,A,172,172,,172,True,1,light,1920,6.444461584045495,6.444461584045495,0.0
1,A,A,173,173,,173,True,1,light,1920,22.470793851509246,22.470793851509246,0.0
1,A,A,174,174,,174,True,1,light,1920,0.11161031500653336,0.11161031500653336,0.0
1,A,A,175,175,,175,True,1,light,1920,3.7109408722059927,3.7109408722059927,0.0
1,A,A,176,176,,176,True,1,light,1920,11.046989069334149,11.046989069334149,0.0
1,A,A,177,177,,177,True,1,light,1920,1.1719083075686003,1.1719083075686003,0.0
1,A,A,178,178,,178,True,1,light,1920,20.840851807022766,20.840851807022766,0.0
1,A,A,179,179,,179,True,1,light,1920,0.0,0.0,0.0
1,A,A,180,180,,180,True,1,light,1920,48.4744526316435,48.4744526316435,0.0
1,A,A,181,181,,181,True,1,light,1920,21.21673551404315,21.21673551404315,0.0
1,A,A,182,182,,182,True,1,light,1920,50.355542755836524,50.355542755836524,0.0
1,A,A,183,183,,183,True,1,light,1920,77.65586706930273,77.65586706930273,0.0
1,A,A,184,184,,184,True,1,light,1920,68.99305164523348,68.99305164523348,0.0
1,A,A,185,185,,185,True,1,light,1920,72.44814252072807,72.44814252072807,0.0
1,A,A,186,186,,186,True,1,light,1920,8.423214660860049,8.423214660860049,0.0
1,A,A,187,187,,187,True,1,light,1920,87.34118712631135,87.34118712631135,0.0
1,A,A,188,188,,188,True,1,light,1920,139.42297679493169,139.42297679493169,0.0
1,A,A,189,189,,189,True,1,light,1920,55.353389934695784,55.353389934695784,0.0
1,A,A,190,190,,190,True,1,light,1920,50.21412069004283,50.21412069004283,0.0
1,A,A,191,191,,191,True,1,light,1920,43.336241711015745,43.336241711015745,0.0
1,A,A,192,192,,192,True,1,light,1920,0.37738381751247385,0.37738381751247385,0.0
1,A,A,193,193,,193,True,1,light,1920,7.9761221748567666,7.9761221748567666,0.0
1,A,A,194,194,,194,True,1,light,1920,0.0,0.0,0.0
1,A,A,195,195,,195,True,1,light,1920,42.71710252133249,42.71710252133249,0.0
1,A,A,196,196,,196,True,1,light,1920,0.0,0.0,0.0
1,A,A,197,197,,197,True,1,light,1920,39.33938710940042,39.33938710940042,0.0
1,A,A,198,198,,198,True,1,light,1920,9.684712027930457,9.684712027930457,0.0
1,A,A,199,199,,199,True,1,light,1920,116.81164445056257,116.81164445056257,0.0
1,A,A,200,200,,200,True,1,light,1920,26.127633880226544,26.127633880226544,0.0
1,A,A,201,201,,201,True,1,light,1920,36.95658594742605,36.95658594742605,0.0
1,A,A,202,202,,202,True,1,light,1920,127.86058719782815,127.86058719782815,0.0
1,A,A,203,203,,203,True,1,light,1920,82.16654289388052,82.16654289388052,0.0
1,A,A,204,204,,204,True,1,light,1920,62.028173457148384,62.028173457148384,0.0
1,A,A,205,205,,205,True,1,light,1920,43.58783092269073,43.58783092269073,0.0
1,A,A,206,206,,206,True,1,light,1920,85.66370493099441,85.66370493099441,0.0
1,A,A,207,207,,207,True,1,light,1920,42.148899675037924,42.148899675037924,0.0
1,A,A,208,208,,208,True,1,light,1920,39.65483246425197,39.65483246425197,0.0
1,A,A,209,209,,209,True,1,light,1920,16.479093364711357,16.479093364711357,0.0
1,A,A,210,210,,210,True,1,light,1920,76.34138346963718,76.34138346963718,0.0
1,A,A,211,211,,211,True,1,light,1920,88.92972232512506,88.92972232512506,0.0
1,A,A,212,212,,212,True,1,light,1920,77.02096559297856,77.02096559297856,0.0
1,A,A,213,213,,213,True,1,light,1920,140.47510861008982,140.47510861008982,0.0
1,A,A,214,214,,214,True,1,light,1920,171.1958360346657,171.1958360346657,0.0
1,B,B,1,1,,1,True,1,heavy,1920,186.81461537766546,186.81461537766546,0.0
1,B,B,2,2,,2,True,1,heavy,1920,24.496602750286822,24.496602750286822,0.0
1,B,B,3,3,,3,True,1,heavy,1920,94.59903061031615,94.59903061031615,0.0
1,B,B,4,4,,4,True,1,heavy,1920,6.306256378229385,6.306256378229385,0.0
1,B,B,5,5,,5,True,1,heavy,1920,62.22484501124474,62.22484501124474,0.0
1,B,B,6,6,,6,True,1,heavy,1920,9.040435515529202,9.040435515529202,0.0
1,B,B,7,7,,7,True,1,heavy,1920,57.21122180127672,57.21122180127672,0.0
1,B,B,8,8,,8,True,1,heavy,1920,26.774339236448107,26.774339236448107,0.0
1,B,B,9,9,,9,True,1,heavy,1920,15.221919614530453,15.221919614530453,0.0
1,B,B,10,10,,10,True,1,heavy,1920,13.705672462675857,13.705672462675857,0.0
1,B,B,11,11,,11,True,1,heavy,1920,52.896474675032394,52.896474675032394,0.0
1,B,B,12,12,,12,True,1,heavy,1920,6.604216806468292,6.604216806468292,0.0
1,B,B,13,13,,13,True,1,heavy,1920,123.77776945823206,123.77776945823206,0.0
1,B,B,14,14,,14,True,1,heavy,1920,67.46571008982242,67.46571008982242,0.0
1,B,B,15,15,,15,True,1,heavy,1920,46.972830248089835,46.972830248089835,0.0
1,B,B,16,16,,16,True,1,heavy,1920,17.479510637800594,17.479510637800594,0.0
1,B,B,17,17,,17,True,1,heavy,1920,65.9859178482204,65.9859178482204,0.0
1,B,B,18,18,,18,True,1,heavy,1920,35.043238866163826,35.043238866163826,0.0
1,B,B,19,19,,19,True,1,heavy,1920,125.00628272043367,125.00628272043367,0.0
1,B,B,20,20,,20,True,1,heavy,1920,0.0,0.0,0.0
1,B,B,21,21,,21,True,1,heavy,1920,23.94859641776401,23.94859641776401,0.0
1,B,B,22,22,,22,True,1,heavy,1920,1.8648179832443654,1.8648179832443654,0.0
1,B,B,23,23,,23,True,1,heavy,1920,38.70471143504823,38.70471143504823,0.0
1,B,B,24,24,,24,True,1,heavy,1920,13.066431007000446,13.066431007000446,0.0
1,B,B,25,25,,25,True,1,heavy,1920,57.67075564868668,57.67075564868668,0.0
1,B,B,26,26,,26,True,1,heavy,1920,68.09363788495409,68.09363788495409,0.0
1,B,B,27,27,,27,True,1,heavy,1920,24.980022519341116,24.980022519341116,0.0
1,B,B,28,28,,28,True,1,heavy,1920,88.39943653866388,88.39943653866388,0.0
1,B,B,29,29,,29,True,1,heavy,1920,1.3208433612936583,1.3208433612936583,0.0
1,B,B,30,30,,30,True,1,heavy,1920,32.38305536233003,32.38305536233003,0.0
1,B,B,31,31,,31,True,1,heavy,1920,87.57688773314078,87.57688773314078,0.0
1,B,B,32,32,,32,True,1,heavy,1920,4.15795023690365,4.15795023690365,0.0
1,B,B,33,33,,33,True,1,heavy,1920,21.208755868703033,21.208755868703033,0.0
1,B,B,34,34,,34,True,1,heavy,1920,1.0063568466999302,1.0063568466999302,0.0
1,B,B,35,35,,35,True,1,heavy,1920,0.37738381751247385,0.37738381751247385,0.0
1,B,B,36,36,,36,True,1,heavy,1920,0.0,0.0,0.0
1,B,B,37,37,,37,True,1,heavy,1920,0.25158921167498255,0.25158921167498255,0.0
1,B,B,38,38,,38,True,1,heavy,1920,16.65235612654765,16.65235612654765,0.0
1,B,B,39,39,,39,True,1,heavy,1920,23.939691966086485,23.939691966086485,0.0
1,B,B,40,40,,40,True,1,heavy,1920,30.919406979976635,30.919406979976635,0.0
1,B,B,41,41,,41,True,1,heavy,1920,91.69815202183216,91.69815202183216,0.0
1,B,B,42,42,,42,True,1,heavy,1920,83.20715684497245,83.20715684497245,0.0
1,B,B,43,43,,43,True,1,heavy,1920,128.48334510954928,128.48334510954928,0.0
1,B,B,44,44,,44,True,1,heavy,1920,26.88789602990293,26.88789602990293,0.0
1,B,B,45,45,,45,True,1,heavy,1920,13.400329946199482,13.400329946199482,0.0
1,B,B,46,46,,46,True,1,heavy,1920,68.05813068848536,68.05813068848536,0.0
1,B,B,47,47,,47,True,1,heavy,1920,14.127547777147855,14.127547777147855,0.0
1,B,B,48,48,,48,True,1,heavy,1920,0.3144865145937282,0.3144865145937282,0.0
1,B,B,49,49,,49,True,1,heavy,1920,0.0,0.0,0.0
1,B,B,50,50,,50,True,1,heavy,1920,1.0821968568529965,1.0821968568529965,0.0
1,B,B,51,51,,51,True,1,heavy,1920,3.8996327809622295,3.8996327809622295,0.0
1,B,B,52,52,,52,True,1,heavy,1920,42.98804328925512,42.98804328925512,0.0
1,B,B,53,53,,53,True,1,heavy,1920,18.632762466496157,18.632762466496157,0.0
1,B,B,54,54,,54,True,1,heavy,1920,92.81895970689624,92.81895970689624,0.0
1,B,B,55,55,,55,True,1,heavy,1920,75.2767985120999,75.2767985120999,0.0
1,B,B,56,56,,56,True,1,heavy,1920,39.361473814752095,39.361473814752095,0.0
1,B,B,57,57,,57,True,1,heavy,1920,89.76649665488266,89.76649665488266,0.0
1,B,B,58,58,,58,True,1,heavy,1920,47.708245017870205,47.708245017870205,0.0
1,B,B,59,59,,59,True,1,heavy,1920,50.823360590374946,50.823360590374946,0.0
1,B,B,60,60,,60,True,1,heavy,1920,50.94946608298544,50.94946608298544,0.0
1,B,B,61,61,,61,True,1,heavy,1920,12.327871372074144,12.327871372074144,0.0
1,B,B,62,62,,62,True,1,heavy,1920,142.87543200508958,142.87543200508958,0.0
1,B,B,63,63,,63,True,1,heavy,1920,50.770856723151816,50.770856723151816,0.0
1,B,B,64,64,,64,True,1,heavy,1920,0.5031784233499651,0.5031784233499651,0.0
1,B,B,65,65,,65,True,1,heavy,1920,145.01154811242094,145.01154811242094,0.0
1,B,B,66,66,,66,True,1,heavy,1920,79.7108260209148,79.7108260209148,0.0
1,B,B,67,67,,67,True,1,heavy,1920,43.23278055645294,43.23278055645294,0.0
1,B,B,68,68,,68,True,1,heavy,1920,4.185386812745001,4.185386812745001,0.0
1,B,B,69,69,,69,True,1,heavy,1920,62.17058447012949,62.17058447012949,0.0
1,B,B,70,70,,70,True,1,heavy,1920,6.975644687908335,6.975644687908335,0.0
1,B,B,71,71,,71,True,1,heavy,1920,37.948190398623495,37.948190398623495,0.0
1,B,B,72,72,,72,True,1,heavy,1920,39.51831128299787,39.51831128299787,0.0
1,B,B,73,73,,73,True,1,heavy,1920,41.336665110895645,41.336665110895645,0.0
1,B,B,74,74,,74,True,1,heavy,1920,82.48735317268653,82.48735317268653,0.0
1,B,B,75,75,,75,True,1,heavy,1920,104.4982185142087,104.4982185142087,0.0
1,B,B,76,76,,76,True,1,heavy,1920,135.28150028450528,135.28150028450528,0.0
1,B,B,77,77,,77,True,1,heavy,1920,26.65404045425899,26.65404045425899,0.0
1,B,B,78,78,,78,True,1,heavy,1920,11.370431740984486,11.370431740984486,0.0
1,B,B,79,79,,79,True,1,heavy,1920,0.9375199701704914,0.9375199701704914,0.0
1,B,B,80,80,,80,True,1,heavy,1920,25.05947143405499,25.05947143405499,0.0
1,B,B,81,81,,81,True,1,heavy,1920,0.0,0.0,0.0
1,B,B,82,82,,82,True,1,heavy,1920,54.73820195227288,54.73820195227288,0.0
1,B,B,83,83,,83,True,1,heavy,1920,0.0,0.0,0.0
1,B,B,84,84,,84,True,1,heavy,1920,56.996887296984035,56.996887296984035,0.0
1,B,B,85,85,,85,True,1,heavy,1920,35.992526718815895,35.992526718815895,0.0
1,B,B,86,86,,86,True,1,heavy,1920,0.11161031500653336,0.11161031500653336,0.0
1,B,B,87,87,,87,True,1,heavy,1920,124.55521481072664,124.55521481072664,0.0
1,B,B,88,88,,88,True,1,heavy,1920,73.78174140269377,73.78174140269377,0.0
1,B,B,89,89,,89,True,1,heavy,1920,156.8487871423069,156.8487871423069,0.0
1,B,B,90,90,,90,True,1,heavy,1920,0.8441695079644792,0.8441695079644792,0.0
1,B,B,91,91,,91,True,1,heavy,1920,29.247450060739205,29.247450060739205,0.0
1,B,B,92,92,,92,True,1,heavy,1920,1.3208433612936583,1.3208433612936583,0.0
1,B,B,93,93,,93,True,1,heavy,1920,38.10388642153847,38.10388642153847,0.0
1,B,B,94,94,,94,True,1,heavy,1920,0.0,0.0,0.0
1,B,B,95,95,,95,True,1,heavy,1920,10.170722956425493,10.170722956425493,0.0
1,B,B,96,96,,96,True,1,heavy,1920,0.06289730291874564,0.06289730291874564,0.0
1,B,B,97,97,,97,True,1,heavy,1920,0.18869190875623693,0.18869190875623693,0.0
1,B,B,98,98,,98,True,1,heavy,1920,26.83896965131409,26.83896965131409,0.0
1,B,B,99,99,,99,True,1,heavy,1920,1.880979513951676,1.880979513951676,0.0
1,B,B,100,100,,100,True,1,heavy,1920,5.135938501941665,5.135938501941665,0.0
1,B,B,101,101,,101,True,1,heavy,1920,27.749100824031498,27.749100824031498,0.0
1,B,B,102,102,,102,True,1,heavy,1920,100.64378277955612,100.64378277955612,0.0
1,B,B,103,103,,103,True,1,heavy,1920,7.683341447505466,7.683341447505466,0.0
1,B,B,104,104,,104,True,1,heavy,1920,34.341927393635125,34.341927393635125,0.0
1,B,B,105,105,,105,True,1,heavy,1920,20.455329955540556,20.455329955540556,0.0
1,B,B,106,106,,106,True,1,heavy,1920,2.2227258897999906,2.2227258897999906,0.0
1,B,B,107,107,,107,True,1,heavy,1920,0.06289730291874564,0.06289730291874564,0.0
1,B,B,108,108,,108,True,1,heavy,1920,18.86214323610414,18.86214323610414,0.0
1,B,B,109,109,,109,True,1,heavy,1920,57.60822224691698,57.60822224691698,0.0
1,B,B,110,110,,110,True,1,heavy,1920,28.74600671283188,28.74600671283188,0.0
1,B,B,111,111,,111,True,1,heavy,1920,1.91435566340372,1.91435566340372,0.0
1,B,B,112,112,,112,True,1,heavy,1920,96.95194082718855,96.95194082718855,0.0
1,B,B,113,113,,113,True,1,heavy,1920,16.938263310972285,16.938263310972285,0.0
1,B,B,114,114,,114,True,1,heavy,1920,21.510877598211007,21.510877598211007,0.0
1,B,B,115,115,,115,True,1,heavy,1920,38.47434368174825,38.47434368174825,0.0
1,B,B,116,116,,116,True,1,heavy,1920,0.0,0.0,0.0
1,B,B,117,117,,117,True,1,heavy,1920,13.831450706051609,13.831450706051609,0.0
1,B,B,118,118,,118,True,1,heavy,1920,12.418266119191905,12.418266119191905,0.0
1,B,B,119,119,,119,True,1,heavy,1920,28.17617220185284,28.17617220185284,0.0
1,B,B,120,120,,120,True,1,heavy,1920,97.66529376255906,97.66529376255906,0.0
1,B,B,121,121,,121,True,1,heavy,1920,47.137725246993604,47.137725246993604,0.0
1,B,B,122,122,,122,True,1,heavy,1920,85.11457286110407,85.11457286110407,0.0
1,B,B,123,123,,123,True,1,heavy,1920,61.85906414259952,61.85906414259952,0.0
1,B,B,124,124,,124,True,1,heavy,1920,107.96850553516809,107.96850553516809,0.0
1,B,B,125,125,,125,True,1,heavy,1920,32.23196897213573,32.23196897213573,0.0
1,B,B,126,126,,126,True,1,heavy,1920,15.976323348406359,15.976323348406359,0.0
1,B,B,127,127,,127,True,1,heavy,1920,48.078632901242216,48.078632901242216,0.0
1,B,B,128,128,,128,True,1,heavy,1920,16.42680875447552,16.42680875447552,0.0
1,B,B,129,129,,129,True,1,heavy,1920,21.38508299237352,21.38508299237352,0.0
1,B,B,130,130,,130,True,1,heavy,1920,29.553344319425364,29.553344319425364,0.0
1,B,B,131,131,,131,True,1,heavy,1920,4.214119295555958,4.214119295555958,0.0
1,B,B,132,132,,132,True,1,heavy,1920,35.04775425110489,35.04775425110489,0.0
1,B,B,133,133,,133,True,1,heavy,1920,4.703681532746489,4.703681532746489,0.0
1,B,B,134,134,,134,True,1,heavy,1920,45.31648900783616,45.31648900783616,0.0
1,B,B,135,135,,135,True,1,heavy,1920,86.03584490676928,86.03584490676928,0.0
1,B,B,136,136,,136,True,1,heavy,1920,71.07514152190166,71.07514152190166,0.0
1,B,B,137,137,,137,True,1,heavy,1920,0.0,0.0,0.0
1,B,B,138,138,,138,True,1,heavy,1920,48.54585972366266,48.54585972366266,0.0
1,B,B,139,139,,139,True,1,heavy,1920,51.70908355166936,51.70908355166936,0.0
1,B,B,140,140,,140,True,1,heavy,1920,78.0307637926311,78.0307637926311,0.0
1,B,B,141,141,,141,True,1,heavy,1920,54.59274752140862,54.59274752140862,0.0
1,B,B,142,142,,142,True,1,heavy,1920,44.12076284646406,44.12076284646406,0.0
1,B,B,143,143,,143,True,1,heavy,1920,0.0,0.0,0.0
1,B,B,144,144,,144,True,1,heavy,1920,1.0692541496186758,1.0692541496186758,0.0
1,B,B,145,145,,145,True,1,heavy,1920,0.5660757262687107,0.5660757262687107,0.0
1,B,B,146,146,,146,True,1,heavy,1920,0.0,0.0,0.0
1,B,B,147,147,,147,True,1,heavy,1920,0.0,0.0,0.0
1,B,B,148,148,,148,True,1,heavy,1920,8.93141701446188,8.93141701446188,0.0
1,B,B,149,149,,149,True,1,heavy,1920,0.0,0.0,0.0
1,B,B,150,150,,150,True,1,heavy,1920,13.771138672087382,13.771138672087382,0.0
1,B,B,151,151,,151,True,1,heavy,1920,42.30533331772801,42.30533331772801,0.0
1,B,B,152,152,,152,True,1,heavy,1920,0.0,0.0,0.0
1,B,B,153,153,,153,True,1,heavy,1920,20.504520751511077,20.504520751511077,0.0
1,B,B,154,154,,154,True,1,heavy,1920,1.0063568466999302,1.0063568466999302,0.0
1,B,B,155,155,,155,True,1,heavy,1920,44.79130634594168,44.79130634594168,0.0
1,B,B,156,156,,156,True,1,heavy,1920,63.39582131299278,63.39582131299278,0.0
1,B,B,157,157,,157,True,1,heavy,1920,19.951741816148687,19.951741816148687,0.0
1,B,B,158,158,,158,True,1,heavy,1920,79.41681025495154,79.41681025495154,0.0
1,B,B,159,159,,159,True,1,heavy,1920,27.29515573905257,27.29515573905257,0.0
1,B,B,160,160,,160,True,1,heavy,1920,39.94542389422279,39.94542389422279,0.0
1,B,B,161,161,,161,True,1,heavy,1920,2.51695567676276,2.51695567676276,0.0
1,B,B,162,162,,162,True,1,heavy,1920,39.03836886431203,39.03836886431203,0.0
1,B,B,163,163,,163,True,1,heavy,1920,103.8217806015148,103.8217806015148,0.0
1,B,B,164,164,,164,True,1,heavy,1920,41.68304402691106,41.68304402691106,0.0
1,B,B,165,165,,165,True,1,heavy,1920,90.08184252596683,90.08184252596683,0.0
1,B,B,166,166,,166,True,1,heavy,1920,33.93767510495282,33.93767510495282,0.0
1,B,B,167,167,,167,True,1,heavy,1920,94.51069491538343,94.51069491538343,0.0
1,B,B,168,168,,168,True,1,heavy,1920,92.58550272082022,92.58550272082022,0.0
1,B,B,169,169,,169,True,1,heavy,1920,36.12804717191012,36.12804717191012,0.0
1,B,B,170,170,,170,True,1,heavy,1920,39.9024573786972,39.9024573786972,0.0
1,B,B,171,171,,171,True,1,heavy,1920,23.306706861281008,23.306706861281008,0.0
1,B,B,172,172,,172,True,1,heavy,1920,56.96166938883881,56.96166938883881,0.0
1,B,B,173,173,,173,True,1,heavy,1920,5.249412828589327,5.249412828589327,0.0
1,B,B,174,174,,174,True,1,heavy,1920,61.68624971221484,61.68624971221484,0.0
1,B,B,175,175,,175,True,1,heavy,1920,32.38673626172249,32.38673626172249,0.0
1,B,B,176,176,,176,True,1,heavy,1920,26.22817531711693,26.22817531711693,0.0
1,B,B,177,177,,177,True,1,heavy,1920,99.02838892704963,99.02838892704963,0.0
1,B,B,178,178,,178,True,1,heavy,1920,27.413947865764907,27.413947865764907,0.0
1,B,B,179,179,,179,True,1,heavy,1920,130.69632682613536,130.69632682613536,0.0
1,B,B,180,180,,180,True,1,heavy,1920,77.58216465115103,77.58216465115103,0.0
1,B,B,181,181,,181,True,1,heavy,1920,31.874692656603177,31.874692656603177,0.0
1,B,B,182,182,,182,True,1,heavy,1920,28.618272828029262,28.618272828029262,0.0
1,B,B,183,183,,183,True,1,heavy,1920,55.35214769660067,55.35214769660067,0.0
1,B,B,184,184,,184,True,1,heavy,1920,10.66867324600111,10.66867324600111,0.0
1,B,B,185,185,,185,True,1,heavy,1920,10.818336102024249,10.818336102024249,0.0
1,B,B,186,186,,186,True,1,heavy,1920,6.605324217878683,6.605324217878683,0.0
1,B,B,187,187,,187,True,1,heavy,1920,0.0,0.0,0.0
1,B,B,188,188,,188,True,1,heavy,1920,5.4091680510121245,5.4091680510121245,0.0
1,B,B,189,189,,189,True,1,heavy,1920,1.7611244817248777,1.7611244817248777,0.0
1,B,B,190,190,,190,True,1,heavy,1920,39.03276504841618,39.03276504841618,0.0
1,B,B,191,191,,191,True,1,heavy,1920,4.843092324743414,4.843092324743414,0.0
1,B,B,192,192,,192,True,1,heavy,1920,69.03504230354106,69.03504230354106,0.0
1,B,B,193,193,,193,True,1,heavy,1920,41.048683166322704,41.048683166322704,0.0
1,B,B,194,194,,194,True,1,heavy,1920,98.84581592448473,98.84581592448473,0.0
1,B,B,195,195,,195,True,1,heavy,1920,8.491135894030661,8.491135894030661,0.0
1,B,B,196,196,,196,True,1,heavy,1920,46.76447327831907,46.76447327831907,0.0
1,B,B,197,197,,197,True,1,heavy,1920,80.72630657627953,80.72630657627953,0.0
1,B,B,198,198,,198,True,1,heavy,1920,118.16389326641661,118.16389326641661,0.0
1,B,B,199,199,,199,True,1,heavy,1920,104.20328841388358,104.20328841388358,0.0
1,B,B,200,200,,200,True,1,heavy,1920,89.15118759024291,89.15118759024291,0.0
1,B,B,201,201,,201,True,1,heavy,1920,11.014819815059859,11.014819815059859,0.0
1,B,B,202,202,,202,True,1,heavy,1920,53.77719399552752,53.77719399552752,0.0
1,B,B,203,203,,203,True,1,heavy,1920,0.0,0.0,0.0
1,B,B,204,204,,204,True,1,heavy,1920,20.307440790369757,20.307440790369757,0.0
1,B,B,205,205,,205,True,1,heavy,1920,6.066145760712455,6.066145760712455,0.0
1,B,B,206,206,,206,True,1,heavy,1920,59.41403588413918,59.41403588413918,0.0
1,B,B,207,207,,207,True,1,heavy,1920,0.5126195637724721,0.5126195637724721,0.0
1,B,B,208,208,,208,True,1,heavy,1920,126.5460289853371,126.5460289853371,0.0
1,B,B,209,209,,209,True,1,heavy,1920,42.31315326544158,42.31315326544158,0.0
1,B,B,210,210,,210,True,1,heavy,1920,36.77782670744291,36.77782670744291,0.0
1,B,B,211,211,,211,True,1,heavy,1920,113.28866703031625,113.28866703031625,0.0
1,B,B,212,212,,212,True,1,heavy,1920,29.333123910396473,29.333123910396473,0.0
1,B,B,213,213,,213,True,1,heavy,1920,146.83480282485831,146.83480282485831,0.0
1,B,B,214,214,,214,True,1,heavy,1920,36.236159192597185,36.236159192597185,0.0
1,B,B,215,215,,215,True,1,heavy,1920,115.62013653182638,115.62013653182638,0.0
1,B,B,216,216,,216,True,1,heavy,1920,63.34435809833617,63.34435809833617,0.0
1,B,B,217,217,,217,True,1,heavy,1920,49.224450281822755,49.224450281822755,0.0
1,B,B,218,218,,218,True,1,heavy,1920,7.045634136242559,7.045634136242559,0.0
1,B,B,219,219,,219,True,1,heavy,1920,127.04057980986212,127.04057980986212,0.0
1,B,B,220,220,,220,True,1,heavy,1920,124.16784203757268,124.16784203757268,0.0
1,C,C,1,1,,23,True,1,target,1920,110.37452110335707,110.37452110335707,0.0
1,C,C,2,2,,24,True,1,target,1920,106.29418783995118,83.60846258154506,22.685725258406123
1,C,C,3,3,,25,True,1,target,1920,52.298376956645036,52.298376956645036,0.0
1,C,C,4,4,,26,True,1,target,1920,5.34627074809338,5.34627074809338,0.0
1,C,C,5,5,,27,True,1,target,1920,58.83632382958126,58.83632382958126,0.0
1,C,C,6,6,,28,True,1,target,1920,3.762086000606434,3.762086000606434,0.0
1,C,C,7,7,,29,True,1,target,1920,4.849820569009852,4.849820569009852,0.0
1,C,C,8,8,,30,True,1,target,1920,63.49167654084157,63.49167654084157,0.0
1,C,C,9,9,,31,True,1,target,1920,4.72757334487704,4.72757334487704,0.0
1,C,C,10,10,,32,True,1,target,1920,93.4220316136518,93.4220316136518,0.0
1,C,C,11,11,,33,True,1,target,1920,66.58521264430847,66.58521264430847,0.0
1,C,C,12,12,,34,True,1,target,1920,114.82856382986772,114.82856382986772,0.0
1,C,C,13,13,,35,True,1,target,1920,130.4128792469591,130.4128792469591,0.0
1,C,C,14,14,,36,True,1,target,1920,18.945908568224354,18.945908568224354,0.0
1,C,C,15,15,,37,True,1,target,1920,60.312865831783775,60.312865831783775,0.0
1,C,C,16,16,,38,True,1,target,1920,7.539644999530268,7.539644999530268,0.0
1,C,C,17,17,,39,True,1,target,1920,84.87553431208018,84.87553431208018,0.0
1,C,C,18,18,,40,True,1,target,1920,108.18443112524011,108.18443112524011,0.0
1,C,C,19,19,,41,True,1,target,1920,7.281632539875633,7.281632539875633,0.0
1,C,C,20,20,,42,True,1,target,1920,6.531567476354029,6.531567476354029,0.0
1,C,C,21,21,,43,True,1,target,1920,46.11719589043516,46.11719589043516,0.0
1,C,C,22,22,,44,True,1,target,1920,57.64709160202352,57.64709160202352,0.0
1,C,C,23,23,,45,True,1,target,1920,0.3144865145937282,0.3144865145937282,0.0
1,C,C,24,24,,46,True,1,target,1920,0.0,0.0,0.0
1,C,C,25,25,,47,True,1,target,1920,94.64828227464434,94.64828227464434,0.0
1,C,C,26,26,,48,True,1,target,1920,49.41417302566845,49.41417302566845,0.0
1,C,C,27,27,,49,True,1,target,1920,20.127136933998603,20.127136933998603,0.0
1,C,C,28,28,,50,True,1,target,1920,0.0,0.0,0.0
1,C,C,29,29,,51,True,1,target,1920,118.39387617461654,118.39387617461654,0.0
1,C,C,30,30,,52,True,1,target,1920,38.43190534648754,38.43190534648754,0.0
1,C,C,31,31,,53,True,1,target,1920,0.0,0.0,0.0
1,C,C,32,32,,54,True,1,target,1920,53.093999040634515,53.093999040634515,0.0
1,C,C,33,33,,55,True,1,target,1920,36.73202490454745,36.73202490454745,0.0
1,C,C,34,34,,56,True,1,target,1920,0.05580515750326668,0.05580515750326668,0.0
1,C,C,35,35,,57,True,1,target,1920,19.491675206984546,19.491675206984546,0.0
1,C,C,36,36,,58,True,1,target,1920,8.952737302105774,8.952737302105774,0.0
1,C,C,37,37,,59,True,1,target,1920,0.9113236689288393,0.9113236689288393,0.0
1,C,C,38,38,,60,True,1,target,1920,0.0,0.0,0.0
1,C,C,39,39,,61,True,1,target,1920,0.0,0.0,0.0
1,C,C,40,40,,62,True,1,target,1920,0.0,0.0,0.0
1,C,C,41,41,,63,True,1,target,1920,0.0,0.0,0.0
1,C,C,42,42,,64,True,1,target,1920,62.43506206566583,62.43506206566583,0.0
1,C,C,43,43,,65,True,1,target,1920,0.4402811204312195,0.4402811204312195,0.0
1,C,C,44,44,,66,True,1,target,1920,38.43025208335359,38.43025208335359,0.0
1,C,C,45,45,,67,True,1,target,1920,61.68040307738681,61.68040307738681,0.0
1,C,C,46,46,,68,True,1,target,1920,127.38966049555965,127.38966049555965,0.0
1,C,C,47,47,,69,True,1,target,1920,18.17493293310076,18.17493293310076,0.0
1,C,C,48,48,,70,True,1,target,1920,86.33351081069691,86.33351081069691,0.0
1,C,C,49,49,,71,True,1,target,1920,6.749646366390721,6.749646366390721,0.0
1,C,C,50,50,,72,True,1,target,1920,69.40364078809746,69.40364078809746,0.0
1,C,C,51,51,,73,True,1,target,1920,14.213322419569431,14.213322419569431,0.0
1,C,C,52,52,,74,True,1,target,1920,0.16741547250980005,0.16741547250980005,0.0
1,C,C,53,53,,75,True,1,target,1920,95.4678727470853,95.4678727470853,0.0
1,C,C,54,54,,76,True,1,target,1920,53.96137575533045,53.96137575533045,0.0
1,C,C,55,55,,77,True,1,target,1920,0.44644126002613344,0.44644126002613344,0.0
1,C,C,56,56,,78,True,1,target,1920,72.10460151007639,65.12895682216806,6.9756446879083285
1,C,C,57,57,,79,True,1,target,1920,34.421325911966846,21.865165473731842,12.556160438235004
1,C,C,58,58,,80,True,1,target,1920,0.859285804616002,0.859285804616002,0.0
1,C,C,59,59,,81,True,1,target,1920,45.20676626641567,45.20676626641567,0.0
1,C,C,60,60,,82,True,1,target,1920,0.0,0.0,0.0
1,C,C,61,61,,83,True,1,target,1920,5.646572971856149,5.646572971856149,0.0
1,C,C,62,62,,84,True,1,target,1920,2.1872213113251395,2.1872213113251395,0.0
1,C,C,63,63,,85,True,1,target,1920,0.0,0.0,0.0
1,C,C,64,64,,86,True,1,target,1920,5.472065353930871,5.472065353930871,0.0
1,C,C,65,65,,87,True,1,target,1920,0.0,0.0,0.0
1,C,C,66,66,,88,True,1,target,1920,62.47796836733223,62.47796836733223,0.0
1,C,C,67,67,,89,True,1,target,1920,2.812559910511474,2.812559910511474,0.0
1,C,C,68,68,,90,True,1,target,1920,53.484347163830805,53.484347163830805,0.0
1,C,C,69,69,,91,True,1,target,1920,6.434937322317362,6.434937322317362,0.0
1,C,C,70,70,,92,True,1,target,1920,77.96210101269456,77.96210101269456,0.0
1,C,C,71,71,,93,True,1,target,1920,102.80518870774885,102.80518870774885,0.0
1,C,C,72,72,,94,True,1,target,1920,4.522886802523214,4.522886802523214,0.0
1,C,C,73,73,,95,True,1,target,1920,23.326875231618587,23.326875231618587,0.0
1,C,C,74,74,,96,True,1,target,1920,1.5095352700498954,1.5095352700498954,0.0
1,C,C,75,75,,97,True,1,target,1920,47.511623860156,47.511623860156,0.0
1,C,C,76,76,,98,True,1,target,1920,138.50944681166217,138.50944681166217,0.0
1,C,C,77,77,,99,True,1,target,1920,1.9498163904811148,1.9498163904811148,0.0
1,C,C,78,78,,100,True,1,target,1920,45.005916394090036,45.005916394090036,0.0
1,C,C,79,79,,101,True,1,target,1920,0.4819019871035282,0.4819019871035282,0.0
1,C,C,80,80,,102,True,1,target,1920,1.6982271788061323,1.6982271788061323,0.0
1,C,C,81,81,,103,True,1,target,1920,20.409880927320156,20.409880927320156,0.0
1,C,C,82,82,,104,True,1,target,1920,3.459919765202534,3.459919765202534,0.0
1,C,C,83,83,,105,True,1,target,1920,84.41074615095707,84.41074615095707,0.0
1,C,C,84,84,,106,True,1,target,1920,68.91230289655918,68.91230289655918,0.0
1,C,C,85,85,,107,True,1,target,1920,47.36748889820625,47.36748889820625,0.0
1,C,C,86,86,,108,True,1,target,1920,10.566746890349268,10.566746890349268,0.0
1,C,C,87,87,,109,True,1,target,1920,119.60282909555872,119.60282909555872,0.0
1,C,C,88,88,,110,True,1,target,1920,128.90314108238366,128.90314108238366,0.0
1,C,C,89,89,,111,True,1,target,1920,61.72000416178226,61.72000416178226,0.0
1,C,C,90,90,,112,True,1,target,1920,18.859711119791484,18.859711119791484,0.0
1,C,C,91,91,,113,True,1,target,1920,0.0,0.0,0.0
1,C,C,92,92,,114,True,1,target,1920,3.333557054693519,3.333557054693519,0.0
1,C,C,93,93,,115,True,1,target,1920,0.05695772930805245,0.05695772930805245,0.0
1,C,C,94,94,,116,True,1,target,1920,0.0,0.0,0.0
1,C,C,95,95,,117,True,1,target,1920,11.887590251642925,11.887590251642925,0.0
1,C,C,96,96,,118,True,1,target,1920,45.84942682209572,45.84942682209572,0.0
1,C,C,97,97,,119,True,1,target,1920,0.11870246042201232,0.11870246042201232,0.0
1,C,C,98,98,,120,True,1,target,1920,20.177454776333597,20.177454776333597,0.0
1,C,C,99,99,,121,True,1,target,1920,87.19232014042711,87.19232014042711,0.0
1,C,C,100,100,,122,True,1,target,1920,92.47188505900773,92.47188505900773,0.0
1,C,C,101,101,,123,True,1,target,1920,223.5029413828999,223.5029413828999,0.0
1,C,C,111,111,,133,True,1,target,1920,143.18823514961977,143.18823514961977,0.0
1,C,C,112,112,,134,True,1,target,1920,68.17508432899687,68.17508432899687,0.0
1,C,C,113,113,,135,True,1,target,1920,7.4696994025935,7.4696994025935,0.0
1,C,C,114,114,,136,True,1,target,1920,0.6138567325359334,0.6138567325359334,0.0
1,C,C,115,115,,137,True,1,target,1920,4.214119295555958,4.214119295555958,0.0
1,C,C,116,116,,138,True,1,target,1920,93.95516970444302,93.95516970444302,0.0
1,C,C,117,117,,139,True,1,target,1920,25.603542921779184,25.603542921779184,0.0
1,C,C,118,118,,140,True,1,target,1920,8.690812905098952,8.690812905098952,0.0
1,C,C,119,119,,141,True,1,target,1920,21.813746764971153,21.813746764971153,0.0
1,C,C,120,120,,142,True,1,target,1920,3.144865145937282,3.144865145937282,0.0
1,C,C,121,121,,143,True,1,target,1920,79.39382295970586,79.39382295970586,0.0
1,C,C,122,122,,144,True,1,target,1920,19.867568076983503,19.867568076983503,0.0
1,C,C,123,123,,145,True,1,target,1920,5.33172255611338,5.33172255611338,0.0
1,C,C,124,124,,146,True,1,target,1920,3.335057165185608,3.335057165185608,0.0
1,C,C,125,125,,147,True,1,target,1920,1.2835186225751336,1.2835186225751336,0.0
1,C,C,126,126,,148,True,1,target,1920,0.06289730291874564,0.06289730291874564,0.0
1,C,C,127,127,,149,True,1,target,1920,25.9318053201589,25.9318053201589,0.0
1,C,C,128,128,,150,True,1,target,1920,122.11676622538013,122.11676622538013,0.0
1,C,C,129,129,,151,True,1,target,1920,10.735934744714468,10.735934744714468,0.0
1,C,C,130,130,,152,True,1,target,1920,0.4556618344644196,0.4556618344644196,0.0
1,C,C,131,131,,153,True,1,target,1920,0.0,0.0,0.0
1,C,C,132,132,,154,True,1,target,1920,15.472736518011427,15.472736518011427,0.0
1,C,C,133,133,,155,True,1,target,1920,0.0,0.0,0.0
1,C,C,134,134,,156,True,1,target,1920,34.30852375524736,34.30852375524736,0.0
1,C,C,135,135,,157,True,1,target,1920,138.15702752927177,138.15702752927177,0.0
1,C,C,136,136,,158,True,1,target,1920,2.822265468315658,2.822265468315658,0.0
1,C,C,137,137,,159,True,1,target,1920,39.10430369462771,39.10430369462771,0.0
1,C,C,138,138,,160,True,1,target,1920,15.696201275953618,15.696201275953618,0.0
1,C,C,139,139,,161,True,1,target,1920,0.0,0.0,0.0
1,C,C,140,140,,162,True,1,target,1920,2.0768231274841167,2.0768231274841167,0.0
1,C,C,141,141,,163,True,1,target,1920,19.7071328306509,19.7071328306509,0.0
1,C,C,142,142,,164,True,1,target,1920,1.2401273375428332,1.2401273375428332,0.0
1,C,C,143,143,,165,True,1,target,1920,93.67983463379618,93.67983463379618,0.0
1,C,C,144,144,,166,True,1,target,1920,19.92337323448677,19.92337323448677,0.0
1,C,C,145,145,,167,True,1,target,1920,12.961912837409393,12.961912837409393,0.0
1,C,C,146,146,,168,True,1,target,1920,38.24156017459735,38.24156017459735,0.0
1,C,C,147,147,,169,True,1,target,1920,19.46221557637398,19.46221557637398,0.0
1,C,C,148,148,,170,True,1,target,1920,121.05677322910486,121.05677322910486,0.0
1,C,C,149,149,,171,True,1,target,1920,0.7812722050457335,0.7812722050457335,0.0
1,C,C,150,150,,172,True,1,target,1920,1.8240217846436235,1.8240217846436235,0.0
1,C,C,151,151,,173,True,1,target,1920,6.792908715224529,6.792908715224529,0.0
1,C,C,152,152,,174,True,1,target,1920,33.27630571052216,33.27630571052216,0.0
1,C,C,153,153,,175,True,1,target,1920,135.95723330234756,135.95723330234756,0.0
1,C,C,154,154,,176,True,1,target,1920,131.35985672001385,131.35985672001385,0.0
1,C,C,155,155,,177,True,1,target,1920,14.627475306599823,14.627475306599823,0.0
1,C,C,156,156,,178,True,1,target,1920,68.24440553439375,68.24440553439375,0.0
1,C,C,157,157,,179,True,1,target,1920,182.26612066802466,182.26612066802466,0.0
1,C,C,158,158,,180,True,1,target,1920,22.006621573445948,22.006621573445948,0.0
1,C,C,159,159,,181,True,1,target,1920,81.29970548592345,81.29970548592345,0.0
1,C,C,160,160,,182,True,1,target,1920,58.86675015443127,58.86675015443127,0.0
1,C,C,161,161,,183,True,1,target,1920,78.68452595135079,78.68452595135079,0.0
1,C,C,162,162,,184,True,1,target,1920,46.63648152111948,46.63648152111948,0.0
1,C,C,163,163,,185,True,1,target,1920,45.003757203639154,45.003757203639154,0.0
1,C,C,164,164,,186,True,1,target,1920,59.36584908882086,59.36584908882086,0.0
1,C,C,165,165,,187,True,1,target,1920,110.65125091024242,62.95304524439584,47.69820566584659
1,C,C,166,166,,188,True,1,target,1920,55.19157566008794,40.06025106920692,15.131324590881022
1,C,C,167,167,,189,True,1,target,1920,96.30747647372654,72.27852007937912,24.028956394347418
1,C,C,168,168,,190,True,1,target,1920,56.395283430295564,56.395283430295564,0.0
1,C,C,169,169,,191,True,1,target,1920,90.2100797200925,90.2100797200925,0.0
1,C,C,170,170,,192,True,1,target,1920,50.32636325057091,50.32636325057091,0.0
1,C,C,171,171,,193,True,1,target,1920,141.90103628215064,141.90103628215064,0.0
1,C,C,172,172,,194,True,1,target,1920,109.03752341083928,109.03752341083928,0.0
1,C,C,173,173,,195,True,1,target,1920,23.08740078661401,23.08740078661401,0.0
1,C,C,174,174,,196,True,1,target,1920,20.36322369492506,20.36322369492506,0.0
1,C,C,175,175,,197,True,1,target,1920,134.76566451525372,134.76566451525372,0.0
1,C,C,176,176,,198,True,1,target,1920,141.33241324783867,141.33241324783867,0.0
1,C,C,177,177,,199,True,1,target,1920,7.65860860484161,7.65860860484161,0.0
1,C,C,178,178,,200,True,1,target,1920,209.0285290518723,209.0285290518723,0.0
1,C,C,179,179,,201,True,1,target,1920,32.390232592546546,32.390232592546546,0.0
1,C,C,180,180,,202,True,1,target,1920,76.08763244951744,76.08763244951744,0.0
1,C,C,181,181,,203,True,1,target,1920,82.1784331675759,82.1784331675759,0.0
1,C,C,182,182,,204,True,1,target,1920,0.6138567325359334,0.6138567325359334,0.0
1,C,C,183,183,,205,True,1,target,1920,4.566547086426478,4.566547086426478,0.0
1,C,C,184,184,,206,True,1,target,1920,0.16741547250980005,0.16741547250980005,0.0
1,C,C,185,185,,207,True,1,target,1920,126.24110992937048,126.24110992937048,0.0
1,C,C,186,186,,208,True,1,target,1920,43.68886977841793,43.68886977841793,0.0
1,C,C,187,187,,209,True,1,target,1920,61.85728063427015,61.85728063427015,0.0
1,C,C,188,188,,210,True,1,target,1920,121.90471984773681,121.90471984773681,0.0
1,C,C,189,189,,211,True,1,target,1920,2.7344527176600675,2.7344527176600675,0.0
1,C,C,190,190,,212,True,1,target,1920,31.82469159152741,31.82469159152741,0.0
1,C,C,191,191,,213,True,1,target,1920,20.641841729894896,20.641841729894896,0.0
1,C,C,192,192,,214,True,1,target,1920,62.91058792867951,62.91058792867951,0.0
1,C,C,193,193,,215,True,1,target,1920,47.99633037320133,47.99633037320133,0.0
1,C,C,194,194,,216,True,1,target,1920,8.203358152980202,8.203358152980202,0.0
1,C,C,195,195,,217,True,1,target,1920,46.13537916691477,46.13537916691477,0.0
1,C,C,196,196,,218,True,1,target,1920,67.17590863950429,67.17590863950429,0.0
1,C,C,197,197,,219,True,1,target,1920,60.72017397382015,60.72017397382015,0.0
1,C,C,198,198,,220,True,1,target,1920,29.856293989497253,29.856293989497253,0.0
1,C,C,199,199,,221,True,1,target,1920,28.86842279756982,28.86842279756982,0.0
1,C,C,200,200,,222,True,1,target,1920,73.64298707266175,73.64298707266175,0.0
1,C,C,201,201,,223,True,1,target,1920,97.76442410074922,97.76442410074922,0.0
1,C,C,202,202,,224,True,1,target,1920,28.454800054299724,28.454800054299724,0.0
1,C,C,203,203,,225,True,1,target,1920,49.81421754369035,49.81421754369035,0.0
1,C,C,204,204,,226,True,1,target,1920,7.026368319294422,7.026368319294422,0.0
1,C,C,205,205,,227,True,1,target,1920,4.464412600261334,4.464412600261334,0.0
1,C,C,206,206,,228,True,1,target,1920,102.22363736516887,102.22363736516887,0.0
1,C,C,207,207,,229,True,1,target,1920,9.890257272276266,9.890257272276266,0.0
1,C,C,208,208,,230,True,1,target,1920,97.14650882320393,97.14650882320393,0.0
1,C,C,209,209,,231,True,1,target,1920,96.6589702952811,96.6589702952811,0.0
1,C,C,210,210,,232,True,1,target,1920,92.42584698216479,92.42584698216479,0.0
1,C,C,211,211,,233,True,1,target,1920,94.81092056282526,94.81092056282526,0.0
1,C,C,212,212,,234,True,1,target,1920,22.741067685491455,22.741067685491455,0.0
1,C,C,213,213,,235,True,1,target,1920,21.969036998835033,21.969036998835033,0.0
1,C,C,214,214,,236,True,1,target,1920,16.310222287605395,16.310222287605395,0.0
1,C,C,215,215,,237,True,1,target,1920,61.08523620314587,61.08523620314587,0.0
1,C,C,216,216,,238,True,1,target,1920,137.76848647634972,137.76848647634972,0.0
1,C,C,217,217,,239,True,1,target,1920,21.4180291363311,21.4180291363311,0.0
1,C,C,218,218,,240,True,1,target,1920,7.422085947934469,7.422085947934469,0.0
1,C,C,219,219,,241,True,1,target,1920,0.37738381751247385,0.37738381751247385,0.0
1,C,C,220,220,,242,True,1,target,1920,0.16741547250980005,0.16741547250980005,0.0
1,C,C,221,221,,243,True,1,target,1920,0.8176649379436933,0.8176649379436933,0.0
1,C,C,222,222,,244,True,1,target,1920,8.67453552816254,8.67453552816254,0.0
1,C,C,223,223,,245,True,1,target,1920,95.35633246341499,95.35633246341499,0.0
1,C,C,224,224,,246,True,1,target,1920,4.4028112043121945,4.4028112043121945,0.0
1,C,C,225,225,,247,True,1,target,1920,84.33953148148794,84.33953148148794,0.0
1,C,C,226,226,,248,True,1,target,1920,120.32150964847096,120.32150964847096,0.0
1,C,C,227,227,,249,True,1,target,1920,72.45950265066314,72.45950265066314,0.0
1,C,C,228,228,,250,True,1,target,1920,60.525774838409895,60.525774838409895,0.0
1,C,C,229,229,,251,True,1,target,1920,35.42675075284621,35.42675075284621,0.0
1,C,C,230,230,,252,True,1,target,1920,29.341059704339138,17.096148631267727,12.24491107307141
1,C,C,231,231,,253,True,1,target,1920,59.652624138216055,53.15794943159068,6.494674706625375
1,C,C,232,232,,254,True,1,target,1920,5.220476142255888,0.12579460583749127,5.094681536418396
1,C,C,233,233,,255,True,1,target,1920,10.268917361804263,2.310363234865756,7.958554126938507
1,C,C,234,234,,256,True,1,target,1920,38.209320234488345,38.209320234488345,0.0
1,C,C,235,235,,257,True,1,target,1920,64.92405233182389,64.92405233182389,0.0
1,C,C,236,236,,258,True,1,target,1920,45.28011852788617,45.28011852788617,0.0
1,C,C,237,237,,259,True,1,target,1920,57.69555655919139,13.192822515442122,44.502734043749264
1,C,C,238,238,,260,True,1,target,1920,34.93374781720153,34.93374781720153,0.0
1,C,C,239,239,,261,True,1,target,1920,102.39193902860637,97.73753861261919,4.654400415987183
1,C,C,240,240,,262,True,1,target,1920,47.20613539052093,22.021556574021417,25.18457881649951
1,C,C,241,241,,263,True,1,target,1920,55.91570229476488,55.91570229476488,0.0
1,C,C,242,242,,264,True,1,target,1920,8.91865953029443,3.557008068167849,5.361651462126582
1,C,C,243,243,,265,True,1,target,1920,60.08886896658588,60.08886896658588,0.0
1,C,C,244,244,,266,True,1,target,1920,100.03635125849524,100.03635125849524,0.0
1,C,C,245,245,,267,True,1,target,1920,122.57547278672466,122.57547278672466,0.0
1,C,C,246,246,,268,True,1,target,1920,13.18474076834076,13.18474076834076,0.0
1,C,C,247,247,,269,True,1,target,1920,24.086694285831122,24.086694285831122,0.0
1,C,C,248,248,,270,True,1,target,1920,56.62827114096894,56.62827114096894,0.0
1,C,C,249,249,,271,True,1,target,1920,49.58618896792035,49.58618896792035,0.0
1,C,C,250,250,,272,True,1,target,1920,40.53607342002728,40.53607342002728,0.0
1,C,C,251,251,,273,True,1,target,1920,68.51534761131332,68.51534761131332,0.0
1,C,C,252,252,,274,True,1,target,1920,124.68838430531841,124.68838430531841,0.0
1,C,C,253,253,,275,True,1,target,1920,40.38962022449855,40.38962022449855,0.0
1,C,C,254,254,,276,True,1,target,1920,121.23328361234678,121.23328361234678,0.0
1,C,C,255,255,,277,True,1,target,1920,140.30481465331115,140.30481465331115,0.0
1,C,C,256,256,,278,True,1,target,1920,90.10453202440893,90.10453202440893,0.0
1,C,C,257,257,,279,True,1,target,1920,129.22040528848197,129.22040528848197,0.0
1,C,C,258,258,,280,True,1,target,1920,103.8884059277158,103.8884059277158,0.0
1,C,C,259,259,,281,True,1,target,1920,83.83718296219732,83.83718296219732,0.0
1,C,C,260,260,,282,True,1,target,1920,80.56908884442296,80.56908884442296,0.0
1,C,C,261,261,,283,True,1,target,1920,109.15812326232434,109.15812326232434,0.0
1,C,C,262,262,,284,True,1,target,1920,40.08667055442667,40.08667055442667,0.0
1,C,C,263,263,,285,True,1,target,1920,118.88701524594288,118.88701524594288,0.0
1,C,C,264,264,,286,True,1,target,1920,126.22838124313569,126.22838124313569,0.0
1,C,C,265,265,,287,True,1,target,1920,7.533696262941001,7.533696262941001,0.0
1,C,C,266,266,,288,True,1,target,1920,57.2730071112958,57.2730071112958,0.0
1,C,C,267,267,,289,True,1,target,1920,33.48045818212487,33.48045818212487,0.0
1,C,C,268,268,,290,True,1,target,1920,35.6406068187577,35.6406068187577,0.0
1,C,C,269,269,,291,True,1,target,1920,22.558855311583248,22.558855311583248,0.0
1,C,C,270,270,,292,True,1,target,1920,25.100253233689408,25.100253233689408,0.0
1,C,C,271,271,,293,True,1,target,1920,18.823969612870677,18.823969612870677,0.0
1,C,C,272,272,,294,True,1,target,1920,42.237775985706435,41.84713988318357,0.39063610252286196
1,C,C,273,273,,295,True,1,target,1920,18.86214323610414,18.86214323610414,0.0
1,C,C,274,274,,296,True,1,target,1920,32.58080291191024,32.58080291191024,0.0
1,C,C,275,275,,297,True,1,target,1920,102.57778256002334,102.57778256002334,0.0
1,C,C,276,276,,298,True,1,target,1920,63.51569794366907,63.51569794366907,0.0
1,C,C,277,277,,299,True,1,target,1920,26.16735604683884,26.16735604683884,0.0
1,C,C,278,278,,300,True,1,target,1920,36.360801226629896,36.360801226629896,0.0
1,C,C,279,279,,301,True,1,target,1920,127.42161769232983,127.42161769232983,0.0
1,C,C,280,280,,302,True,1,target,1920,19.456705353759276,19.456705353759276,0.0
1,C,C,281,281,,303,True,1,target,1920,45.57315254614516,45.57315254614516,0.0
1,C,C,282,282,,304,True,1,target,1920,0.37738381751247385,0.37738381751247385,0.0
1,C,C,283,283,,305,True,1,target,1920,17.148231655974957,17.148231655974957,0.0
1,C,C,284,284,,306,True,1,target,1920,4.691361253556661,4.691361253556661,0.0
1,C,C,285,285,,307,True,1,target,1920,101.44757169544799,101.44757169544799,0.0
1,C,C,286,286,,308,True,1,target,1920,123.73604125381074,123.73604125381074,0.0
1,C,C,287,287,,309,True,1,target,1920,5.326494422339032,5.326494422339032,0.0
1,C,C,288,288,,310,True,1,target,1920,20.66411627630732,20.66411627630732,0.0
1,C,C,289,289,,311,True,1,target,1920,12.94679654075787,12.94679654075787,0.0
1,C,C,290,290,,312,True,1,target,1920,44.31422997605376,44.31422997605376,0.0
1,C,C,291,291,,313,True,1,target,1920,56.064751231223624,56.064751231223624,0.0
1,C,C,292,292,,314,True,1,target,1920,76.39777636676605,76.39777636676605,0.0
1,C,C,293,293,,315,True,1,target,1920,29.322331885132925,29.322331885132925,0.0
1,C,C,294,294,,316,True,1,target,1920,53.543814894769376,53.543814894769376,0.0
1,C,C,295,295,,317,True,1,target,1920,142.34499961097126,142.34499961097126,0.0
1,C,C,296,296,,318,True,1,target,1920,129.32282382698287,129.32282382698287,0.0
1,C,C,297,297,,319,True,1,target,1920,28.59947366848988,28.59947366848988,0.0
1,C,C,298,298,,320,True,1,target,1920,66.95256038228968,66.95256038228968,0.0
1,C,C,299,299,,321,True,1,target,1920,36.33325273155026,36.33325273155026,0.0
1,C,C,300,300,,322,True,1,target,1920,39.247917021297276,39.247917021297276,0.0
1,C,C,301,301,,323,True,1,target,1920,103.53290723002638,103.53290723002638,0.0
1,C,C,302,302,,324,True,1,target,1920,91.14894141212545,91.14894141212545,0.0
1,C,C,306,306,,328,True,1,target,1920,135.1675056315744,135.1675056315744,0.0
1,C,C,307,307,,329,True,1,target,1920,29.828109976403738,29.828109976403738,0.0
1,C,C,308,308,,330,True,1,target,1920,110.62977812445513,110.62977812445513,0.0
1,C,C,309,309,,331,True,1,target,1920,1.6741547250980005,1.6741547250980005,0.0
1,C,C,310,310,,332,True,1,target,1920,76.03422079291713,76.03422079291713,0.0
1,C,C,311,311,,333,True,1,target,1920,145.6472821107983,145.6472821107983,0.0
1,C,C,312,312,,334,True,1,target,1920,23.6529018632265,23.6529018632265,0.0
1,C,C,313,313,,335,True,1,target,1920,122.14629065133919,122.14629065133919,0.0
1,C,C,314,314,,336,True,1,target,1920,166.72494913554408,166.72494913554408,0.0
1,C,C,315,315,,337,True,1,target,1920,117.89522295368467,117.89522295368467,0.0
1,C,C,316,316,,338,True,1,target,1920,60.24580330060514,60.24580330060514,0.0
1,C,C,317,317,,339,True,1,target,1920,68.87903212136072,68.87903212136072,0.0
1,C,C,318,318,,340,True,1,target,1920,237.26928192670744,237.26928192670744,0.0
1,C,C,319,319,,341,True,1,target,1920,68.76216880163801,68.76216880163801,0.0
1,C,C,320,320,,342,True,1,target,1920,17.529448871023284,17.529448871023284,0.0
1,C,C,321,321,,343,True,1,target,1920,72.6905124669617,72.6905124669617,0.0
1,C,C,322,322,,344,True,1,target,1920,0.0,0.0,0.0
1,C,C,323,323,,345,True,1,target,1920,5.496705912310526,5.496705912310526,0.0
1,C,C,324,324,,346,True,1,target,1920,40.029492259134386,40.029492259134386,0.0
1,C,C,325,325,,347,True,1,target,1920,32.33314069105225,32.33314069105225,0.0
1,C,C,326,326,,348,True,1,target,1920,95.29182836675362,95.29182836675362,0.0
1,C,C,327,327,,349,True,1,target,1920,125.84472340329462,125.84472340329462,0.0
1,C,C,328,328,,350,True,1,target,1920,5.9123464743620895,5.9123464743620895,0.0
1,C,C,329,329,,351,True,1,target,1920,170.8481049248123,170.8481049248123,0.0
1,C,C,330,330,,352,True,1,target,1920,178.91743749920258,178.91743749920258,0.0
1,C,C,331,331,,353,True,1,target,1920,50.07598158857215,50.07598158857215,0.0
1,C,C,332,332,,354,True,1,target,1920,158.12164791180476,158.12164791180476,0.0
1,C,C,333,333,,355,True,1,target,1920,2.9684045045790217,2.9684045045790217,0.0
1,C,C,334,334,,356,True,1,target,1920,0.0,0.0,0.0
1,C,C,335,335,,357,True,1,target,1920,25.75450168477193,25.75450168477193,0.0
1,C,C,336,336,,358,True,1,target,1920,38.436958729170534,38.436958729170534,0.0
1,C,C,337,337,,359,True,1,target,1920,81.99053123847233,81.99053123847233,0.0
1,C,C,338,338,,360,True,1,target,1920,11.22820856906413,11.22820856906413,0.0
1,C,C,339,339,,361,True,1,target,1920,0.0,0.0,0.0
1,C,C,340,340,,362,True,1,target,1920,112.0510424949208,112.0510424949208,0.0
1,C,C,341,341,,363,True,1,target,1920,79.95181366638084,79.95181366638084,0.0
1,C,C,342,342,,364,True,1,target,1920,1.8141336217664494,1.8141336217664494,0.0
1,C,C,343,343,,365,True,1,target,1920,62.76036874895729,62.76036874895729,0.0
1,C,C,344,344,,366,True,1,target,1920,58.98927292241975,58.98927292241975,0.0
1,C,C,345,345,,367,True,1,target,1920,20.589380405072298,20.589380405072298,0.0
1,C,C,346,346,,368,True,1,target,1920,130.8396731174294,130.8396731174294,0.0
1,C,C,347,347,,369,True,1,target,1920,55.77154115287634,55.77154115287634,0.0
1,C,C,348,348,,370,True,1,target,1920,0.691870332106202,0.691870332106202,0.0
1,C,C,349,349,,371,True,1,target,1920,32.14052179147902,32.14052179147902,0.0
1,C,C,350,350,,372,True,1,target,1920,0.0,0.0,0.0
1,C,C,351,351,,373,True,1,target,1920,0.16741547250980005,0.16741547250980005,0.0
1,C,C,352,352,,374,True,1,target,1920,0.0,0.0,0.0
1,C,C,353,353,,375,True,1,target,1920,2.6416867225873166,2.6416867225873166,0.0
1,C,C,354,354,,376,True,1,target,1920,0.0,0.0,0.0
1,C,C,355,355,,377,True,1,target,1920,22.265645233235954,22.265645233235954,0.0
1,C,C,356,356,,378,True,1,target,1920,69.7379926402374,69.7379926402374,0.0
1,C,C,357,357,,379,True,1,target,1920,59.17847533998219,59.17847533998219,0.0
1,C,C,358,358,,380,True,1,target,1920,0.6696618900392002,0.6696618900392002,0.0
1,C,C,359,359,,381,True,1,target,1920,19.77682579117844,19.77682579117844,0.0
1,C,C,360,360,,382,True,1,target,1920,169.0373275711974,169.0373275711974,0.0
1,C,C,365,365,,387,True,1,target,1920,112.18073398464568,112.18073398464568,0.0
1,C,C,366,366,,388,True,1,target,1920,168.25020022284355,168.25020022284355,0.0
1,C,C,367,367,,389,True,1,target,1920,70.95833907053658,70.95833907053658,0.0
1,C,C,368,368,,390,True,1,target,1920,60.07175121361463,60.07175121361463,0.0
1,C,C,369,369,,391,True,1,target,1920,56.54244741116216,56.54244741116216,0.0
1,C,C,370,370,,392,True,1,target,1920,5.803736380339735,5.803736380339735,0.0
1,C,C,371,371,,393,True,1,target,1920,96.40646151325647,96.40646151325647,0.0
1,C,C,372,372,,394,True,1,target,1920,31.604314757364314,31.604314757364314,0.0
1,C,C,373,373,,395,True,1,target,1920,119.0807710093576,119.0807710093576,0.0
1,C,C,374,374,,396,True,1,target,1920,50.12190512818294,50.12190512818294,0.0
1,C,C,375,375,,397,True,1,target,1920,0.0,0.0,0.0
1,C,C,376,376,,398,True,1,target,1920,113.37093290644285,113.37093290644285,0.0
1,C,C,377,377,,399,True,1,target,1920,21.81923604363483,21.81923604363483,0.0
1,C,C,378,378,,400,True,1,target,1920,2.124324008406394,2.124324008406394,0.0
1,C,C,379,379,,401,True,1,target,1920,118.54131046335101,118.54131046335101,0.0
1,C,C,380,380,,402,True,1,target,1920,50.900534468408836,50.900534468408836,0.0
1,C,C,381,381,,403,True,1,target,1920,1.0063568466999302,1.0063568466999302,0.0
1,C,C,382,382,,404,True,1,target,1920,67.8144504363158,67.8144504363158,0.0
1,C,C,383,383,,405,True,1,target,1920,24.21121000165921,24.21121000165921,0.0
1,C,C,384,384,,406,True,1,target,1920,0.0,0.0,0.0
1,C,C,385,385,,407,True,1,target,1920,6.138567325359335,6.138567325359335,0.0
1,C,C,386,386,,408,True,1,target,1920,0.0,0.0,0.0
1,C,C,387,387,,409,True,1,target,1920,30.78726242998807,30.78726242998807,0.0
1,C,C,388,388,,410,True,1,target,1920,0.16741547250980005,0.16741547250980005,0.0
1,C,C,389,389,,411,True,1,target,1920,30.461023740876037,30.461023740876037,0.0
1,C,C,390,390,,412,True,1,target,1920,0.0,0.0,0.0
1,C,C,391,391,,413,True,1,target,1920,23.637110124154454,23.637110124154454,0.0
1,C,C,392,392,,414,True,1,target,1920,15.72432572968641,15.72432572968641,0.0
1,C,C,393,393,,415,True,1,target,1920,13.807508497538908,13.807508497538908,0.0
1,C,C,394,394,,416,True,1,target,1920,14.745405458827829,14.745405458827829,0.0
1,C,C,395,395,,417,True,1,target,1920,140.6354626986122,140.6354626986122,0.0
1,C,C,396,396,,418,True,1,target,1920,90.1753958826984,90.1753958826984,0.0
1,C,C,397,397,,419,True,1,target,1920,39.04317681006896,39.04317681006896,0.0
1,C,C,398,398,,420,True,1,target,1920,52.192882275337496,52.192882275337496,0.0
1,C,C,399,399,,421,True,1,target,1920,15.96736719134975,15.96736719134975,0.0
1,C,C,400,400,,422,True,1,target,1920,0.0,0.0,0.0
1,C,C,401,401,,423,True,1,target,1920,40.447665075764434,40.447665075764434,0.0
1,C,C,402,402,,424,True,1,target,1920,21.88777054187136,21.88777054187136,0.0
1,C,C,403,403,,425,True,1,target,1920,0.06289730291874564,0.06289730291874564,0.0
1,C,C,404,404,,426,True,1,target,1920,52.18216617189641,52.18216617189641,0.0
1,C,C,405,405,,427,True,1,target,1920,60.15578096311654,60.15578096311654,0.0
1,C,C,406,406,,428,True,1,target,1920,0.0,0.0,0.0
1,C,C,407,407,,429,True,1,target,1920,67.333594992265,67.333594992265,0.0
1,C,C,408,408,,430,True,1,target,1920,5.346270748093379,5.346270748093379,0.0
1,C,C,409,409,,431,True,1,target,1920,0.05580515750326668,0.05580515750326668,0.0
1,C,C,410,410,,432,True,1,target,1920,28.41140222428273,28.41140222428273,0.0
1,C,C,411,411,,433,True,1,target,1920,4.129581655241735,4.129581655241735,0.0
1,C,C,412,412,,434,True,1,target,1920,23.811488151382772,23.811488151382772,0.0
1,C,C,413,413,,435,True,1,target,1920,50.31784233499651,50.31784233499651,0.0
1,C,C,414,414,,436,True,1,target,1920,33.081651320708794,33.081651320708794,0.0
1,C,C,415,415,,437,True,1,target,1920,40.642735072105936,40.642735072105936,0.0
1,C,C,416,416,,438,True,1,target,1920,27.263644910238604,27.263644910238604,0.0
1,C,C,417,417,,439,True,1,target,1920,12.272280890068874,12.272280890068874,0.0
1,C,C,418,418,,440,True,1,target,1920,4.8701649994357235,4.8701649994357235,0.0
1,C,C,419,419,,441,True,1,target,1920,16.354434968216914,16.354434968216914,0.0
1,C,C,420,420,,442,True,1,target,1920,0.16741547250980005,0.16741547250980005,0.0
1,C,C,421,421,,443,True,1,target,1920,0.0,0.0,0.0
1,C,C,422,422,,444,True,1,target,1920,1.180864464625209,1.180864464625209,0.0
1,C,C,423,423,,445,True,1,target,1920,0.0,0.0,0.0
1,C,C,424,424,,446,True,1,target,1920,32.10934802937683,32.10934802937683,0.0
1,C,C,425,425,,447,True,1,target,1920,50.84408986590086,50.84408986590086,0.0
1,C,C,426,426,,448,True,1,target,1920,5.704633531085306,5.704633531085306,0.0
1,C,C,427,427,,449,True,1,target,1920,28.966197014931172,28.966197014931172,0.0
1,C,C,428,428,,450,True,1,target,1920,0.11161031500653336,0.11161031500653336,0.0
1,C,C,429,429,,451,True,1,target,1920,39.74911624127548,39.74911624127548,0.0
1,C,C,430,430,,452,True,1,target,1920,62.0415625323389,62.0415625323389,0.0
1,C,C,431,431,,453,True,1,target,1920,0.0,0.0,0.0
1,C,C,432,432,,454,True,1,target,1920,0.3348309450196001,0.3348309450196001,0.0
1,C,C,433,433,,455,True,1,target,1920,0.0,0.0,0.0
1,C,C,434,434,,456,True,1,target,1920,46.8276369621149,46.8276369621149,0.0
1,C,C,435,435,,457,True,1,target,1920,37.681529396192914,37.681529396192914,0.0
1,C,C,436,436,,458,True,1,target,1920,6.550479864128638,6.550479864128638,0.0
1,C,C,437,437,,459,True,1,target,1920,114.8688521376561,114.8688521376561,0.0
1,C,C,438,438,,460,True,1,target,1920,6.70371104580748,6.70371104580748,0.0
1,C,C,439,439,,461,True,1,target,1920,0.18869190875623693,0.18869190875623693,0.0
1,C,C,440,440,,462,True,1,target,1920,1.2835186225751336,1.2835186225751336,0.0
1,C,C,441,441,,463,True,1,target,1920,22.257097483224314,22.257097483224314,0.0
1,C,C,442,442,,464,True,1,target,1920,10.09392999650084,10.09392999650084,0.0
1,C,C,443,443,,465,True,1,target,1920,5.346270748093379,5.346270748093379,0.0
1,C,C,444,444,,466,True,1,target,1920,0.0,0.0,0.0
1,C,C,445,445,,467,True,1,target,1920,11.887590251642925,11.887590251642925,0.0
1,C,C,446,446,,468,True,1,target,1920,0.0,0.0,0.0
1,C,C,447,447,,469,True,1,target,1920,4.88542201325819,4.88542201325819,0.0
1,C,C,448,448,,470,True,1,target,1920,87.79592153644448,87.79592153644448,0.0
1,C,C,449,449,,471,True,1,target,1920,0.18869190875623693,0.18869190875623693,0.0
1,C,C,450,450,,472,True,1,target,1920,94.30851968365705,94.30851968365705,0.0
1,C,C,451,451,,473,True,1,target,1920,96.23768861092093,96.23768861092093,0.0
1,C,C,452,452,,474,True,1,target,1920,1.8415701976078005,1.8415701976078005,0.0
1,C,C,453,453,,475,True,1,target,1920,3.2283791506452104,3.2283791506452104,0.0
1,C,C,454,454,,476,True,1,target,1920,9.516816808042519,9.516816808042519,0.0
1,C,C,455,455,,477,True,1,target,1920,3.8709984729216975,3.8709984729216975,0.0
1,C,C,456,456,,478,True,1,target,1920,114.57848520066031,114.57848520066031,0.0
1,C,C,457,457,,479,True,1,target,1920,22.63318539376718,22.63318539376718,0.0
1,C,C,458,458,,480,True,1,target,1920,8.120116419635584,8.120116419635584,0.0
1,C,C,459,459,,481,True,1,target,1920,11.698898342886688,11.698898342886688,0.0
1,C,C,460,460,,482,True,1,target,1920,19.904934703604077,19.904934703604077,0.0
1,C,C,461,461,,483,True,1,target,1920,137.6193576910777,137.6193576910777,0.0
1,C,C,462,462,,484,True,1,target,1920,98.79341285002593,98.79341285002593,0.0
1,C,C,463,463,,485,True,1,target,1920,8.239546682355678,8.239546682355678,0.0
1,C,C,464,464,,486,True,1,target,1920,30.25251100046953,30.25251100046953,0.0
1,C,C,465,465,,487,True,1,target,1920,92.9158647502901,92.9158647502901,0.0
1,C,C,466,466,,488,True,1,target,1920,54.60370448028647,54.60370448028647,0.0
1,C,C,467,467,,489,True,1,target,1920,104.56407218671416,104.56407218671416,0.0
1,C,C,468,468,,490,True,1,target,1920,23.246417734763217,23.246417734763217,0.0
1,C,C,469,469,,491,True,1,target,1920,16.353707165918834,16.353707165918834,0.0
1,C,C,470,470,,492,True,1,target,1920,13.900303945042785,13.900303945042785,0.0
1,C,C,471,471,,493,True,1,target,1920,30.64278058384948,30.64278058384948,0.0
1,C,C,472,472,,494,True,1,target,1920,8.491135894030661,8.491135894030661,0.0
1,C,C,473,473,,495,True,1,target,1920,88.9063325133206,88.9063325133206,0.0
1,C,C,474,474,,496,True,1,target,1920,39.726212721833875,39.726212721833875,0.0
1,C,C,475,475,,497,True,1,target,1920,49.95280563111112,49.95280563111112,0.0
1,C,C,476,476,,498,True,1,target,1920,24.854856886532815,24.854856886532815,0.0
1,C,C,477,477,,499,True,1,target,1920,61.06256372166399,61.06256372166399,0.0
1,C,C,478,478,,500,True,1,target,1920,65.53898964133296,65.53898964133296,0.0
1,C,C,479,479,,501,True,1,target,1920,130.22031205276497,130.22031205276497,0.0
1,C,C,480,480,,502,True,1,target,1920,106.57321362746751,106.57321362746751,0.0
1,C,C,481,481,,503,True,1,target,1920,91.76061473776714,91.76061473776714,0.0
1,C,C,482,482,,504,True,1,target,1920,9.762433721183331,9.762433721183331,0.0
1,C,C,483,483,,505,True,1,target,1920,97.64623411262882,97.64623411262882,0.0
1,C,C,484,484,,506,True,1,target,1920,69.6341315871097,69.6341315871097,0.0
1,C,C,485,485,,507,True,1,target,1920,117.36742753389993,117.36742753389993,0.0
1,C,C,486,486,,508,True,1,target,1920,58.18759410959354,58.18759410959354,0.0
1,C,C,487,487,,509,True,1,target,1920,56.66007453059878,56.66007453059878,0.0
1,C,C,488,488,,510,True,1,target,1920,64.04862266795924,64.04862266795924,0.0
1,C,C,489,489,,511,True,1,target,1920,30.370417590752634,30.370417590752634,0.0
1,C,C,490,490,,512,True,1,target,1920,67.68736450499799,67.68736450499799,0.0
1,C,C,491,491,,513,True,1,target,1920,163.1501445994921,163.1501445994921,0.0
1,C,C,492,492,,514,True,1,target,1920,23.712283200367104,23.712283200367104,0.0
1,C,C,493,493,,515,True,1,target,1920,8.314968467986736,8.314968467986736,0.0
1,C,C,494,494,,516,True,1,target,1920,27.677245400560732,27.677245400560732,0.0
1,C,C,495,495,,517,True,1,target,1920,215.66326381297634,215.66326381297634,0.0
1,C,C,496,496,,518,True,1,target,1920,45.92531788312941,45.92531788312941,0.0
1,C,C,497,497,,519,True,1,target,1920,54.364099135588006,54.364099135588006,0.0
1,C,C,498,498,,520,True,1,target,1920,0.2010619298297468,0.2010619298297468,0.0
1,C,C,499,499,,521,True,1,target,1920,4.2078688351722535,4.2078688351722535,0.0
1,C,C,500,500,,522,True,1,target,1920,0.16741547250980005,0.16741547250980005,0.0
1,C,C,501,501,,523,True,1,target,1920,46.25249839553905,46.25249839553905,0.0
1,C,C,502,502,,524,True,1,target,1920,19.578302006413406,19.578302006413406,0.0
1,C,C,503,503,,525,True,1,target,1920,36.56181341457595,36.56181341457595,0.0
1,C,C,504,504,,526,True,1,target,1920,54.80730390068247,54.80730390068247,0.0
1,C,C,505,505,,527,True,1,target,1920,14.712912882309611,14.712912882309611,0.0
1,C,C,506,506,,528,True,1,target,1920,14.302796941839077,14.302796941839077,0.0
1,C,C,507,507,,529,True,1,target,1920,46.34417268716468,46.34417268716468,0.0
1,C,C,508,508,,530,True,1,target,1920,99.2938057278897,99.2938057278897,0.0
1,C,C,509,509,,531,True,1,target,1920,21.082324435854723,21.082324435854723,0.0
1,C,C,510,510,,532,True,1,target,1920,48.81062398952864,48.81062398952864,0.0
1,C,C,511,511,,533,True,1,target,1920,58.17542632854712,58.17542632854712,0.0
1,C,C,512,512,,534,True,1,target,1920,49.94045851748404,49.94045851748404,0.0
1,C,C,513,513,,535,True,1,target,1920,49.68908987179327,49.68908987179327,0.0
1,C,C,514,514,,536,True,1,target,1920,65.68683560960477,65.68683560960477,0.0
1,C,C,515,515,,537,True,1,target,1920,50.427709066080304,50.427709066080304,0.0
1,C,C,516,516,,538,True,1,target,1920,112.81462818782528,112.81462818782528,0.0
1,C,C,517,517,,539,True,1,target,1920,85.56162607719918,85.56162607719918,0.0
1,C,C,518,518,,540,True,1,target,1920,2.04537840301556,2.04537840301556,0.0
1,C,C,519,519,,541,True,1,target,1920,13.27133091585533,13.27133091585533,0.0
1,C,C,520,520,,542,True,1,target,1920,95.61328463554902,95.61328463554902,0.0
1,C,C,521,521,,543,True,1,target,1920,114.26052002670119,114.26052002670119,0.0
1,C,C,522,522,,544,True,1,target,1920,15.806432562684916,15.806432562684916,0.0
1,C,C,523,523,,545,True,1,target,1920,70.86503638671886,70.86503638671886,0.0
1,C,C,524,524,,546,True,1,target,1920,31.76313797396655,31.76313797396655,0.0
1,C,C,525,525,,547,True,1,target,1920,100.56052664724517,100.56052664724517,0.0
1,C,C,526,526,,548,True,1,target,1920,141.58541094022,141.58541094022,0.0
1,C,C,527,527,,549,True,1,target,1920,31.794385039897314,31.794385039897314,0.0
1,C,C,528,528,,550,True,1,target,1920,177.99039277703642,177.99039277703642,0.0
1,C,C,529,529,,551,True,1,target,1920,78.50682503539284,78.50682503539284,0.0
1,C,C,530,530,,552,True,1,target,1920,38.489592187090615,38.489592187090615,0.0
1,C,C,531,531,,553,True,1,target,1920,10.367439016417775,10.367439016417775,0.0
1,C,C,532,532,,554,True,1,target,1920,27.65244514455452,27.65244514455452,0.0
1,C,C,533,533,,555,True,1,target,1920,65.56028571253349,65.56028571253349,0.0
1,C,C,534,534,,556,True,1,target,1920,84.2469762349224,84.2469762349224,0.0
1,C,C,535,535,,557,True,1,target,1920,78.18925975999859,78.18925975999859,0.0
1,C,C,536,536,,558,True,1,target,1920,155.3048095447982,155.3048095447982,0.0
1,C,C,537,537,,559,True,1,target,1920,80.85143948416436,80.85143948416436,0.0
1,C,C,538,538,,560,True,1,target,1920,10.323954138104336,10.323954138104336,0.0
1,C,C,539,539,,561,True,1,target,1920,55.34962656849616,55.34962656849616,0.0
1,C,C,540,540,,562,True,1,target,1920,88.24481651123276,88.24481651123276,0.0
1,C,C,541,541,,563,True,1,target,1920,15.142974009139618,15.142974009139618,0.0
1,C,C,542,542,,564,True,1,target,1920,58.186378705935695,58.186378705935695,0.0
1,C,C,543,543,,565,True,1,target,1920,109.7104892091525,109.7104892091525,0.0
1,C,C,544,544,,566,True,1,target,1920,27.690542191467053,27.690542191467053,0.0
1,C,C,545,545,,567,True,1,target,1920,8.25916331048347,8.25916331048347,0.0
1,C,C,546,546,,568,True,1,target,1920,76.9576179951128,76.9576179951128,0.0
1,C,C,547,547,,569,True,1,target,1920,73.31925118569707,73.31925118569707,0.0
1,C,C,548,548,,570,True,1,target,1920,30.922531555670016,30.922531555670016,0.0
1,C,C,549,549,,571,True,1,target,1920,152.70692382328505,152.70692382328505,0.0
1,C,C,550,550,,572,True,1,target,1920,83.53904516487317,83.53904516487317,0.0
1,C,C,551,551,,573,True,1,target,1920,48.956354618747035,48.956354618747035,0.0
1,C,C,552,552,,574,True,1,target,1920,52.81072883054348,52.81072883054348,0.0
1,C,C,553,553,,575,True,1,target,1920,1.4620186811643499,1.4620186811643499,0.0
1,C,C,554,554,,576,True,1,target,1920,7.758069464758854,7.758069464758854,0.0
1,C,C,555,555,,577,True,1,target,1920,143.78218727470136,143.78218727470136,0.0
1,C,C,556,556,,578,True,1,target,1920,1.4466379671311496,1.4466379671311496,0.0
1,C,C,557,557,,579,True,1,target,1920,27.666993336534517,27.666993336534517,0.0
1,C,C,558,558,,580,True,1,target,1920,11.310694356676477,11.310694356676477,0.0
1,C,C,559,559,,581,True,1,target,1920,9.031014010060781,9.031014010060781,0.0
1,C,C,560,560,,582,True,1,target,1920,22.01223651581577,22.01223651581577,0.0
1,C,C,561,561,,583,True,1,target,1920,20.935933417680605,20.935933417680605,0.0
1,C,C,562,562,,584,True,1,target,1920,20.12629328547142,20.12629328547142,0.0
1,C,C,563,563,,585,True,1,target,1920,63.492200139617154,63.492200139617154,0.0
1,C,C,564,564,,586,True,1,target,1920,27.297429466735608,27.297429466735608,0.0
1,C,C,565,565,,587,True,1,target,1920,26.681386054813082,26.681386054813082,0.0
1,C,C,566,566,,588,True,1,target,1920,38.704298446513974,38.704298446513974,0.0
1,C,C,567,567,,589,True,1,target,1920,111.652132877245,111.652132877245,0.0
1,C,C,568,568,,590,True,1,target,1920,86.61940359615521,86.61940359615521,0.0
1,C,C,569,569,,591,True,1,target,1920,49.34751562904245,49.34751562904245,0.0
1,C,C,570,570,,592,True,1,target,1920,6.656862045360823,6.656862045360823,0.0
1,C,C,571,571,,593,True,1,target,1920,5.583675668937404,5.583675668937404,0.0
1,C,C,572,572,,594,True,1,target,1920,7.534628268761566,7.534628268761566,0.0
1,C,C,573,573,,595,True,1,target,1920,9.686184649486828,9.686184649486828,0.0
1,C,C,574,574,,596,True,1,target,1920,6.167234358323343,6.167234358323343,0.0
1,C,C,575,575,,597,True,1,target,1920,32.58080291191025,32.58080291191025,0.0
1,C,C,576,576,,598,True,1,target,1920,52.32690261793964,52.32690261793964,0.0
1,C,C,577,577,,599,True,1,target,1920,199.37988250760506,199.37988250760506,0.0
1,C,C,578,578,,600,True,1,target,1920,17.88067958419309,17.88067958419309,0.0
1,C,C,579,579,,601,True,1,target,1920,34.34192739363512,34.34192739363512,0.0
1,C,C,580,580,,602,True,1,target,1920,108.51757280970995,108.51757280970995,0.0
1,C,C,591,591,,613,True,1,target,1920,129.9392874269228,129.9392874269228,0.0
1,C,C,592,592,,614,True,1,target,1920,143.05890297955463,143.05890297955463,0.0
1,C,C,593,593,,615,True,1,target,1920,20.967603289622666,20.967603289622666,0.0
1,C,C,594,594,,616,True,1,target,1920,83.27602906441922,83.27602906441922,0.0
1,C,C,595,595,,617,True,1,target,1920,59.439291671080156,59.439291671080156,0.0
1,C,C,596,596,,618,True,1,target,1920,44.963272546309895,44.963272546309895,0.0
1,C,C,597,597,,619,True,1,target,1920,186.01917131725963,186.01917131725963,0.0
1,C,C,598,598,,620,True,1,target,1920,136.37749658708918,136.37749658708918,0.0
1,C,C,599,599,,621,True,1,target,1920,12.40087151336806,12.40087151336806,0.0
1,C,C,600,600,,622,True,1,target,1920,6.478422200630801,6.478422200630801,0.0
1,C,C,601,601,,623,True,1,target,1920,5.468905435320135,5.468905435320135,0.0
1,C,C,602,602,,624,True,1,target,1920,22.150874999618686,22.150874999618686,0.0
1,C,C,603,603,,625,True,1,target,1920,15.732917985593977,15.732917985593977,0.0
1,C,C,604,604,,626,True,1,target,1920,49.66620009681954,49.66620009681954,0.0
1,C,C,605,605,,627,True,1,target,1920,111.2445053399555,111.2445053399555,0.0
1,C,C,606,606,,628,True,1,target,1920,147.6281924145683,147.6281924145683,0.0
1,C,C,607,607,,629,True,1,target,1920,191.70660790105893,191.70660790105893,0.0
