model_number,label_asym_id,auth_asym_id,label_seq_id,auth_seq_id,insertion_code,sequence_position,has_coordinates,operator_id,role,points,core_sasa_angstrom2,context_sasa_angstrom2,reduction_sasa_angstrom2
1,A,A,1,1,,23,True,1,target,960,121.85054700941647,121.85054700941647,0.0
1,A,A,2,2,,24,True,1,target,960,104.35306711613583,74.22133202723967,30.131735088896164
1,A,A,3,3,,25,True,1,target,960,56.8363407859116,56.8363407859116,0.0
1,A,A,4,4,,26,True,1,target,960,7.547676350249477,7.547676350249477,0.0
1,A,A,5,5,,27,True,1,target,960,74.86019714629512,74.86019714629512,0.0
1,A,A,6,6,,28,True,1,target,960,6.473398270378935,6.473398270378935,0.0
1,A,A,7,7,,29,True,1,target,960,3.4050466135198323,3.4050466135198323,0.0
1,A,A,8,8,,30,True,1,target,960,63.09151617659057,63.09151617659057,0.0
1,A,A,9,9,,31,True,1,target,960,11.102912036561925,11.102912036561925,0.0
1,A,A,10,10,,32,True,1,target,960,83.07123649331335,83.07123649331335,0.0
1,A,A,11,11,,33,True,1,target,960,63.90532480955197,63.90532480955197,0.0
1,A,A,12,12,,34,True,1,target,960,121.64842479206615,121.64842479206615,0.0
1,A,A,13,13,,35,True,1,target,960,127.21907594146052,127.21907594146052,0.0
1,A,A,14,14,,36,True,1,target,960,19.208886053268596,19.208886053268596,0.0
1,A,A,15,15,,37,True,1,target,960,65.84575569198049,65.84575569198049,0.0
1,A,A,16,16,,38,True,1,target,960,5.890440410587996,5.890440410587996,0.0
1,A,A,17,17,,39,True,1,target,960,87.1137410541792,87.1137410541792,0.0
1,A,A,18,18,,40,True,1,target,960,115.94887671408881,115.94887671408881,0.0
1,A,A,19,19,,41,True,1,target,960,13.109143577119877,13.109143577119877,0.0
1,A,A,20,20,,42,True,1,target,960,8.44712087195693,8.44712087195693,0.0
1,A,A,21,21,,43,True,1,target,960,55.63933377103469,55.63933377103469,0.0
1,A,A,22,22,,44,True,1,target,960,61.45707772761864,61.45707772761864,0.0
1,A,A,23,23,,45,True,1,target,960,0.0,0.0,0.0
1,A,A,24,24,,46,True,1,target,960,0.6289730291874563,0.6289730291874563,0.0
1,A,A,25,25,,47,True,1,target,960,98.49095863529544,98.49095863529544,0.0
1,A,A,26,26,,48,True,1,target,960,41.2605351579206,41.2605351579206,0.0
1,A,A,27,27,,49,True,1,target,960,13.83554263048291,13.83554263048291,0.0
1,A,A,28,28,,50,True,1,target,960,0.0,0.0,0.0
1,A,A,29,29,,51,True,1,target,960,94.96499473853282,94.96499473853282,0.0
1,A,A,30,30,,52,True,1,target,960,35.08478053852133,35.08478053852133,0.0
1,A,A,31,31,,53,True,1,target,960,0.0,0.0,0.0
1,A,A,32,32,,54,True,1,target,960,63.39375047983529,43.14723171600333,20.246518763831958
1,A,A,33,33,,55,True,1,target,960,27.045840255060625,27.045840255060625,0.0
1,A,A,34,34,,56,True,1,target,960,0.0,0.0,0.0
1,A,A,35,35,,57,True,1,target,960,24.139522784295114,24.139522784295114,0.0
1,A,A,36,36,,58,True,1,target,960,14.480385938558753,14.480385938558753,0.0
1,A,A,37,37,,59,True,1,target,960,1.5948164206254685,1.5948164206254685,0.0
1,A,A,38,38,,60,True,1,target,960,0.0,0.0,0.0
1,A,A,39,39,,61,True,1,target,960,0.5580515750326668,0.5580515750326668,0.0
1,A,A,40,40,,62,True,1,target,960,0.880562240862439,0.880562240862439,0.0
1,A,A,41,41,,63,True,1,target,960,0.6719670336487716,0.6719670336487716,0.0
1,A,A,42,42,,64,True,1,target,960,65.82162826040091,65.82162826040091,0.0
1,A,A,43,43,,65,True,1,target,960,1.1321514525374217,1.1321514525374217,0.0
1,A,A,44,44,,66,True,1,target,960,60.00402698448333,60.00402698448333,0.0
1,A,A,45,45,,67,True,1,target,960,58.84648360932328,58.84648360932328,0.0
1,A,A,46,46,,68,True,1,target,960,124.59050144121116,124.59050144121116,0.0
1,A,A,47,47,,69,True,1,target,960,13.721340501537163,13.721340501537163,0.0
1,A,A,48,48,,70,True,1,target,960,77.15447869926683,77.15447869926683,0.0
1,A,A,49,49,,71,True,1,target,960,7.582692018367615,7.582692018367615,0.0
1,A,A,50,50,,72,True,1,target,960,71.99618383860405,71.99618383860405,0.0
1,A,A,51,51,,73,True,1,target,960,12.70152716630436,12.70152716630436,0.0
1,A,A,52,52,,74,True,1,target,960,1.1161031500653336,1.1161031500653336,0.0
1,A,A,53,53,,75,True,1,target,960,91.04966839326897,91.04966839326897,0.0
1,A,A,54,54,,76,True,1,target,960,52.7442618929721,52.7442618929721,0.0
1,A,A,55,55,,77,True,1,target,960,0.8928825200522669,0.8928825200522669,0.0
1,A,A,56,56,,78,True,1,target,960,84.9570102085541,74.75302694890564,10.203983259648453
1,A,A,57,57,,79,True,1,target,960,27.64053327240966,27.64053327240966,0.0
1,A,A,58,58,,80,True,1,target,960,0.0,0.0,0.0
1,A,A,59,59,,81,True,1,target,960,31.52812459053007,31.52812459053007,0.0
1,A,A,60,60,,82,True,1,target,960,0.37738381751247385,0.37738381751247385,0.0
1,A,A,61,61,,83,True,1,target,960,4.277016598474703,4.277016598474703,0.0
1,A,A,62,62,,84,True,1,target,960,1.8869190875623691,1.8869190875623691,0.0
1,A,A,63,63,,85,True,1,target,960,0.0,0.0,0.0
1,A,A,64,64,,86,True,1,target,960,2.893275934262299,2.893275934262299,0.0
1,A,A,65,65,,87,True,1,target,960,0.12579460583749127,0.12579460583749127,0.0
1,A,A,66,66,,88,True,1,target,960,59.17069989816457,59.17069989816457,0.0
1,A,A,67,67,,89,True,1,target,960,2.264302905074843,2.264302905074843,0.0
1,A,A,68,68,,90,True,1,target,960,46.7861620486013,46.7861620486013,0.0
1,A,A,69,69,,91,True,1,target,960,3.396454357612264,3.396454357612264,0.0
1,A,A,70,70,,92,True,1,target,960,90.2329276071642,90.2329276071642,0.0
1,A,A,71,71,,93,True,1,target,960,58.0645987937101,58.0645987937101,0.0
1,A,A,72,72,,94,True,1,target,960,3.7454695934628224,3.7454695934628224,0.0
1,A,A,73,73,,95,True,1,target,960,24.919652235013103,24.919652235013103,0.0
1,A,A,74,74,,96,True,1,target,960,1.761124481724878,1.761124481724878,0.0
1,A,A,75,75,,97,True,1,target,960,45.380406673868855,45.380406673868855,0.0
1,A,A,76,76,,98,True,1,target,960,130.26795103286435,130.26795103286435,0.0
1,A,A,77,77,,99,True,1,target,960,2.390097510912334,2.390097510912334,0.0
1,A,A,78,78,,100,True,1,target,960,53.91401690057606,53.91401690057606,0.0
1,A,A,79,79,,101,True,1,target,960,3.144865145937282,3.144865145937282,0.0
1,A,A,80,80,,102,True,1,target,960,1.5095352700498954,1.5095352700498954,0.0
1,A,A,81,81,,103,True,1,target,960,26.989529824738906,26.989529824738906,0.0
1,A,A,82,82,,104,True,1,target,960,0.5580515750326668,0.5580515750326668,0.0
1,A,A,83,83,,105,True,1,target,960,96.38826187431513,96.38826187431513,0.0
1,A,A,84,84,,106,True,1,target,960,85.01615069025792,85.01615069025792,0.0
1,A,A,85,85,,107,True,1,target,960,23.738900344124644,23.738900344124644,0.0
1,A,A,86,86,,108,True,1,target,960,7.92506016776195,7.92506016776195,0.0
1,A,A,87,87,,109,True,1,target,960,118.10581176323643,118.10581176323643,0.0
1,A,A,88,88,,110,True,1,target,960,124.17694742028033,124.17694742028033,0.0
1,A,A,89,89,,111,True,1,target,960,58.808601237908746,58.808601237908746,0.0
1,A,A,90,90,,112,True,1,target,960,29.50094778995124,29.50094778995124,0.0
1,A,A,91,91,,113,True,1,target,960,0.0,0.0,0.0
1,A,A,92,92,,114,True,1,target,960,3.648043569287247,3.648043569287247,0.0
1,A,A,93,93,,115,True,1,target,960,0.0,0.0,0.0
1,A,A,94,94,,116,True,1,target,960,0.0,0.0,0.0
1,A,A,95,95,,117,True,1,target,960,10.063568466999302,10.063568466999302,0.0
1,A,A,96,96,,118,True,1,target,960,46.517588601642835,46.517588601642835,0.0
1,A,A,97,97,,119,True,1,target,960,0.349015235850558,0.349015235850558,0.0
1,A,A,98,98,,120,True,1,target,960,11.326554163589348,11.326554163589348,0.0
1,A,A,99,99,,121,True,1,target,960,79.75383376984396,79.30739250981783,0.44644126002613405
1,A,A,100,100,,122,True,1,target,960,93.1629667204582,93.1629667204582,0.0
1,A,A,101,101,,123,True,1,target,960,205.06920928298422,205.06920928298422,0.0
1,A,A,111,111,,133,True,1,target,960,139.63441710699226,139.63441710699226,0.0
1,A,A,112,112,,134,True,1,target,960,61.785710572132075,61.785710572132075,0.0
1,A,A,113,113,,135,True,1,target,960,4.052548494378774,4.052548494378774,0.0
1,A,A,114,114,,136,True,1,target,960,0.11161031500653336,0.11161031500653336,0.0
1,A,A,115,115,,137,True,1,target,960,4.4028112043121945,4.4028112043121945,0.0
1,A,A,116,116,,138,True,1,target,960,95.46789565453173,95.46789565453173,0.0
1,A,A,117,117,,139,True,1,target,960,24.169362678516457,24.169362678516457,0.0
1,A,A,118,118,,140,True,1,target,960,9.725891762634326,9.725891762634326,0.0
1,A,A,119,119,,141,True,1,target,960,26.75496019126475,26.75496019126475,0.0
1,A,A,120,120,,142,True,1,target,960,3.1448651459372816,3.1448651459372816,0.0
1,A,A,121,121,,143,True,1,target,960,67.29855903469432,67.29855903469432,0.0
1,A,A,122,122,,144,True,1,target,960,21.108533827065763,21.108533827065763,0.0
1,A,A,123,123,,145,True,1,target,960,6.601056887857556,6.601056887857556,0.0
1,A,A,124,124,,146,True,1,target,960,3.1836899951478954,3.1836899951478954,0.0
1,A,A,125,125,,147,True,1,target,960,0.0,0.0,0.0
1,A,A,126,126,,148,True,1,target,960,0.0,0.0,0.0
1,A,A,127,127,,149,True,1,target,960,28.06565359029343,28.06565359029343,0.0
1,A,A,128,128,,150,True,1,target,960,80.39852654327183,80.39852654327183,0.0
1,A,A,129,129,,151,True,1,target,960,0.0,0.0,0.0
1,A,A,130,130,,152,True,1,target,960,0.0,0.0,0.0
1,A,A,131,131,,153,True,1,target,960,0.0,0.0,0.0
1,A,A,132,132,,154,True,1,target,960,7.547676350249477,7.547676350249477,0.0
1,A,A,133,133,,155,True,1,target,960,0.0,0.0,0.0
1,A,A,134,134,,156,True,1,target,960,53.1591314558266,53.1591314558266,0.0
1,A,A,135,135,,157,True,1,target,960,119.45140302065874,104.60763953183476,14.843763488823981
1,A,A,136,136,,158,True,1,target,960,4.545446055769867,4.545446055769867,0.0
1,A,A,137,137,,159,True,1,target,960,43.3872598667131,17.850954881702375,25.536304985010727
1,A,A,138,138,,160,True,1,target,960,22.261713006431215,22.261713006431215,0.0
1,A,A,139,139,,161,True,1,target,960,0.0,0.0,0.0
1,A,A,140,140,,162,True,1,target,960,1.7857650401045337,1.7857650401045337,0.0
1,A,A,141,141,,163,True,1,target,960,15.552779062837137,15.552779062837137,0.0
1,A,A,142,142,,164,True,1,target,960,4.239161715995886,4.239161715995886,0.0
1,A,A,143,143,,165,True,1,target,960,97.61492814183579,97.61492814183579,0.0
1,A,A,144,144,,166,True,1,target,960,19.142101029441037,19.142101029441037,0.0
1,A,A,145,145,,167,True,1,target,960,12.388744965725202,12.388744965725202,0.0
1,A,A,146,146,,168,True,1,target,960,40.3800684738347,40.3800684738347,0.0
1,A,A,147,147,,169,True,1,target,960,21.89739166937298,21.89739166937298,0.0
1,A,A,148,148,,170,True,1,target,960,137.15706316912343,137.15706316912343,0.0
1,A,A,149,149,,171,True,1,target,960,1.0044928350588003,1.0044928350588003,0.0
1,A,A,150,150,,172,True,1,target,960,1.2579460583749127,1.2579460583749127,0.0
1,A,A,151,151,,173,True,1,target,960,12.579460583749128,12.579460583749128,0.0
1,A,A,152,152,,174,True,1,target,960,13.16950666196473,13.16950666196473,0.0
1,A,A,153,153,,175,True,1,target,960,128.19189105059564,128.19189105059564,0.0
1,A,A,154,154,,176,True,1,target,960,110.39603185005559,110.39603185005559,0.0
1,A,A,155,155,,177,True,1,target,960,15.207371422550452,15.207371422550452,0.0
1,A,A,156,156,,178,True,1,target,960,147.6436981378092,147.6436981378092,0.0
1,A,A,157,157,,179,True,1,target,960,61.01038383118326,61.01038383118326,0.0
1,A,A,158,158,,180,True,1,target,960,47.5464772126537,47.5464772126537,0.0
1,A,A,159,159,,181,True,1,target,960,57.613929473571005,57.613929473571005,0.0
1,A,A,160,160,,182,True,1,target,960,75.50940857715638,75.50940857715638,0.0
1,A,A,161,161,,183,True,1,target,960,77.11209337838216,77.11209337838216,0.0
1,A,A,162,162,,184,True,1,target,960,50.22742991642008,50.22742991642008,0.0
1,A,A,163,163,,185,True,1,target,960,45.00805333159294,43.22228829148841,1.785765040104529
1,A,A,164,164,,186,True,1,target,960,68.36414406589297,68.36414406589297,0.0
1,A,A,165,165,,187,True,1,target,960,110.71351073165188,44.2541954494406,66.45931528221128
1,A,A,166,166,,188,True,1,target,960,70.79950276396498,68.8028373730372,1.9966653909277738
1,A,A,167,167,,189,True,1,target,960,92.02882035658574,78.74719287080828,13.281627485777463
1,A,A,168,168,,190,True,1,target,960,47.71177341911927,47.71177341911927,0.0
1,A,A,169,169,,191,True,1,target,960,86.35951796188087,86.35951796188087,0.0
1,A,A,170,170,,192,True,1,target,960,49.66715828257887,49.66715828257887,0.0
1,A,A,171,171,,193,True,1,target,960,109.3771086327413,109.3771086327413,0.0
1,A,A,172,172,,194,True,1,target,960,102.85777635077606,102.85777635077606,0.0
1,A,A,173,173,,195,True,1,target,960,26.331106982417925,26.331106982417925,0.0
1,A,A,174,174,,196,True,1,target,960,16.10957400080837,16.10957400080837,0.0
1,A,A,175,175,,197,True,1,target,960,131.94890207006958,131.94890207006958,0.0
1,A,A,176,176,,198,True,1,target,960,160.08139304406814,160.08139304406814,0.0
1,A,A,177,177,,199,True,1,target,960,9.738465987230319,9.738465987230319,0.0
1,A,A,178,178,,200,True,1,target,960,213.3720276413832,213.3720276413832,0.0
1,A,A,179,179,,201,True,1,target,960,38.04110169235648,38.04110169235648,0.0
1,A,A,180,180,,202,True,1,target,960,74.89408838604265,74.89408838604265,0.0
1,A,A,181,181,,203,True,1,target,960,74.66143119709639,74.66143119709639,0.0
1,A,A,182,182,,204,True,1,target,960,0.0,0.0,0.0
1,A,A,183,183,,205,True,1,target,960,7.046712749720292,7.046712749720292,0.0
1,A,A,184,184,,206,True,1,target,960,0.0,0.0,0.0
1,A,A,185,185,,207,True,1,target,960,96.69854127274692,96.69854127274692,0.0
1,A,A,186,186,,208,True,1,target,960,42.32244452571456,42.32244452571456,0.0
1,A,A,187,187,,209,True,1,target,960,61.8849875179794,61.8849875179794,0.0
1,A,A,188,188,,210,True,1,target,960,120.0728336094837,120.0728336094837,0.0
1,A,A,189,189,,211,True,1,target,960,0.0,0.0,0.0
1,A,A,190,190,,212,True,1,target,960,36.085492990420306,36.085492990420306,0.0
1,A,A,191,191,,213,True,1,target,960,19.134125311091733,19.134125311091733,0.0
1,A,A,192,192,,214,True,1,target,960,57.378078332093565,57.378078332093565,0.0
1,A,A,193,193,,215,True,1,target,960,66.03858010407313,66.03858010407313,0.0
1,A,A,194,194,,216,True,1,target,960,7.3946493720931175,7.3946493720931175,0.0
1,A,A,195,195,,217,True,1,target,960,64.7588340106762,64.7588340106762,0.0
1,A,A,196,196,,218,True,1,target,960,72.70677937192261,72.70677937192261,0.0
1,A,A,197,197,,219,True,1,target,960,67.77978819737118,67.77978819737118,0.0
1,A,A,198,198,,220,True,1,target,960,27.754448731025764,27.754448731025764,0.0
1,A,A,199,199,,221,True,1,target,960,25.95109077206113,25.95109077206113,0.0
1,A,A,200,200,,222,True,1,target,960,73.65131491118764,73.65131491118764,0.0
1,A,A,201,201,,223,True,1,target,960,67.13891376801439,67.13891376801439,0.0
1,A,A,202,202,,224,True,1,target,960,37.725772183734044,37.725772183734044,0.0
1,A,A,203,203,,225,True,1,target,960,37.39814072187892,37.39814072187892,0.0
1,A,A,204,204,,226,True,1,target,960,6.472525169420625,6.472525169420625,0.0
1,A,A,205,205,,227,True,1,target,960,4.152012626788365,4.152012626788365,0.0
1,A,A,206,206,,228,True,1,target,960,98.06705044857719,98.06705044857719,0.0
1,A,A,207,207,,229,True,1,target,960,11.957490688185299,11.957490688185299,0.0
1,A,A,208,208,,230,True,1,target,960,90.1458596757669,90.1458596757669,0.0
1,A,A,209,209,,231,True,1,target,960,95.08653772231244,95.08653772231244,0.0
1,A,A,210,210,,232,True,1,target,960,96.80738175023055,96.80738175023055,0.0
1,A,A,211,211,,233,True,1,target,960,98.53646460488268,98.53646460488268,0.0
1,A,A,212,212,,234,True,1,target,960,16.211864257609253,16.211864257609253,0.0
1,A,A,213,213,,235,True,1,target,960,17.44312772237968,17.44312772237968,0.0
1,A,A,214,214,,236,True,1,target,960,17.85951441268647,17.85951441268647,0.0
1,A,A,215,215,,237,True,1,target,960,59.68664235066667,59.68664235066667,0.0
1,A,A,216,216,,238,True,1,target,960,144.10872179712158,144.10872179712158,0.0
1,A,A,217,217,,239,True,1,target,960,22.712882363401,22.712882363401,0.0
1,A,A,218,218,,240,True,1,target,960,6.166935907021251,6.166935907021251,0.0
1,A,A,219,219,,241,True,1,target,960,0.0,0.0,0.0
1,A,A,220,220,,242,True,1,target,960,1.0044928350588003,1.0044928350588003,0.0
1,A,A,221,221,,243,True,1,target,960,1.383740664212404,1.383740664212404,0.0
1,A,A,222,222,,244,True,1,target,960,14.525476956116337,14.525476956116337,0.0
1,A,A,223,223,,245,True,1,target,960,102.1180765795159,102.1180765795159,0.0
1,A,A,224,224,,246,True,1,target,960,5.157578839337142,5.157578839337142,0.0
1,A,A,225,225,,247,True,1,target,960,85.75164072736227,85.75164072736227,0.0
1,A,A,226,226,,248,True,1,target,960,128.55861832402775,128.55861832402775,0.0
1,A,A,227,227,,249,True,1,target,960,65.52045686267066,65.52045686267066,0.0
1,A,A,228,228,,250,True,1,target,960,62.94408123335758,62.83247091835105,0.11161031500652996
1,A,A,229,229,,251,True,1,target,960,35.28677185617776,35.28677185617776,0.0
1,A,A,230,230,,252,True,1,target,960,31.684214621523676,18.483964857449692,13.200249764073984
1,A,A,231,231,,253,True,1,target,960,63.598742018475896,58.17052544400751,5.428216574468387
1,A,A,232,232,,254,True,1,target,960,10.932251560640355,3.648043569287247,7.2842079913531075
1,A,A,233,233,,255,True,1,target,960,13.3889442908241,3.3678200495717325,10.021124241252366
1,A,A,234,234,,256,True,1,target,960,31.656959996256848,31.656959996256848,0.0
1,A,A,235,235,,257,True,1,target,960,55.08560712188848,55.08560712188848,0.0
1,A,A,236,236,,258,True,1,target,960,3.382270066781307,3.382270066781307,0.0
1,A,A,237,237,,259,True,1,target,960,62.76173403276468,18.23364799079942,44.52808604196526
1,A,A,238,238,,260,True,1,target,960,39.29941034288349,39.29941034288349,0.0
1,A,A,239,239,,261,True,1,target,960,101.40198980403827,87.59854377849955,13.803446025538719
1,A,A,240,240,,262,True,1,target,960,43.03625757350915,16.494413864885363,26.541843708623784
1,A,A,241,241,,263,True,1,target,960,52.58214524007135,52.58214524007135,0.0
1,A,A,242,242,,264,True,1,target,960,5.67889996026159,2.3278677964324768,3.351032163829113
1,A,A,243,243,,265,True,1,target,960,57.03132635195053,57.03132635195053,0.0
1,A,A,244,244,,266,True,1,target,960,77.68937804543947,77.68937804543947,0.0
1,A,A,245,245,,267,True,1,target,960,33.67207308104589,33.67207308104589,0.0
1,A,A,246,246,,268,True,1,target,960,4.370714599368019,4.370714599368019,0.0
1,A,A,247,247,,269,True,1,target,960,28.354136880694007,28.354136880694007,0.0
1,A,A,248,248,,270,True,1,target,960,33.61729941313055,33.61729941313055,0.0
1,A,A,249,249,,271,True,1,target,960,55.915008526387204,55.915008526387204,0.0
1,A,A,250,250,,272,True,1,target,960,40.09770605312086,40.09770605312086,0.0
1,A,A,251,251,,273,True,1,target,960,59.69165319094915,59.69165319094915,0.0
1,A,A,252,252,,274,True,1,target,960,98.49244172882733,98.49244172882733,0.0
1,A,A,253,253,,275,True,1,target,960,77.71697824589822,77.71697824589822,0.0
1,A,A,254,254,,276,True,1,target,960,60.09181355520015,60.09181355520015,0.0
1,A,A,255,255,,277,True,1,target,960,103.23986077629647,103.23986077629647,0.0
1,A,A,256,256,,278,True,1,target,960,87.58336726798882,87.58336726798882,0.0
1,A,A,257,257,,279,True,1,target,960,19.91664499022033,19.91664499022033,0.0
1,A,A,258,258,,280,True,1,target,960,110.51162675174443,110.51162675174443,0.0
1,A,A,259,259,,281,True,1,target,960,42.65535779021853,42.65535779021853,0.0
1,A,A,260,260,,282,True,1,target,960,112.72767479366014,112.72767479366014,0.0
1,A,A,261,261,,283,True,1,target,960,106.16059946633891,106.16059946633891,0.0
1,A,A,262,262,,284,True,1,target,960,39.86477135682351,39.86477135682351,0.0
1,A,A,263,263,,285,True,1,target,960,119.00358338685585,119.00358338685585,0.0
1,A,A,264,264,,286,True,1,target,960,111.37282107389748,111.37282107389748,0.0
1,A,A,265,265,,287,True,1,target,960,9.166230121366693,9.166230121366693,0.0
1,A,A,266,266,,288,True,1,target,960,44.27729139143224,44.27729139143224,0.0
1,A,A,267,267,,289,True,1,target,960,46.24322284322933,46.24322284322933,0.0
1,A,A,268,268,,290,True,1,target,960,8.737701175453777,8.737701175453777,0.0
1,A,A,269,269,,291,True,1,target,960,25.42283065836306,25.42283065836306,0.0
1,A,A,270,270,,292,True,1,target,960,35.38467566423607,35.38467566423607,0.0
1,A,A,271,271,,293,True,1,target,960,18.189852880211433,18.189852880211433,0.0
1,A,A,272,272,,294,True,1,target,960,33.70777073656924,33.70777073656924,0.0
1,A,A,273,273,,295,True,1,target,960,14.62095126585587,14.62095126585587,0.0
1,A,A,274,274,,296,True,1,target,960,28.68117013094801,28.68117013094801,0.0
1,A,A,275,275,,297,True,1,target,960,98.16189120379823,98.16189120379823,0.0
1,A,A,276,276,,298,True,1,target,960,71.39021904861333,71.39021904861333,0.0
1,A,A,277,277,,299,True,1,target,960,25.180151788851827,25.180151788851827,0.0
1,A,A,278,278,,300,True,1,target,960,41.189709260542344,41.189709260542344,0.0
1,A,A,279,279,,301,True,1,target,960,128.73586567254637,128.73586567254637,0.0
1,A,A,280,280,,302,True,1,target,960,19.288584331899358,19.288584331899358,0.0
1,A,A,281,281,,303,True,1,target,960,55.39858829000236,55.39858829000236,0.0
1,A,A,282,282,,304,True,1,target,960,0.12579460583749127,0.12579460583749127,0.0
1,A,A,283,283,,305,True,1,target,960,21.947799832496763,21.947799832496763,0.0
1,A,A,284,284,,306,True,1,target,960,5.034530509077664,5.034530509077664,0.0
1,A,A,285,285,,307,True,1,target,960,81.02617617655396,81.02617617655396,0.0
1,A,A,286,286,,308,True,1,target,960,13.024920096071014,13.024920096071014,0.0
1,A,A,287,287,,309,True,1,target,960,4.331889750157405,4.331889750157405,0.0
1,A,A,288,288,,310,True,1,target,960,1.1321514525374214,1.1321514525374214,0.0
1,A,A,289,289,,311,True,1,target,960,17.96926071605187,17.96926071605187,0.0
1,A,A,290,290,,312,True,1,target,960,15.472736518011427,15.472736518011427,0.0
1,A,A,291,291,,313,True,1,target,960,64.3295942794254,64.3295942794254,0.0
1,A,A,292,292,,314,True,1,target,960,75.35282112732595,75.35282112732595,0.0
1,A,A,293,293,,315,True,1,target,960,28.590540418879705,28.590540418879705,0.0
1,A,A,294,294,,316,True,1,target,960,9.641767765352824,9.641767765352824,0.0
1,A,A,295,295,,317,True,1,target,960,69.30112407482613,69.30112407482613,0.0
1,A,A,296,296,,318,True,1,target,960,28.163799562785456,28.163799562785456,0.0
1,A,A,297,297,,319,True,1,target,960,15.737504710868219,15.737504710868219,0.0
1,A,A,298,298,,320,True,1,target,960,50.20735513936364,50.20735513936364,0.0
1,A,A,299,299,,321,True,1,target,960,38.47029299072052,38.47029299072052,0.0
1,A,A,300,300,,322,True,1,target,960,32.70659751774773,32.70659751774773,0.0
1,A,A,301,301,,323,True,1,target,960,101.18110442456438,101.18110442456438,0.0
1,A,A,302,302,,324,True,1,target,960,23.135023404251612,23.135023404251612,0.0
1,A,A,303,303,,325,True,1,target,960,195.6845874213124,195.6845874213124,0.0
1,A,A,304,304,,326,True,1,target,960,140.1280018917763,140.1280018917763,0.0
1,A,A,305,305,,327,True,1,target,960,50.3244383705721,50.3244383705721,0.0
1,A,A,306,306,,328,True,1,target,960,72.18318321431818,72.18318321431818,0.0
1,A,A,307,307,,329,True,1,target,960,27.96015890898589,27.96015890898589,0.0
1,A,A,308,308,,330,True,1,target,960,97.67404637059167,97.67404637059167,0.0
1,A,A,309,309,,331,True,1,target,960,1.7857650401045337,1.7857650401045337,0.0
1,A,A,310,310,,332,True,1,target,960,66.35772010278498,66.35772010278498,0.0
1,A,A,311,311,,333,True,1,target,960,85.23826521785753,85.23826521785753,0.0
1,A,A,312,312,,334,True,1,target,960,24.4822116379395,24.4822116379395,0.0
1,A,A,313,313,,335,True,1,target,960,99.0380735409028,99.0380735409028,0.0
1,A,A,314,314,,336,True,1,target,960,146.9232955994237,146.9232955994237,0.0
1,A,A,315,315,,337,True,1,target,960,60.32694605735807,60.32694605735807,0.0
1,A,A,316,316,,338,True,1,target,960,43.20561952446724,43.20561952446724,0.0
1,A,A,317,317,,339,True,1,target,960,55.35713759293212,55.35713759293212,0.0
1,A,A,318,318,,340,True,1,target,960,202.80609494713,202.80609494713,0.0
1,A,A,319,319,,341,True,1,target,960,56.32925631569567,56.32925631569567,0.0
1,A,A,320,320,,342,True,1,target,960,34.88290310359859,34.88290310359859,0.0
1,A,A,321,321,,343,True,1,target,960,81.88854728695517,81.88854728695517,0.0
1,A,A,322,322,,344,True,1,target,960,0.0,0.0,0.0
1,A,A,323,323,,345,True,1,target,960,11.331970792922913,11.331970792922913,0.0
1,A,A,324,324,,346,True,1,target,960,36.94562702505278,36.94562702505278,0.0
1,A,A,325,325,,347,True,1,target,960,30.675165168120234,30.675165168120234,0.0
1,A,A,326,326,,348,True,1,target,960,86.93276437338139,86.93276437338139,0.0
1,A,A,327,327,,349,True,1,target,960,117.83048127407886,117.83048127407886,0.0
1,A,A,328,328,,350,True,1,target,960,6.289730291874564,6.289730291874564,0.0
1,A,A,329,329,,351,True,1,target,960,153.43514696388257,153.43514696388257,0.0
1,A,A,330,330,,352,True,1,target,960,168.5356976912263,168.5356976912263,0.0
1,A,A,331,331,,353,True,1,target,960,51.5448279977703,51.5448279977703,0.0
1,A,A,332,332,,354,True,1,target,960,151.08920846470727,151.08920846470727,0.0
1,A,A,333,333,,355,True,1,target,960,3.4829712012982497,3.4829712012982497,0.0
1,A,A,334,334,,356,True,1,target,960,0.0,0.0,0.0
1,A,A,335,335,,357,True,1,target,960,26.010387024400696,26.010387024400696,0.0
1,A,A,336,336,,358,True,1,target,960,38.23864896540502,38.23864896540502,0.0
1,A,A,337,337,,359,True,1,target,960,74.24727503757362,74.24727503757362,0.0
1,A,A,338,338,,360,True,1,target,960,11.947738660989781,11.947738660989781,0.0
1,A,A,339,339,,361,True,1,target,960,1.1321514525374214,1.1321514525374214,0.0
1,A,A,340,340,,362,True,1,target,960,125.22989015904218,125.22989015904218,0.0
1,A,A,341,341,,363,True,1,target,960,82.40971656423469,82.40971656423469,0.0
1,A,A,342,342,,364,True,1,target,960,2.1915174392789236,2.1915174392789236,0.0
1,A,A,343,343,,365,True,1,target,960,50.76023617648727,50.76023617648727,0.0
1,A,A,344,344,,366,True,1,target,960,54.209618516330885,54.209618516330885,0.0
1,A,A,345,345,,367,True,1,target,960,6.992049037547831,6.992049037547831,0.0
1,A,A,346,346,,368,True,1,target,960,123.42949315115357,123.42949315115357,0.0
1,A,A,347,347,,369,True,1,target,960,46.469081102074476,46.469081102074476,0.0
1,A,A,348,348,,370,True,1,target,960,0.7547676350249477,0.7547676350249477,0.0
1,A,A,349,349,,371,True,1,target,960,41.009041503022154,41.009041503022154,0.0
1,A,A,350,350,,372,True,1,target,960,0.4556618344644196,0.4556618344644196,0.0
1,A,A,351,351,,373,True,1,target,960,3.22437885599964,3.22437885599964,0.0
1,A,A,352,352,,374,True,1,target,960,0.12579460583749127,0.12579460583749127,0.0
1,A,A,353,353,,375,True,1,target,960,4.780195021824668,4.780195021824668,0.0
1,A,A,354,354,,376,True,1,target,960,0.0,0.0,0.0
1,A,A,355,355,,377,True,1,target,960,25.033126561660765,25.033126561660765,0.0
1,A,A,356,356,,378,True,1,target,960,62.519919101233164,62.519919101233164,0.0
1,A,A,357,357,,379,True,1,target,960,59.92496487836493,59.92496487836493,0.0
1,A,A,358,358,,380,True,1,target,960,1.1161031500653336,1.1161031500653336,0.0
1,A,A,359,359,,381,True,1,target,960,37.67646096004513,37.67646096004513,0.0
1,A,A,360,360,,382,True,1,target,960,93.89485963397419,93.89485963397419,0.0
1,A,A,361,361,,383,True,1,target,960,25.288405835706776,25.288405835706776,0.0
1,A,A,362,362,,384,True,1,target,960,54.56890545116174,54.56890545116174,0.0
1,A,A,363,363,,385,True,1,target,960,109.01400204484246,109.01400204484246,0.0
1,A,A,364,364,,386,True,1,target,960,98.50621761261331,98.50621761261331,0.0
1,A,A,365,365,,387,True,1,target,960,79.94584267684363,79.94584267684363,0.0
1,A,A,366,366,,388,True,1,target,960,148.00986254255753,148.00986254255753,0.0
1,A,A,367,367,,389,True,1,target,960,37.118430328963484,37.118430328963484,0.0
1,A,A,368,368,,390,True,1,target,960,60.39159872517202,60.39159872517202,0.0
1,A,A,369,369,,391,True,1,target,960,57.48067882116899,57.48067882116899,0.0
1,A,A,370,370,,392,True,1,target,960,5.580515750326668,5.580515750326668,0.0
1,A,A,371,371,,393,True,1,target,960,97.00325612519106,97.00325612519106,0.0
1,A,A,372,372,,394,True,1,target,960,33.202319894533176,33.202319894533176,0.0
1,A,A,373,373,,395,True,1,target,960,126.44677560143467,126.44677560143467,0.0
1,A,A,374,374,,396,True,1,target,960,62.059804059182284,62.059804059182284,0.0
1,A,A,375,375,,397,True,1,target,960,0.0,0.0,0.0
1,A,A,376,376,,398,True,1,target,960,106.7161508572181,106.7161508572181,0.0
1,A,A,377,377,,399,True,1,target,960,21.305116369370268,21.305116369370268,0.0
1,A,A,378,378,,400,True,1,target,960,2.1385082992373516,2.1385082992373516,0.0
1,A,A,379,379,,401,True,1,target,960,74.1241612574672,74.1241612574672,0.0
1,A,A,380,380,,402,True,1,target,960,49.75233471339932,49.75233471339932,0.0
1,A,A,381,381,,403,True,1,target,960,1.1321514525374214,1.1321514525374214,0.0
1,A,A,382,382,,404,True,1,target,960,65.60968071202649,65.60968071202649,0.0
1,A,A,383,383,,405,True,1,target,960,26.69464161231582,26.69464161231582,0.0
1,A,A,384,384,,406,True,1,target,960,0.0,0.0,0.0
1,A,A,385,385,,407,True,1,target,960,10.969907475584444,10.969907475584444,0.0
1,A,A,386,386,,408,True,1,target,960,0.0,0.0,0.0
1,A,A,387,387,,409,True,1,target,960,40.73290074475937,40.73290074475937,0.0
1,A,A,388,388,,410,True,1,target,960,0.11161031500653336,0.11161031500653336,0.0
1,A,A,389,389,,411,True,1,target,960,31.838036160822007,31.838036160822007,0.0
1,A,A,390,390,,412,True,1,target,960,0.25158921167498255,0.25158921167498255,0.0
1,A,A,391,391,,413,True,1,target,960,26.10335722299593,26.10335722299593,0.0
1,A,A,392,392,,414,True,1,target,960,15.975914941361392,15.975914941361392,0.0
1,A,A,393,393,,415,True,1,target,960,15.658432132774301,15.658432132774301,0.0
1,A,A,394,394,,416,True,1,target,960,15.917313766396429,15.917313766396429,0.0
1,A,A,395,395,,417,True,1,target,960,138.83659656264373,138.83659656264373,0.0
1,A,A,396,396,,418,True,1,target,960,94.64592935264648,94.64592935264648,0.0
1,A,A,397,397,,419,True,1,target,960,44.415952128183115,44.415952128183115,0.0
1,A,A,398,398,,420,True,1,target,960,53.438949186491016,53.438949186491016,0.0
1,A,A,399,399,,421,True,1,target,960,24.66587961644387,24.66587961644387,0.0
1,A,A,400,400,,422,True,1,target,960,0.0,0.0,0.0
1,A,A,401,401,,423,True,1,target,960,36.03711639054584,36.03711639054584,0.0
1,A,A,402,402,,424,True,1,target,960,14.831884341602585,14.831884341602585,0.0
1,A,A,403,403,,425,True,1,target,960,0.0,0.0,0.0
1,A,A,404,404,,426,True,1,target,960,52.17137807362368,52.17137807362368,0.0
1,A,A,405,405,,427,True,1,target,960,44.58648955839243,44.58648955839243,0.0
1,A,A,406,406,,428,True,1,target,960,0.25158921167498255,0.25158921167498255,0.0
1,A,A,407,407,,429,True,1,target,960,65.98448318757526,65.98448318757526,0.0
1,A,A,408,408,,430,True,1,target,960,3.019070540099791,3.019070540099791,0.0
1,A,A,409,409,,431,True,1,target,960,0.25158921167498255,0.25158921167498255,0.0
1,A,A,410,410,,432,True,1,target,960,33.59805715812732,33.59805715812732,0.0
1,A,A,411,411,,433,True,1,target,960,5.3572951203136014,5.3572951203136014,0.0
1,A,A,412,412,,434,True,1,target,960,23.768583158713312,23.768583158713312,0.0
1,A,A,413,413,,435,True,1,target,960,61.89094607204571,61.89094607204571,0.0
1,A,A,414,414,,436,True,1,target,960,37.92717445276792,37.92717445276792,0.0
1,A,A,415,415,,437,True,1,target,960,40.66055379293802,40.66055379293802,0.0
1,A,A,416,416,,438,True,1,target,960,35.4996828262993,35.4996828262993,0.0
1,A,A,417,417,,439,True,1,target,960,15.6955042350836,15.6955042350836,0.0
1,A,A,418,418,,440,True,1,target,960,2.317312045116415,2.317312045116415,0.0
1,A,A,419,419,,441,True,1,target,960,19.116324261718333,19.116324261718333,0.0
1,A,A,420,420,,442,True,1,target,960,0.0,0.0,0.0
1,A,A,421,421,,443,True,1,target,960,0.0,0.0,0.0
1,A,A,422,422,,444,True,1,target,960,2.4875235350879095,2.4875235350879095,0.0
1,A,A,423,423,,445,True,1,target,960,0.0,0.0,0.0
1,A,A,424,424,,446,True,1,target,960,37.715516192717004,37.715516192717004,0.0
1,A,A,425,425,,447,True,1,target,960,51.657629499991316,51.657629499991316,0.0
1,A,A,426,426,,448,True,1,target,960,14.918821373305986,14.918821373305986,0.0
1,A,A,427,427,,449,True,1,target,960,27.56049989056252,27.56049989056252,0.0
1,A,A,428,428,,450,True,1,target,960,1.3362240753268586,1.3362240753268586,0.0
1,A,A,429,429,,451,True,1,target,960,33.40617260583686,33.40617260583686,0.0
1,A,A,430,430,,452,True,1,target,960,60.240988155365045,60.240988155365045,0.0
1,A,A,431,431,,453,True,1,target,960,0.0,0.0,0.0
1,A,A,432,432,,454,True,1,target,960,0.5580515750326668,0.5580515750326668,0.0
1,A,A,433,433,,455,True,1,target,960,0.12579460583749127,0.12579460583749127,0.0
1,A,A,434,434,,456,True,1,target,960,42.41144060960301,42.41144060960301,0.0
1,A,A,435,435,,457,True,1,target,960,34.28300682341704,34.28300682341704,0.0
1,A,A,436,436,,458,True,1,target,960,6.375972246203359,6.375972246203359,0.0
1,A,A,437,437,,459,True,1,target,960,118.34415523488573,97.35996040906129,20.984194825824446
1,A,A,438,438,,460,True,1,target,960,11.18940008231525,11.18940008231525,0.0
1,A,A,439,439,,461,True,1,target,960,0.0,0.0,0.0
1,A,A,440,440,,462,True,1,target,960,2.4719163645842634,2.4719163645842634,0.0
1,A,A,441,441,,463,True,1,target,960,20.596354740763264,20.596354740763264,0.0
1,A,A,442,442,,464,True,1,target,960,11.871587764063705,11.871587764063705,0.0
1,A,A,443,443,,465,True,1,target,960,1.5095352700498954,1.5095352700498954,0.0
1,A,A,444,444,,466,True,1,target,960,0.0,0.0,0.0
1,A,A,445,445,,467,True,1,target,960,5.031784233499651,5.031784233499651,0.0
1,A,A,446,446,,468,True,1,target,960,0.0,0.0,0.0
1,A,A,447,447,,469,True,1,target,960,3.8423641648811664,3.8423641648811664,0.0
1,A,A,448,448,,470,True,1,target,960,90.65789869939694,90.65789869939694,0.0
1,A,A,449,449,,471,True,1,target,960,0.0,0.0,0.0
1,A,A,450,450,,472,True,1,target,960,82.84091586390315,82.84091586390315,0.0
1,A,A,451,451,,473,True,1,target,960,102.64315321265833,102.64315321265833,0.0
1,A,A,452,452,,474,True,1,target,960,1.2277134650718668,1.2277134650718668,0.0
1,A,A,453,453,,475,True,1,target,960,5.289525730787915,5.289525730787915,0.0
1,A,A,454,454,,476,True,1,target,960,6.9494647491284205,6.9494647491284205,0.0
1,A,A,455,455,,477,True,1,target,960,19.14471378733127,19.14471378733127,0.0
1,A,A,456,456,,478,True,1,target,960,149.45697829357144,149.45697829357144,0.0
1,A,A,457,457,,479,True,1,target,960,26.291072620035674,26.291072620035674,0.0
1,A,A,458,458,,480,True,1,target,960,7.603685711275226,7.603685711275226,0.0
1,A,A,459,459,,481,True,1,target,960,12.076282160399163,12.076282160399163,0.0
1,A,A,460,460,,482,True,1,target,960,20.589801902086656,20.589801902086656,0.0
1,A,A,461,461,,483,True,1,target,960,128.93509107967066,128.93509107967066,0.0
1,A,A,462,462,,484,True,1,target,960,88.48929786952901,57.257083818031376,31.232214051497635
1,A,A,463,463,,485,True,1,target,960,6.038141080199582,2.390097510912334,3.6480435692872475
1,A,A,464,464,,486,True,1,target,960,32.712597959716085,32.712597959716085,0.0
1,A,A,465,465,,487,True,1,target,960,98.23354046025112,96.63872403962566,1.5948164206254631
1,A,A,466,466,,488,True,1,target,960,54.7279878491579,54.7279878491579,0.0
1,A,A,467,467,,489,True,1,target,960,100.42268861507046,100.42268861507046,0.0
1,A,A,468,468,,490,True,1,target,960,24.468510366979032,24.468510366979032,0.0
1,A,A,469,469,,491,True,1,target,960,15.111809410016006,15.111809410016006,0.0
1,A,A,470,470,,492,True,1,target,960,10.692541496186758,10.692541496186758,0.0
1,A,A,471,471,,493,True,1,target,960,33.33960487550117,33.33960487550117,0.0
1,A,A,472,472,,494,True,1,target,960,4.4028112043121945,4.4028112043121945,0.0
1,A,A,473,473,,495,True,1,target,960,102.71457208564993,102.71457208564993,0.0
1,A,A,474,474,,496,True,1,target,960,35.35469308934837,35.35469308934837,0.0
1,A,A,475,475,,497,True,1,target,960,40.46329319021911,40.46329319021911,0.0
1,A,A,476,476,,498,True,1,target,960,33.93116415417825,33.93116415417825,0.0
1,A,A,477,477,,499,True,1,target,960,58.24268913625741,58.24268913625741,0.0
1,A,A,478,478,,500,True,1,target,960,57.23654565605853,57.23654565605853,0.0
1,A,A,479,479,,501,True,1,target,960,71.9569244024097,71.9569244024097,0.0
1,A,A,480,480,,502,True,1,target,960,116.97134600411086,116.97134600411086,0.0
1,A,A,481,481,,503,True,1,target,960,87.35423520779923,87.35423520779923,0.0
1,A,A,482,482,,504,True,1,target,960,2.6746734454500096,2.6746734454500096,0.0
1,A,A,483,483,,505,True,1,target,960,82.34517123416975,82.34517123416975,0.0
1,A,A,484,484,,506,True,1,target,960,67.67013090579763,67.67013090579763,0.0
1,A,A,485,485,,507,True,1,target,960,107.74828185364683,107.74828185364683,0.0
1,A,A,486,486,,508,True,1,target,960,64.78255565320467,64.78255565320467,0.0
1,A,A,487,487,,509,True,1,target,960,61.62655094331652,61.62655094331652,0.0
1,A,A,488,488,,510,True,1,target,960,66.27821424670427,66.27821424670427,0.0
1,A,A,489,489,,511,True,1,target,960,28.5955957650581,28.5955957650581,0.0
1,A,A,490,490,,512,True,1,target,960,66.34011016696468,66.34011016696468,0.0
1,A,A,491,491,,513,True,1,target,960,174.94599052817318,174.94599052817318,0.0
1,A,A,492,492,,514,True,1,target,960,25.158921167498253,25.158921167498253,0.0
1,A,A,493,493,,515,True,1,target,960,12.222261499035968,12.222261499035968,0.0
1,A,A,494,494,,516,True,1,target,960,40.57163363087203,40.57163363087203,0.0
1,A,A,495,495,,517,True,1,target,960,217.42452115789055,217.42452115789055,0.0
1,A,A,496,496,,518,True,1,target,960,41.30501225591379,41.30501225591379,0.0
1,A,A,497,497,,519,True,1,target,960,50.93147522905588,50.93147522905588,0.0
1,A,A,498,498,,520,True,1,target,960,0.0,0.0,0.0
1,A,A,499,499,,521,True,1,target,960,3.806726723217007,3.806726723217007,0.0
1,A,A,500,500,,522,True,1,target,960,0.0,0.0,0.0
1,A,A,501,501,,523,True,1,target,960,48.242071641051346,48.242071641051346,0.0
1,A,A,502,502,,524,True,1,target,960,22.464220068881612,22.464220068881612,0.0
1,A,A,503,503,,525,True,1,target,960,29.221309391867457,29.221309391867457,0.0
1,A,A,504,504,,526,True,1,target,960,57.266458854108464,57.266458854108464,0.0
1,A,A,505,505,,527,True,1,target,960,20.101513318917767,20.101513318917767,0.0
1,A,A,506,506,,528,True,1,target,960,15.916045348362543,15.916045348362543,0.0
1,A,A,507,507,,529,True,1,target,960,45.62056965126334,30.35200523980872,15.26856441145462
1,A,A,508,508,,530,True,1,target,960,100.47529982004257,56.07364979241492,44.401650027627646
1,A,A,509,509,,531,True,1,target,960,29.647524031192233,29.647524031192233,0.0
1,A,A,510,510,,532,True,1,target,960,46.462715449960136,46.462715449960136,0.0
1,A,A,511,511,,533,True,1,target,960,63.67478165066217,63.67478165066217,0.0
1,A,A,512,512,,534,True,1,target,960,52.456350634233864,52.456350634233864,0.0
1,A,A,513,513,,535,True,1,target,960,47.3628655210177,47.3628655210177,0.0
1,A,A,514,514,,536,True,1,target,960,51.285346843550116,51.285346843550116,0.0
1,A,A,515,515,,537,True,1,target,960,45.63151548366723,45.63151548366723,0.0
1,A,A,516,516,,538,True,1,target,960,113.70135645876884,113.70135645876884,0.0
1,A,A,517,517,,539,True,1,target,960,79.45788526990029,79.45788526990029,0.0
1,A,A,518,518,,540,True,1,target,960,5.942932496838665,5.942932496838665,0.0
1,A,A,519,519,,541,True,1,target,960,16.604887970548848,16.604887970548848,0.0
1,A,A,520,520,,542,True,1,target,960,114.97965349255433,114.97965349255433,0.0
1,A,A,521,521,,543,True,1,target,960,115.51827300802759,115.51827300802759,0.0
1,A,A,522,522,,544,True,1,target,960,13.734189615490347,13.734189615490347,0.0
1,A,A,523,523,,545,True,1,target,960,60.772702711985126,60.772702711985126,0.0
1,A,A,524,524,,546,True,1,target,960,42.395616145607484,42.395616145607484,0.0
1,A,A,525,525,,547,True,1,target,960,86.96705485719532,86.96705485719532,0.0
1,A,A,526,526,,548,True,1,target,960,159.98351279795475,159.98351279795475,0.0
1,A,A,527,527,,549,True,1,target,960,13.49139162725766,13.49139162725766,0.0
1,A,A,528,528,,550,True,1,target,960,163.81447821749111,163.81447821749111,0.0
1,A,A,529,529,,551,True,1,target,960,68.16879721669889,68.16879721669889,0.0
1,A,A,530,530,,552,True,1,target,960,50.35851417888806,50.35851417888806,0.0
1,A,A,531,531,,553,True,1,target,960,13.28162748577747,13.28162748577747,0.0
1,A,A,532,532,,554,True,1,target,960,26.946958626288882,26.946958626288882,0.0
1,A,A,533,533,,555,True,1,target,960,70.74419240730464,70.74419240730464,0.0
1,A,A,534,534,,556,True,1,target,960,91.14292264419998,91.14292264419998,0.0
1,A,A,535,535,,557,True,1,target,960,86.98680238501703,86.98680238501703,0.0
1,A,A,536,536,,558,True,1,target,960,132.1803144029269,132.1803144029269,0.0
1,A,A,537,537,,559,True,1,target,960,71.57189473377656,71.57189473377656,0.0
1,A,A,538,538,,560,True,1,target,960,11.272641815659869,11.272641815659869,0.0
1,A,A,539,539,,561,True,1,target,960,61.38776764869574,61.38776764869574,0.0
1,A,A,540,540,,562,True,1,target,960,72.19305566923208,72.19305566923208,0.0
1,A,A,541,541,,563,True,1,target,960,18.70968959860706,18.70968959860706,0.0
1,A,A,542,542,,564,True,1,target,960,85.39457385133996,85.39457385133996,0.0
1,A,A,543,543,,565,True,1,target,960,130.3005241126943,130.3005241126943,0.0
1,A,A,544,544,,566,True,1,target,960,157.8155062526971,157.8155062526971,0.0
1,A,A,545,545,,567,True,1,target,960,15.448504366676737,15.448504366676737,0.0
1,A,A,546,546,,568,True,1,target,960,104.0768988689373,104.0768988689373,0.0
1,A,A,547,547,,569,True,1,target,960,69.8645595542689,69.8645595542689,0.0
1,A,A,548,548,,570,True,1,target,960,46.09853155758049,46.09853155758049,0.0
1,A,A,549,549,,571,True,1,target,960,154.79405595616225,154.79405595616225,0.0
1,A,A,550,550,,572,True,1,target,960,57.17805181884256,57.17805181884256,0.0
1,A,A,551,551,,573,True,1,target,960,49.94054752927588,49.94054752927588,0.0
1,A,A,552,552,,574,True,1,target,960,76.04064927688452,76.04064927688452,0.0
1,A,A,553,553,,575,True,1,target,960,6.5342260491371285,6.5342260491371285,0.0
1,A,A,554,554,,576,True,1,target,960,9.564014656173416,9.564014656173416,0.0
1,A,A,555,555,,577,True,1,target,960,166.04296827531198,166.04296827531198,0.0
1,A,A,556,556,,578,True,1,target,960,1.2579460583749127,1.2579460583749127,0.0
1,A,A,557,557,,579,True,1,target,960,53.017402430250705,53.017402430250705,0.0
1,A,A,558,558,,580,True,1,target,960,107.18950247631608,107.18950247631608,0.0
1,A,A,559,559,,581,True,1,target,960,65.60303886155802,65.60303886155802,0.0
1,A,A,560,560,,582,True,1,target,960,128.57971280969966,128.57971280969966,0.0
1,A,A,561,561,,583,True,1,target,960,68.88270189427921,68.88270189427921,0.0
1,A,A,562,562,,584,True,1,target,960,26.564543024542914,26.564543024542914,0.0
1,A,A,563,563,,585,True,1,target,960,84.5054416075179,84.5054416075179,0.0
1,A,A,564,564,,586,True,1,target,960,89.66472999685737,89.66472999685737,0.0
1,C,C,1,1,,1,True,1,light,960,139.53036363131457,139.53036363131457,0.0
1,C,C,2,2,,2,True,1,light,960,18.707571641559763,18.707571641559763,0.0
1,C,C,3,3,,3,True,1,light,960,107.05750453398471,107.05750453398471,0.0
1,C,C,4,4,,4,True,1,light,960,11.19791379840648,11.19791379840648,0.0
1,C,C,5,5,,5,True,1,light,960,76.71647785150334,76.71647785150334,0.0
1,C,C,6,6,,6,True,1,light,960,10.379759295607602,10.379759295607602,0.0
1,C,C,7,7,,7,True,1,light,960,50.989048841423724,50.989048841423724,0.0
1,C,C,8,8,,8,True,1,light,960,56.607572626871075,56.607572626871075,0.0
1,C,C,9,9,,9,True,1,light,960,76.94338854388744,76.94338854388744,0.0
1,C,C,10,10,,10,True,1,light,960,79.67590918206555,79.67590918206555,0.0
1,C,C,11,11,,11,True,1,light,960,41.38642532053463,41.38642532053463,0.0
1,C,C,12,12,,12,True,1,light,960,47.93975225300558,47.93975225300558,0.0
1,C,C,13,13,,13,True,1,light,960,4.780195021824668,4.780195021824668,0.0
1,C,C,14,14,,14,True,1,light,960,33.51664671150034,33.51664671150034,0.0
1,C,C,15,15,,15,True,1,light,960,71.90729509246461,71.90729509246461,0.0
1,C,C,16,16,,16,True,1,light,960,43.67132136545375,43.67132136545375,0.0
1,C,C,17,17,,17,True,1,light,960,55.66290618791213,55.66290618791213,0.0
1,C,C,18,18,,18,True,1,light,960,165.3822429073753,165.3822429073753,0.0
1,C,C,19,19,,19,True,1,light,960,3.437143218464008,3.437143218464008,0.0
1,C,C,20,20,,20,True,1,light,960,66.51379835280615,66.51379835280615,0.0
1,C,C,21,21,,21,True,1,light,960,0.880562240862439,0.880562240862439,0.0
1,C,C,22,22,,22,True,1,light,960,57.55500890335293,57.55500890335293,0.0
1,C,C,23,23,,23,True,1,light,960,0.8238250775386073,0.8238250775386073,0.0
1,C,C,24,24,,24,True,1,light,960,114.91180556321231,114.91180556321231,0.0
1,C,C,25,25,,25,True,1,light,960,8.622362837164985,8.622362837164985,0.0
1,C,C,26,26,,26,True,1,light,960,74.22004266525475,74.22004266525475,0.0
1,C,C,27,27,,27,True,1,light,960,89.30292586091284,89.30292586091284,0.0
1,C,C,28,28,,28,True,1,light,960,90.5740221025369,90.5740221025369,0.0
1,C,C,29,29,,29,True,1,light,960,0.5031784233499651,0.5031784233499651,0.0
1,C,C,30,30,,30,True,1,light,960,36.53458104225709,36.53458104225709,0.0
1,C,C,31,31,,31,True,1,light,960,72.58348756823247,72.58348756823247,0.0
1,C,C,32,32,,32,True,1,light,960,3.08546940983035,3.08546940983035,0.0
1,C,C,33,33,,33,True,1,light,960,0.0,0.0,0.0
1,C,C,34,34,,34,True,1,light,960,0.0,0.0,0.0
1,C,C,35,35,,35,True,1,light,960,0.36550467029108746,0.36550467029108746,0.0
1,C,C,36,36,,36,True,1,light,960,0.349015235850558,0.349015235850558,0.0
1,C,C,37,37,,37,True,1,light,960,18.352243113472433,18.352243113472433,0.0
1,C,C,38,38,,38,True,1,light,960,14.202624642085487,14.202624642085487,0.0
1,C,C,39,39,,39,True,1,light,960,66.75818808131666,66.75818808131666,0.0
1,C,C,40,40,,40,True,1,light,960,88.21761162784962,88.21761162784962,0.0
1,C,C,41,41,,41,True,1,light,960,58.66936977849246,58.66936977849246,0.0
1,C,C,42,42,,42,True,1,light,960,111.34461349885909,111.34461349885909,0.0
1,C,C,43,43,,43,True,1,light,960,19.646986384799455,19.646986384799455,0.0
1,C,C,44,44,,44,True,1,light,960,4.925038151118426,4.925038151118426,0.0
1,C,C,45,45,,45,True,1,light,960,131.94319353441864,131.94319353441864,0.0
1,C,C,46,46,,46,True,1,light,960,11.206339811702795,11.206339811702795,0.0
1,C,C,47,47,,47,True,1,light,960,12.70525518958662,12.70525518958662,0.0
1,C,C,48,48,,48,True,1,light,960,0.880562240862439,0.880562240862439,0.0
1,C,C,49,49,,49,True,1,light,960,14.35031353072462,14.35031353072462,0.0
1,C,C,50,50,,50,True,1,light,960,13.839679060810136,13.839679060810136,0.0
1,C,C,51,51,,51,True,1,light,960,0.3631995266815159,0.3631995266815159,0.0
1,C,C,52,52,,52,True,1,light,960,53.712521692759495,53.712521692759495,0.0
1,C,C,53,53,,53,True,1,light,960,80.71021704040385,80.71021704040385,0.0
1,C,C,54,54,,54,True,1,light,960,105.2771744491709,105.2771744491709,0.0
1,C,C,55,55,,55,True,1,light,960,30.26089905285461,30.26089905285461,0.0
1,C,C,56,56,,56,True,1,light,960,115.65139014274185,115.65139014274185,0.0
1,C,C,57,57,,57,True,1,light,960,71.13922019455784,71.13922019455784,0.0
1,C,C,58,58,,58,True,1,light,960,15.568199046778508,15.568199046778508,0.0
1,C,C,59,59,,59,True,1,light,960,55.09803735682118,55.09803735682118,0.0
1,C,C,60,60,,60,True,1,light,960,93.44078168580596,93.44078168580596,0.0
1,C,C,61,61,,61,True,1,light,960,43.42067332257792,43.42067332257792,0.0
1,C,C,62,62,,62,True,1,light,960,5.784687856883469,5.784687856883469,0.0
1,C,C,63,63,,63,True,1,light,960,52.36233323808743,52.36233323808743,0.0
1,C,C,64,64,,64,True,1,light,960,10.400859017267274,10.400859017267274,0.0
1,C,C,65,65,,65,True,1,light,960,57.837271840299394,57.837271840299394,0.0
1,C,C,66,66,,66,True,1,light,960,36.81533732372678,36.81533732372678,0.0
1,C,C,67,67,,67,True,1,light,960,76.2059625003103,76.2059625003103,0.0
1,C,C,68,68,,68,True,1,light,960,10.94413070786174,10.94413070786174,0.0
1,C,C,69,69,,69,True,1,light,960,52.881460480142124,52.881460480142124,0.0
1,C,C,70,70,,70,True,1,light,960,77.62100782631879,77.62100782631879,0.0
1,C,C,71,71,,71,True,1,light,960,0.3536255230697011,0.3536255230697011,0.0
1,C,C,72,72,,72,True,1,light,960,34.70180730407934,34.70180730407934,0.0
1,C,C,73,73,,73,True,1,light,960,1.773444760914706,1.773444760914706,0.0
1,C,C,74,74,,74,True,1,light,960,22.499730537842687,22.499730537842687,0.0
1,C,C,75,75,,75,True,1,light,960,0.880562240862439,0.880562240862439,0.0
1,C,C,76,76,,76,True,1,light,960,61.86825853709903,61.86825853709903,0.0
1,C,C,77,77,,77,True,1,light,960,41.75676149852755,41.75676149852755,0.0
1,C,C,78,78,,78,True,1,light,960,0.0,0.0,0.0
1,C,C,79,79,,79,True,1,light,960,79.45723338942467,79.45723338942467,0.0
1,C,C,80,80,,80,True,1,light,960,86.33806088405684,86.33806088405684,0.0
1,C,C,81,81,,81,True,1,light,960,120.33709391152816,120.33709391152816,0.0
1,C,C,82,82,,82,True,1,light,960,0.8928825200522669,0.8928825200522669,0.0
1,C,C,83,83,,83,True,1,light,960,34.519275534918016,34.519275534918016,0.0
1,C,C,84,84,,84,True,1,light,960,7.044497926899512,7.044497926899512,0.0
1,C,C,85,85,,85,True,1,light,960,25.634580548199715,25.634580548199715,0.0
1,C,C,86,86,,86,True,1,light,960,0.25158921167498255,0.25158921167498255,0.0
1,C,C,87,87,,87,True,1,light,960,14.803483035017193,14.803483035017193,0.0
1,C,C,88,88,,88,True,1,light,960,0.0,0.0,0.0
1,C,C,89,89,,89,True,1,light,960,0.0,0.0,0.0
1,C,C,90,90,,90,True,1,light,960,0.0,0.0,0.0
1,C,C,91,91,,91,True,1,light,960,27.347846792837966,27.347846792837966,0.0
1,C,C,92,92,,92,True,1,light,960,119.00260294814854,119.00260294814854,0.0
1,C,C,93,93,,93,True,1,light,960,68.30647096975777,68.30647096975777,0.0
1,C,C,94,94,,94,True,1,light,960,42.10072269719665,42.10072269719665,0.0
1,C,C,95,95,,95,True,1,light,960,14.71796888298648,14.71796888298648,0.0
1,C,C,96,96,,96,True,1,light,960,28.760364445757254,28.760364445757254,0.0
1,C,C,97,97,,97,True,1,light,960,24.907331955823274,24.907331955823274,0.0
1,C,C,98,98,,98,True,1,light,960,23.08995463964199,23.08995463964199,0.0
1,C,C,99,99,,99,True,1,light,960,2.4837955118056496,2.4837955118056496,0.0
1,C,C,100,100,,100,True,1,light,960,89.21499922752355,89.21499922752355,0.0
1,C,C,101,101,,101,True,1,light,960,5.947443300290444,5.947443300290444,0.0
1,C,C,102,102,,102,True,1,light,960,0.0,0.0,0.0
1,C,C,103,103,,103,True,1,light,960,85.60849798509227,85.60849798509227,0.0
1,C,C,104,104,,104,True,1,light,960,5.134074490300534,5.134074490300534,0.0
1,C,C,105,105,,105,True,1,light,960,26.688641170347466,26.688641170347466,0.0
1,C,C,106,106,,106,True,1,light,960,37.989970962922364,37.989970962922364,0.0
1,C,C,107,107,,107,True,1,light,960,100.03220828318334,100.03220828318334,0.0
1,C,C,108,108,,108,True,1,light,960,88.75749825235985,88.75749825235985,0.0
1,C,C,109,109,,109,True,1,light,960,104.44505949401761,104.44505949401761,0.0
1,C,C,110,110,,110,True,1,light,960,84.2018250035056,84.2018250035056,0.0
1,C,C,111,111,,111,True,1,light,960,19.595589928986723,19.595589928986723,0.0
1,C,C,112,112,,112,True,1,light,960,51.8127050583572,51.8127050583572,0.0
1,C,C,113,113,,113,True,1,light,960,13.324180358270343,13.324180358270343,0.0
1,C,C,114,114,,114,True,1,light,960,39.72054345609108,39.72054345609108,0.0
1,C,C,115,115,,115,True,1,light,960,18.539034358673245,18.539034358673245,0.0
1,C,C,116,116,,116,True,1,light,960,12.256949917919354,12.256949917919354,0.0
1,C,C,117,117,,117,True,1,light,960,7.317715694997521,7.317715694997521,0.0
1,C,C,118,118,,118,True,1,light,960,3.130680855106324,3.130680855106324,0.0
1,C,C,119,119,,119,True,1,light,960,15.520153623129609,15.520153623129609,0.0
1,C,C,120,120,,120,True,1,light,960,13.165152938145628,13.165152938145628,0.0
1,C,C,121,121,,121,True,1,light,960,9.579272324494351,9.579272324494351,0.0
1,C,C,122,122,,122,True,1,light,960,114.5739469082728,114.5739469082728,0.0
1,C,C,123,123,,123,True,1,light,960,82.4388365101396,82.4388365101396,0.0
1,C,C,124,124,,124,True,1,light,960,8.746127188750094,8.746127188750094,0.0
1,C,C,125,125,,125,True,1,light,960,66.89176990994424,66.89176990994424,0.0
1,C,C,126,126,,126,True,1,light,960,177.6670351901871,177.6670351901871,0.0
1,C,C,127,127,,127,True,1,light,960,86.85478480773155,86.85478480773155,0.0
1,C,C,128,128,,128,True,1,light,960,40.76796353676731,40.76796353676731,0.0
1,C,C,129,129,,129,True,1,light,960,58.55577371512946,58.55577371512946,0.0
1,C,C,130,130,,130,True,1,light,960,6.176697097195342,6.176697097195342,0.0
1,C,C,131,131,,131,True,1,light,960,5.541690901116054,5.541690901116054,0.0
1,C,C,132,132,,132,True,1,light,960,2.6416867225873166,2.6416867225873166,0.0
1,C,C,133,133,,133,True,1,light,960,7.044497926899512,7.044497926899512,0.0
1,C,C,134,134,,134,True,1,light,960,0.0,0.0,0.0
1,C,C,135,135,,135,True,1,light,960,5.271494297953247,5.271494297953247,0.0
1,C,C,136,136,,136,True,1,light,960,1.0063568466999302,1.0063568466999302,0.0
1,C,C,137,137,,137,True,1,light,960,11.715470244134377,11.715470244134377,0.0
1,C,C,138,138,,138,True,1,light,960,43.049745477968564,43.049745477968564,0.0
1,C,C,139,139,,139,True,1,light,960,1.1321514525374214,1.1321514525374214,0.0
1,C,C,140,140,,140,True,1,light,960,16.800876228243048,16.800876228243048,0.0
1,C,C,141,141,,141,True,1,light,960,26.66845643754815,26.66845643754815,0.0
1,C,C,142,142,,142,True,1,light,960,127.14976062654992,127.14976062654992,0.0
1,C,C,143,143,,143,True,1,light,960,132.4891303427809,132.4891303427809,0.0
1,C,C,144,144,,144,True,1,light,960,26.04857831909284,26.04857831909284,0.0
1,C,C,145,145,,145,True,1,light,960,142.84681078701846,142.84681078701846,0.0
1,C,C,146,146,,146,True,1,light,960,29.240047683049184,29.240047683049184,0.0
1,C,C,147,147,,147,True,1,light,960,63.233567215413444,63.233567215413444,0.0
1,C,C,148,148,,148,True,1,light,960,7.8251509763931,7.8251509763931,0.0
1,C,C,149,149,,149,True,1,light,960,53.82146034501355,53.82146034501355,0.0
1,C,C,150,150,,150,True,1,light,960,28.652073746988016,28.652073746988016,0.0
1,C,C,151,151,,151,True,1,light,960,72.50977664160067,72.50977664160067,0.0
1,C,C,152,152,,152,True,1,light,960,140.52262127198455,140.52262127198455,0.0
1,C,C,153,153,,153,True,1,light,960,62.60829995656028,62.60829995656028,0.0
1,C,C,154,154,,154,True,1,light,960,94.51665935993596,94.51665935993596,0.0
1,C,C,155,155,,155,True,1,light,960,93.88982654074377,93.88982654074377,0.0
1,C,C,156,156,,156,True,1,light,960,115.17839980679899,115.17839980679899,0.0
1,C,C,157,157,,157,True,1,light,960,85.46337080346275,85.46337080346275,0.0
1,C,C,158,158,,158,True,1,light,960,42.08903335453141,42.08903335453141,0.0
1,C,C,159,159,,159,True,1,light,960,44.42102580031866,44.42102580031866,0.0
1,C,C,160,160,,160,True,1,light,960,73.1745415740911,73.1745415740911,0.0
1,C,C,161,161,,161,True,1,light,960,93.40974275038849,93.40974275038849,0.0
1,C,C,162,162,,162,True,1,light,960,10.199819340385492,10.199819340385492,0.0
1,C,C,163,163,,163,True,1,light,960,33.68658985709935,33.68658985709935,0.0
1,C,C,164,164,,164,True,1,light,960,15.013247176497384,15.013247176497384,0.0
1,C,C,165,165,,165,True,1,light,960,100.87155413742761,100.87155413742761,0.0
1,C,C,166,166,,166,True,1,light,960,33.17967424748855,33.17967424748855,0.0
1,C,C,167,167,,167,True,1,light,960,35.57276281640649,35.57276281640649,0.0
1,C,C,168,168,,168,True,1,light,960,126.38605385142853,126.38605385142853,0.0
1,C,C,169,169,,169,True,1,light,960,184.58183246438318,184.58183246438318,0.0
1,C,C,170,170,,170,True,1,light,960,59.840224343525165,59.840224343525165,0.0
1,C,C,171,171,,171,True,1,light,960,14.853491954074585,14.853491954074585,0.0
1,C,C,172,172,,172,True,1,light,960,6.927295576969588,6.927295576969588,0.0
1,C,C,173,173,,173,True,1,light,960,19.65832753427891,19.65832753427891,0.0
1,C,C,174,174,,174,True,1,light,960,0.5031784233499651,0.5031784233499651,0.0
1,C,C,175,175,,175,True,1,light,960,3.3964543576122646,3.3964543576122646,0.0
1,C,C,176,176,,176,True,1,light,960,3.2385631468305975,3.2385631468305975,0.0
1,C,C,177,177,,177,True,1,light,960,5.611189475598155,5.611189475598155,0.0
1,C,C,178,178,,178,True,1,light,960,23.320555394397115,23.320555394397115,0.0
1,C,C,179,179,,179,True,1,light,960,7.519307768587561,7.519307768587561,0.0
1,C,C,180,180,,180,True,1,light,960,43.12258984862673,43.12258984862673,0.0
1,C,C,181,181,,181,True,1,light,960,65.01205292354021,65.01205292354021,0.0
1,C,C,182,182,,182,True,1,light,960,37.02809514120645,37.02809514120645,0.0
1,C,C,183,183,,183,True,1,light,960,93.04269608170327,93.04269608170327,0.0
1,C,C,184,184,,184,True,1,light,960,77.18785550321735,77.18785550321735,0.0
1,C,C,185,185,,185,True,1,light,960,88.03962600505744,88.03962600505744,0.0
1,C,C,186,186,,186,True,1,light,960,22.479545805043372,22.479545805043372,0.0
1,C,C,187,187,,187,True,1,light,960,121.15497614296372,121.15497614296372,0.0
1,C,C,188,188,,188,True,1,light,960,156.18470419722172,156.18470419722172,0.0
1,C,C,189,189,,189,True,1,light,960,92.00406853346628,92.00406853346628,0.0
1,C,C,190,190,,190,True,1,light,960,140.4896018241984,140.4896018241984,0.0
1,C,C,191,191,,191,True,1,light,960,50.15622310093258,50.15622310093258,0.0
1,C,C,192,192,,192,True,1,light,960,13.052406413796046,13.052406413796046,0.0
1,C,C,193,193,,193,True,1,light,960,18.202275261162505,18.202275261162505,0.0
1,C,C,194,194,,194,True,1,light,960,2.213714100373475,2.213714100373475,0.0
1,C,C,195,195,,195,True,1,light,960,42.24243601480926,42.24243601480926,0.0
1,C,C,196,196,,196,True,1,light,960,0.12579460583749127,0.12579460583749127,0.0
1,C,C,197,197,,197,True,1,light,960,61.49605834746498,61.49605834746498,0.0
1,C,C,198,198,,198,True,1,light,960,8.845858356535242,8.845858356535242,0.0
1,C,C,199,199,,199,True,1,light,960,128.84361444658285,128.84361444658285,0.0
1,C,C,200,200,,200,True,1,light,960,39.22895750963286,39.22895750963286,0.0
1,C,C,201,201,,201,True,1,light,960,43.74297062190662,43.74297062190662,0.0
1,C,C,202,202,,202,True,1,light,960,121.19470158206838,121.19470158206838,0.0
1,C,C,203,203,,203,True,1,light,960,70.35693875287214,70.35693875287214,0.0
1,C,C,204,204,,204,True,1,light,960,71.49163882244979,71.49163882244979,0.0
1,C,C,205,205,,205,True,1,light,960,54.7206535393087,54.7206535393087,0.0
1,C,C,206,206,,206,True,1,light,960,59.74855397889036,59.74855397889036,0.0
1,C,C,207,207,,207,True,1,light,960,80.55800425834357,80.55800425834357,0.0
1,C,C,208,208,,208,True,1,light,960,69.39892316312933,69.39892316312933,0.0
1,C,C,209,209,,209,True,1,light,960,13.937137809909185,13.937137809909185,0.0
1,C,C,210,210,,210,True,1,light,960,74.60856473772115,74.60856473772115,0.0
1,C,C,211,211,,211,True,1,light,960,95.90650780386574,95.90650780386574,0.0
1,C,C,212,212,,212,True,1,light,960,59.32800075132674,59.32800075132674,0.0
1,C,C,213,213,,213,True,1,light,960,134.89166986959836,134.89166986959836,0.0
1,C,C,214,214,,214,True,1,light,960,64.10672969657973,64.10672969657973,0.0
1,D,D,1,1,,1,True,1,heavy,960,178.69330842531386,178.69330842531386,0.0
1,D,D,2,2,,2,True,1,heavy,960,23.7023806385236,23.7023806385236,0.0
1,D,D,3,3,,3,True,1,heavy,960,91.80798602799247,91.80798602799247,0.0
1,D,D,4,4,,4,True,1,heavy,960,16.740849555611522,16.740849555611522,0.0
1,D,D,5,5,,5,True,1,heavy,960,80.92289239107637,80.92289239107637,0.0
1,D,D,6,6,,6,True,1,heavy,960,18.86675352332328,18.86675352332328,0.0
1,D,D,7,7,,7,True,1,heavy,960,57.145528480896274,57.145528480896274,0.0
1,D,D,8,8,,8,True,1,heavy,960,38.70952527129139,38.70952527129139,0.0
1,D,D,9,9,,9,True,1,heavy,960,37.50364587516197,37.50364587516197,0.0
1,D,D,10,10,,10,True,1,heavy,960,26.640087855886232,26.640087855886232,0.0
1,D,D,11,11,,11,True,1,heavy,960,65.49521809268987,65.49521809268987,0.0
1,D,D,12,12,,12,True,1,heavy,960,17.485450211411287,17.485450211411287,0.0
1,D,D,13,13,,13,True,1,heavy,960,130.04658656051078,130.04658656051078,0.0
1,D,D,14,14,,14,True,1,heavy,960,75.14461338320622,75.14461338320622,0.0
1,D,D,15,15,,15,True,1,heavy,960,44.75136688583751,44.75136688583751,0.0
1,D,D,16,16,,16,True,1,heavy,960,27.491750062329526,27.491750062329526,0.0
1,D,D,17,17,,17,True,1,heavy,960,62.10108065965963,62.10108065965963,0.0
1,D,D,18,18,,18,True,1,heavy,960,33.311812252492416,33.311812252492416,0.0
1,D,D,19,19,,19,True,1,heavy,960,120.31243633618831,120.31243633618831,0.0
1,D,D,20,20,,20,True,1,heavy,960,0.0,0.0,0.0
1,D,D,21,21,,21,True,1,heavy,960,28.991041122334842,28.991041122334842,0.0
1,D,D,22,22,,22,True,1,heavy,960,0.0,0.0,0.0
1,D,D,23,23,,23,True,1,heavy,960,45.00511856045571,45.00511856045571,0.0
1,D,D,24,24,,24,True,1,heavy,960,15.913386775579443,15.913386775579443,0.0
1,D,D,25,25,,25,True,1,heavy,960,46.170756772686524,46.170756772686524,0.0
1,D,D,26,26,,26,True,1,heavy,960,55.34734760482537,55.34734760482537,0.0
1,D,D,27,27,,27,True,1,heavy,960,34.056354003429924,34.056354003429924,0.0
1,D,D,28,28,,28,True,1,heavy,960,69.81963347032561,69.81963347032561,0.0
1,D,D,29,29,,29,True,1,heavy,960,6.047271333849077,6.047271333849077,0.0
1,D,D,30,30,,30,True,1,heavy,960,34.66484646650986,34.66484646650986,0.0
1,D,D,31,31,,31,True,1,heavy,960,8.25916331048347,8.25916331048347,0.0
1,D,D,32,32,,32,True,1,heavy,960,19.413466566870365,19.413466566870365,0.0
1,D,D,33,33,,33,True,1,heavy,960,8.070531615586425,8.070531615586425,0.0
1,D,D,34,34,,34,True,1,heavy,960,1.8869190875623691,1.8869190875623691,0.0
1,D,D,35,35,,35,True,1,heavy,960,0.0,0.0,0.0
1,D,D,36,36,,36,True,1,heavy,960,0.36550467029108746,0.36550467029108746,0.0
1,D,D,37,37,,37,True,1,heavy,960,0.0,0.0,0.0
1,D,D,38,38,,38,True,1,heavy,960,6.548320019179297,6.548320019179297,0.0
1,D,D,39,39,,39,True,1,heavy,960,22.166948173032615,22.166948173032615,0.0
1,D,D,40,40,,40,True,1,heavy,960,31.885340692203435,31.885340692203435,0.0
1,D,D,41,41,,41,True,1,heavy,960,94.84694939457417,94.84694939457417,0.0
1,D,D,42,42,,42,True,1,heavy,960,92.44492953954148,92.44492953954148,0.0
1,D,D,43,43,,43,True,1,heavy,960,155.19691809009532,155.19691809009532,0.0
1,D,D,44,44,,44,True,1,heavy,960,21.63692091346691,21.63692091346691,0.0
1,D,D,45,45,,45,True,1,heavy,960,13.588805870460785,13.588805870460785,0.0
1,D,D,46,46,,46,True,1,heavy,960,49.07003314891718,49.07003314891718,0.0
1,D,D,47,47,,47,True,1,heavy,960,2.2901883195434842,2.2901883195434842,0.0
1,D,D,48,48,,48,True,1,heavy,960,2.276623184264671,2.276623184264671,0.0
1,D,D,49,49,,49,True,1,heavy,960,5.283373445174633,5.283373445174633,0.0
1,D,D,50,50,,50,True,1,heavy,960,5.134074490300534,5.134074490300534,0.0
1,D,D,51,51,,51,True,1,heavy,960,1.1161031500653336,1.1161031500653336,0.0
1,D,D,52,52,,52,True,1,heavy,960,18.49526150103323,18.49526150103323,0.0
1,D,D,53,52,A,53,True,1,heavy,960,0.880562240862439,0.880562240862439,0.0
1,D,D,54,53,,54,True,1,heavy,960,3.8996327809622295,3.8996327809622295,0.0
1,D,D,55,54,,55,True,1,heavy,960,34.9558561210027,34.9558561210027,0.0
1,D,D,56,55,,56,True,1,heavy,960,22.451585630426422,22.451585630426422,0.0
1,D,D,57,56,,57,True,1,heavy,960,31.494204552849872,31.494204552849872,0.0
1,D,D,58,57,,58,True,1,heavy,960,34.59202565779658,34.59202565779658,0.0
1,D,D,59,58,,59,True,1,heavy,960,17.359655605573796,17.359655605573796,0.0
1,D,D,60,59,,60,True,1,heavy,960,54.39668726888277,54.39668726888277,0.0
1,D,D,61,60,,61,True,1,heavy,960,20.53437111770794,20.53437111770794,0.0
1,D,D,62,61,,62,True,1,heavy,960,56.82001759408232,56.82001759408232,0.0
1,D,D,63,62,,63,True,1,heavy,960,109.37353245310398,109.37353245310398,0.0
1,D,D,64,63,,64,True,1,heavy,960,3.4938803817878394,3.4938803817878394,0.0
1,D,D,65,64,,65,True,1,heavy,960,119.86351059997196,119.86351059997196,0.0
1,D,D,66,65,,66,True,1,heavy,960,79.76955875007212,79.76955875007212,0.0
1,D,D,67,66,,67,True,1,heavy,960,25.792679889494682,25.792679889494682,0.0
1,D,D,68,67,,68,True,1,heavy,960,23.979033214589535,23.979033214589535,0.0
1,D,D,69,68,,69,True,1,heavy,960,74.75636489110009,74.75636489110009,0.0
1,D,D,70,69,,70,True,1,heavy,960,25.724019073053533,25.724019073053533,0.0
1,D,D,71,70,,71,True,1,heavy,960,42.15764966507663,42.15764966507663,0.0
1,D,D,72,71,,72,True,1,heavy,960,18.520759452407926,18.520759452407926,0.0
1,D,D,73,72,,73,True,1,heavy,960,46.15625308660245,46.15625308660245,0.0
1,D,D,74,73,,74,True,1,heavy,960,58.23763379007901,58.23763379007901,0.0
1,D,D,75,74,,75,True,1,heavy,960,75.4593027923255,75.4593027923255,0.0
1,D,D,76,75,,76,True,1,heavy,960,91.98774010564924,91.98774010564924,0.0
1,D,D,77,76,,77,True,1,heavy,960,40.36537236520059,40.36537236520059,0.0
1,D,D,78,77,,78,True,1,heavy,960,11.087109825514368,11.087109825514368,0.0
1,D,D,79,78,,79,True,1,heavy,960,0.37738381751247385,0.37738381751247385,0.0
1,D,D,80,79,,80,True,1,heavy,960,29.113835507188153,29.113835507188153,0.0
1,D,D,81,80,,81,True,1,heavy,960,1.5095352700498954,1.5095352700498954,0.0
1,D,D,82,81,,82,True,1,heavy,960,54.484954241476196,54.484954241476196,0.0
1,D,D,83,82,,83,True,1,heavy,960,0.0,0.0,0.0
1,D,D,84,82,A,84,True,1,heavy,960,59.695573636781454,59.695573636781454,0.0
1,D,D,85,82,B,85,True,1,heavy,960,74.86592269890627,74.86592269890627,0.0
1,D,D,86,82,C,86,True,1,heavy,960,2.232206300130667,2.232206300130667,0.0
1,D,D,87,83,,87,True,1,heavy,960,102.7569796594826,102.7569796594826,0.0
1,D,D,88,84,,88,True,1,heavy,960,70.29851167450006,70.29851167450006,0.0
1,D,D,89,85,,89,True,1,heavy,960,102.35553647823136,102.35553647823136,0.0
1,D,D,90,86,,90,True,1,heavy,960,0.22322063001306672,0.22322063001306672,0.0
1,D,D,91,87,,91,True,1,heavy,960,30.053726725313634,30.053726725313634,0.0
1,D,D,92,88,,92,True,1,heavy,960,0.37738381751247385,0.37738381751247385,0.0
1,D,D,93,89,,93,True,1,heavy,960,35.198731340054785,35.198731340054785,0.0
1,D,D,94,90,,94,True,1,heavy,960,0.12579460583749127,0.12579460583749127,0.0
1,D,D,95,91,,95,True,1,heavy,960,7.589501420444268,7.589501420444268,0.0
1,D,D,96,92,,96,True,1,heavy,960,0.0,0.0,0.0
1,D,D,97,93,,97,True,1,heavy,960,0.0,0.0,0.0
1,D,D,98,94,,98,True,1,heavy,960,6.289108518328542,6.289108518328542,0.0
1,D,D,99,95,,99,True,1,heavy,960,0.6696618900392002,0.6696618900392002,0.0
1,D,D,100,96,,100,True,1,heavy,960,4.241191970248267,4.241191970248267,0.0
1,D,D,101,97,,101,True,1,heavy,960,2.0127136933998604,2.0127136933998604,0.0
1,D,D,102,98,,102,True,1,heavy,960,32.469601003948675,32.469601003948675,0.0
1,D,D,103,99,,103,True,1,heavy,960,33.79660450483725,33.79660450483725,0.0
1,D,D,104,99,A,104,True,1,heavy,960,21.451481862104075,21.451481862104075,0.0
1,D,D,105,99,B,105,True,1,heavy,960,13.00726172736396,13.00726172736396,0.0
1,D,D,106,100,,106,True,1,heavy,960,0.12579460583749127,0.12579460583749127,0.0
1,D,D,107,101,,107,True,1,heavy,960,10.971771487225574,10.971771487225574,0.0
1,D,D,108,102,,108,True,1,heavy,960,94.62900140423139,94.62900140423139,0.0
1,D,D,109,103,,109,True,1,heavy,960,29.77664610724865,29.77664610724865,0.0
1,D,D,110,104,,110,True,1,heavy,960,2.8932759342622996,2.8932759342622996,0.0
1,D,D,111,105,,111,True,1,heavy,960,105.97289585027161,105.97289585027161,0.0
1,D,D,112,106,,112,True,1,heavy,960,24.159601488342364,24.159601488342364,0.0
1,D,D,113,107,,113,True,1,heavy,960,15.691501322444152,15.691501322444152,0.0
1,D,D,114,108,,114,True,1,heavy,960,72.48081770231929,72.48081770231929,0.0
1,D,D,115,109,,115,True,1,heavy,960,0.0,0.0,0.0
1,D,D,116,110,,116,True,1,heavy,960,14.873268279828935,14.873268279828935,0.0
1,D,D,117,111,,117,True,1,heavy,960,13.295811776608428,13.295811776608428,0.0
1,D,D,118,112,,118,True,1,heavy,960,29.611421895614725,29.611421895614725,0.0
1,D,D,119,113,,119,True,1,heavy,960,84.49156623996456,84.49156623996456,0.0
1,D,D,120,114,,120,True,1,heavy,960,23.584661234802773,23.584661234802773,0.0
1,D,D,121,115,,121,True,1,heavy,960,92.88061215372599,92.88061215372599,0.0
1,D,D,122,116,,122,True,1,heavy,960,79.18645297362708,79.18645297362708,0.0
1,D,D,123,117,,123,True,1,heavy,960,84.23087688156969,84.23087688156969,0.0
1,D,D,124,118,,124,True,1,heavy,960,25.849046606684777,25.849046606684777,0.0
1,D,D,125,119,,125,True,1,heavy,960,7.477891105437735,7.477891105437735,0.0
1,D,D,126,120,,126,True,1,heavy,960,36.53571725160013,36.53571725160013,0.0
1,D,D,127,121,,127,True,1,heavy,960,11.988406577890501,11.988406577890501,0.0
1,D,D,128,122,,128,True,1,heavy,960,23.272002079935884,23.272002079935884,0.0
1,D,D,129,123,,129,True,1,heavy,960,19.19656577407877,19.19656577407877,0.0
1,D,D,130,124,,130,True,1,heavy,960,4.9059896276621595,4.9059896276621595,0.0
1,D,D,131,125,,131,True,1,heavy,960,12.237889613490639,12.237889613490639,0.0
1,D,D,132,126,,132,True,1,heavy,960,13.069590925611184,13.069590925611184,0.0
1,D,D,133,127,,133,True,1,heavy,960,32.1930845635644,32.1930845635644,0.0
1,D,D,134,128,,134,True,1,heavy,960,98.40081979707925,98.40081979707925,0.0
1,D,D,135,129,,135,True,1,heavy,960,129.83913148963094,129.83913148963094,0.0
1,D,D,136,130,,136,True,1,heavy,960,16.01011772238041,16.01011772238041,0.0
1,D,D,137,131,,137,True,1,heavy,960,76.05622503146165,76.05622503146165,0.0
1,D,D,138,132,,138,True,1,heavy,960,87.21498411342888,87.21498411342888,0.0
1,D,D,139,133,,139,True,1,heavy,960,82.15671625385947,82.15671625385947,0.0
1,D,D,140,134,,140,True,1,heavy,960,37.30324629778335,37.30324629778335,0.0
1,D,D,141,135,,141,True,1,heavy,960,66.37967983543359,66.37967983543359,0.0
1,D,D,142,136,,142,True,1,heavy,960,6.2755460010436055,6.2755460010436055,0.0
1,D,D,143,137,,143,True,1,heavy,960,2.966943663995102,2.966943663995102,0.0
1,D,D,144,138,,144,True,1,heavy,960,3.4961855253974115,3.4961855253974115,0.0
1,D,D,145,139,,145,True,1,heavy,960,0.12579460583749127,0.12579460583749127,0.0
1,D,D,146,140,,146,True,1,heavy,960,0.6289730291874563,0.6289730291874563,0.0
1,D,D,147,141,,147,True,1,heavy,960,7.799265561924459,7.799265561924459,0.0
1,D,D,148,142,,148,True,1,heavy,960,0.7547676350249477,0.7547676350249477,0.0
1,D,D,149,143,,149,True,1,heavy,960,17.30876834957034,17.30876834957034,0.0
1,D,D,150,144,,150,True,1,heavy,960,38.460005583776955,38.460005583776955,0.0
1,D,D,151,145,,151,True,1,heavy,960,2.232206300130667,2.232206300130667,0.0
1,D,D,152,146,,152,True,1,heavy,960,2.3759132200813764,2.3759132200813764,0.0
1,D,D,153,147,,153,True,1,heavy,960,8.93141701446188,8.93141701446188,0.0
1,D,D,154,148,,154,True,1,heavy,960,68.99845780259153,68.99845780259153,0.0
1,D,D,155,149,,155,True,1,heavy,960,72.8862219083079,72.8862219083079,0.0
1,D,D,156,150,,156,True,1,heavy,960,18.2886716771301,18.2886716771301,0.0
1,D,D,157,151,,157,True,1,heavy,960,82.5060626659356,82.5060626659356,0.0
1,D,D,158,152,,158,True,1,heavy,960,21.57909597368677,21.57909597368677,0.0
1,D,D,159,153,,159,True,1,heavy,960,49.669909794144644,49.669909794144644,0.0
1,D,D,160,154,,160,True,1,heavy,960,3.386702330416747,3.386702330416747,0.0
1,D,D,161,155,,161,True,1,heavy,960,38.044286481909054,38.044286481909054,0.0
1,D,D,162,156,,162,True,1,heavy,960,103.75785180900812,103.75785180900812,0.0
1,D,D,163,157,,163,True,1,heavy,960,51.87190444492329,51.87190444492329,0.0
1,D,D,164,158,,164,True,1,heavy,960,99.37632620392094,99.37632620392094,0.0
1,D,D,165,159,,165,True,1,heavy,960,30.06977502778572,30.06977502778572,0.0
1,D,D,166,160,,166,True,1,heavy,960,107.99282211680534,107.99282211680534,0.0
1,D,D,167,161,,167,True,1,heavy,960,91.34448722885429,91.34448722885429,0.0
1,D,D,168,162,,168,True,1,heavy,960,32.56333565675629,32.56333565675629,0.0
1,D,D,169,163,,169,True,1,heavy,960,43.65732426118507,43.65732426118507,0.0
1,D,D,170,164,,170,True,1,heavy,960,26.0151033403719,26.0151033403719,0.0
1,D,D,171,165,,171,True,1,heavy,960,62.657700192041034,62.657700192041034,0.0
1,D,D,172,166,,172,True,1,heavy,960,4.439772041881679,4.439772041881679,0.0
1,D,D,173,167,,173,True,1,heavy,960,60.39186706954452,60.39186706954452,0.0
1,D,D,174,168,,174,True,1,heavy,960,31.082646752251037,31.082646752251037,0.0
1,D,D,175,169,,175,True,1,heavy,960,44.50292188480999,44.50292188480999,0.0
1,D,D,176,170,,176,True,1,heavy,960,91.83905768833341,91.83905768833341,0.0
1,D,D,177,171,,177,True,1,heavy,960,22.302407103270713,22.302407103270713,0.0
1,D,D,178,172,,178,True,1,heavy,960,126.66949750361397,126.66949750361397,0.0
1,D,D,179,173,,179,True,1,heavy,960,66.77601269263496,66.77601269263496,0.0
1,D,D,180,174,,180,True,1,heavy,960,14.57798998631803,14.57798998631803,0.0
1,D,D,181,175,,181,True,1,heavy,960,32.077624488560275,32.077624488560275,0.0
1,D,D,182,176,,182,True,1,heavy,960,38.95272773957822,38.95272773957822,0.0
1,D,D,183,177,,183,True,1,heavy,960,11.751179680630178,11.751179680630178,0.0
1,D,D,184,178,,184,True,1,heavy,960,12.956844401261602,12.956844401261602,0.0
1,D,D,185,179,,185,True,1,heavy,960,4.469297776837667,4.469297776837667,0.0
1,D,D,186,180,,186,True,1,heavy,960,0.5722358658636247,0.5722358658636247,0.0
1,D,D,187,181,,187,True,1,heavy,960,10.564882878708136,10.564882878708136,0.0
1,D,D,188,182,,188,True,1,heavy,960,1.8869190875623691,1.8869190875623691,0.0
1,D,D,189,183,,189,True,1,heavy,960,49.24697288315511,49.24697288315511,0.0
1,D,D,190,184,,190,True,1,heavy,960,13.137512158781796,13.137512158781796,0.0
1,D,D,191,185,,191,True,1,heavy,960,79.90465639715505,79.90465639715505,0.0
1,D,D,192,186,,192,True,1,heavy,960,31.966830987643675,31.966830987643675,0.0
1,D,D,193,187,,193,True,1,heavy,960,112.5510871795988,112.5510871795988,0.0
1,D,D,194,188,,194,True,1,heavy,960,54.24666051171059,54.24666051171059,0.0
1,D,D,195,189,,195,True,1,heavy,960,59.45853523508033,59.45853523508033,0.0
1,D,D,196,190,,196,True,1,heavy,960,77.65445531610402,77.65445531610402,0.0
1,D,D,197,191,,197,True,1,heavy,960,119.00963880669563,119.00963880669563,0.0
1,D,D,198,192,,198,True,1,heavy,960,122.61273534808859,122.61273534808859,0.0
1,D,D,199,193,,199,True,1,heavy,960,90.54063744460476,90.54063744460476,0.0
1,D,D,200,194,,200,True,1,heavy,960,30.26787862453334,30.26787862453334,0.0
1,D,D,201,195,,201,True,1,heavy,960,60.25561619615832,60.25561619615832,0.0
1,D,D,202,196,,202,True,1,heavy,960,0.0,0.0,0.0
1,D,D,203,197,,203,True,1,heavy,960,40.697955762475935,40.697955762475935,0.0
1,D,D,204,198,,204,True,1,heavy,960,3.0153425168175305,3.0153425168175305,0.0
1,D,D,205,199,,205,True,1,heavy,960,46.39128741398996,46.39128741398996,0.0
1,D,D,206,200,,206,True,1,heavy,960,2.790257875163334,2.790257875163334,0.0
1,D,D,207,201,,207,True,1,heavy,960,161.03185048548522,161.03185048548522,0.0
1,D,D,208,202,,208,True,1,heavy,960,67.47549876893224,67.47549876893224,0.0
1,D,D,209,203,,209,True,1,heavy,960,39.841882236348226,39.841882236348226,0.0
1,D,D,210,204,,210,True,1,heavy,960,136.34002131372267,136.34002131372267,0.0
1,D,D,211,205,,211,True,1,heavy,960,31.33672174911317,31.33672174911317,0.0
1,D,D,212,206,,212,True,1,heavy,960,138.09105081105403,138.09105081105403,0.0
1,D,D,213,207,,213,True,1,heavy,960,57.11075105022104,57.11075105022104,0.0
1,D,D,214,208,,214,True,1,heavy,960,83.23085034406672,83.23085034406672,0.0
1,D,D,215,209,,215,True,1,heavy,960,66.02806362266526,66.02806362266526,0.0
1,D,D,216,210,,216,True,1,heavy,960,118.59378618713995,118.59378618713995,0.0
1,D,D,217,211,,217,True,1,heavy,960,13.642168439675885,13.642168439675885,0.0
1,D,D,218,212,,218,True,1,heavy,960,125.45274819690314,125.45274819690314,0.0
1,D,D,219,213,,219,True,1,heavy,960,77.22009740682175,77.22009740682175,0.0
1,D,D,220,214,,220,True,1,heavy,960,65.34106406816905,65.34106406816905,0.0
1,D,D,221,215,,221,True,1,heavy,960,98.09366235634695,98.09366235634695,0.0
1,D,D,222,216,,222,True,1,heavy,960,85.82708869293211,85.82708869293211,0.0
1,A,A,1,1,,23,True,1,target,1920,122.03578120275837,122.03578120275837,0.0
1,A,A,2,2,,24,True,1,target,1920,104.31494781627532,73.73464303833023,30.580304777945088
1,A,A,3,3,,25,True,1,target,1920,56.40660952631023,56.40660952631023,0.0
1,A,A,4,4,,26,True,1,target,1920,7.673470956086968,7.673470956086968,0.0
1,A,A,5,5,,27,True,1,target,1920,75.80485311327854,75.80485311327854,0.0
1,A,A,6,6,,28,True,1,target,1920,6.250177640365868,6.250177640365868,0.0
1,A,A,7,7,,29,True,1,target,1920,3.509564783110887,3.509564783110887,0.0
1,A,A,8,8,,30,True,1,target,1920,63.1676657645197,63.1676657645197,0.0
1,A,A,9,9,,31,True,1,target,1920,11.425645231871325,11.425645231871325,0.0
1,A,A,10,10,,32,True,1,target,1920,82.97270174873044,82.97270174873044,0.0
1,A,A,11,11,,33,True,1,target,1920,62.80978665589673,62.80978665589673,0.0
1,A,A,12,12,,34,True,1,target,1920,121.77421939790365,121.77421939790365,0.0
1,A,A,13,13,,35,True,1,target,1920,126.39409829211712,126.39409829211712,0.0
1,A,A,14,14,,36,True,1,target,1920,19.32049636827513,19.32049636827513,0.0
1,A,A,15,15,,37,True,1,target,1920,65.98936901865005,65.98936901865005,0.0
1,A,A,16,16,,38,True,1,target,1920,6.272655081303834,6.272655081303834,0.0
1,A,A,17,17,,39,True,1,target,1920,87.43531971418841,87.43531971418841,0.0
1,A,A,18,18,,40,True,1,target,1920,115.91226341520664,115.91226341520664,0.0
1,A,A,19,19,,41,True,1,target,1920,12.564344287097605,12.564344287097605,0.0
1,A,A,20,20,,42,True,1,target,1920,8.543217609740955,8.543217609740955,0.0
1,A,A,21,21,,43,True,1,target,1920,56.50207729106506,56.50207729106506,0.0
1,A,A,22,22,,44,True,1,target,1920,61.161385791075006,61.161385791075006,0.0
1,A,A,23,23,,45,True,1,target,1920,0.06289730291874564,0.06289730291874564,0.0
1,A,A,24,24,,46,True,1,target,1920,0.4402811204312195,0.4402811204312195,0.0
1,A,A,25,25,,47,True,1,target,1920,97.64603383609716,97.64603383609716,0.0
1,A,A,26,26,,48,True,1,target,1920,41.34586146889056,41.34586146889056,0.0
1,A,A,27,27,,49,True,1,target,1920,13.731024460891856,13.731024460891856,0.0
1,A,A,28,28,,50,True,1,target,1920,0.0,0.0,0.0
1,A,A,29,29,,51,True,1,target,1920,94.03204120418401,94.03204120418401,0.0
1,A,A,30,30,,52,True,1,target,1920,34.99808108976235,34.99808108976235,0.0
1,A,A,31,31,,53,True,1,target,1920,0.0,0.0,0.0
1,A,A,32,32,,54,True,1,target,1920,64.1840226933351,43.861574907558214,20.32244778577688
1,A,A,33,33,,55,True,1,target,1920,27.045840255060625,27.045840255060625,0.0
1,A,A,34,34,,56,True,1,target,1920,0.0,0.0,0.0
1,A,A,35,35,,57,True,1,target,1920,24.7447375190398,24.7447375190398,0.0
1,A,A,36,36,,58,True,1,target,1920,14.000965809651559,14.000965809651559,0.0
1,A,A,37,37,,59,True,1,target,1920,1.253070044777154,1.253070044777154,0.0
1,A,A,38,38,,60,True,1,target,1920,0.0,0.0,0.0
1,A,A,39,39,,61,True,1,target,1920,0.6696618900392002,0.6696618900392002,0.0
1,A,A,40,40,,62,True,1,target,1920,0.8176649379436933,0.8176649379436933,0.0
1,A,A,41,41,,63,True,1,target,1920,0.616161876145505,0.616161876145505,0.0
1,A,A,42,42,,64,True,1,target,1920,67.21152906420824,67.21152906420824,0.0
1,A,A,43,43,,65,True,1,target,1920,1.257946058374913,1.257946058374913,0.0
1,A,A,44,44,,66,True,1,target,1920,60.19271889323957,60.19271889323957,0.0
1,A,A,45,45,,67,True,1,target,1920,58.21981572374539,58.21981572374539,0.0
1,A,A,46,46,,68,True,1,target,1920,123.88059182228864,123.88059182228864,0.0
1,A,A,47,47,,69,True,1,target,1920,13.329772393193732,13.329772393193732,0.0
1,A,A,48,48,,70,True,1,target,1920,78.3388008793064,78.3388008793064,0.0
1,A,A,49,49,,71,True,1,target,1920,7.445018265308736,7.445018265308736,0.0
1,A,A,50,50,,72,True,1,target,1920,72.29169906056093,72.29169906056093,0.0
1,A,A,51,51,,73,True,1,target,1920,13.080063555621617,13.080063555621617,0.0
1,A,A,52,52,,74,True,1,target,1920,1.1161031500653336,1.1161031500653336,0.0
1,A,A,53,53,,75,True,1,target,1920,89.04856942970882,89.04856942970882,0.0
1,A,A,54,54,,76,True,1,target,1920,53.7842154551083,53.7842154551083,0.0
1,A,A,55,55,,77,True,1,target,1920,1.0602979925620668,1.0602979925620668,0.0
1,A,A,56,56,,78,True,1,target,1920,84.19989357852212,73.92592087053946,10.273972707982665
1,A,A,57,57,,79,True,1,target,1920,27.619256836163224,27.619256836163224,0.0
1,A,A,58,58,,80,True,1,target,1920,0.0,0.0,0.0
1,A,A,59,59,,81,True,1,target,1920,32.34964452445911,32.34964452445911,0.0
1,A,A,60,60,,82,True,1,target,1920,0.4402811204312195,0.4402811204312195,0.0
1,A,A,61,61,,83,True,1,target,1920,4.277016598474703,4.277016598474703,0.0
1,A,A,62,62,,84,True,1,target,1920,1.761124481724878,1.761124481724878,0.0
1,A,A,63,63,,85,True,1,target,1920,0.0,0.0,0.0
1,A,A,64,64,,86,True,1,target,1920,3.081967843018536,3.081967843018536,0.0
1,A,A,65,65,,87,True,1,target,1920,0.0,0.0,0.0
1,A,A,66,66,,88,True,1,target,1920,59.41386767803252,59.41386767803252,0.0
1,A,A,67,67,,89,True,1,target,1920,1.9438768168704217,1.9438768168704217,0.0
1,A,A,68,68,,90,True,1,target,1920,46.5416649823418,46.5416649823418,0.0
1,A,A,69,69,,91,True,1,target,1920,3.368085775950348,3.368085775950348,0.0
1,A,A,70,70,,92,True,1,target,1920,90.7338008869046,90.7338008869046,0.0
1,A,A,71,71,,93,True,1,target,1920,58.12997795482518,58.12997795482518,0.0
1,A,A,72,72,,94,True,1,target,1920,3.878356344715793,3.878356344715793,0.0
1,A,A,73,73,,95,True,1,target,1920,24.668063023338117,24.668063023338117,0.0
1,A,A,74,74,,96,True,1,target,1920,1.3208433612936583,1.3208433612936583,0.0
1,A,A,75,75,,97,True,1,target,1920,45.819755788479505,45.819755788479505,0.0
1,A,A,76,76,,98,True,1,target,1920,130.06986183508303,130.06986183508303,0.0
1,A,A,77,77,,99,True,1,target,1920,2.390097510912334,2.390097510912334,0.0
1,A,A,78,78,,100,True,1,target,1920,53.93183562140814,53.93183562140814,0.0
1,A,A,79,79,,101,True,1,target,1920,3.2706597517747733,3.2706597517747733,0.0
1,A,A,80,80,,102,True,1,target,1920,1.5095352700498954,1.5095352700498954,0.0
1,A,A,81,81,,103,True,1,target,1920,27.47737138545313,27.47737138545313,0.0
1,A,A,82,82,,104,True,1,target,1920,0.2790257875163334,0.2790257875163334,0.0
1,A,A,83,83,,105,True,1,target,1920,97.10047663684722,97.10047663684722,0.0
1,A,A,84,84,,106,True,1,target,1920,85.76728389528175,85.76728389528175,0.0
1,A,A,85,85,,107,True,1,target,1920,23.151327615625277,23.151327615625277,0.0
1,A,A,86,86,,108,True,1,target,1920,8.176649379436933,8.176649379436933,0.0
1,A,A,87,87,,109,True,1,target,1920,118.25212751408655,118.25212751408655,0.0
1,A,A,88,88,,110,True,1,target,1920,123.90886877416483,123.90886877416483,0.0
1,A,A,89,89,,111,True,1,target,1920,58.79308766068624,58.79308766068624,0.0
1,A,A,90,90,,112,True,1,target,1920,29.52222422619768,29.52222422619768,0.0
1,A,A,91,91,,113,True,1,target,1920,0.0,0.0,0.0
1,A,A,92,92,,114,True,1,target,1920,3.7738381751247383,3.7738381751247383,0.0
1,A,A,93,93,,115,True,1,target,1920,0.0,0.0,0.0
1,A,A,94,94,,116,True,1,target,1920,0.0,0.0,0.0
1,A,A,95,95,,117,True,1,target,1920,10.126465769918047,10.126465769918047,0.0
1,A,A,96,96,,118,True,1,target,1920,46.886948267919266,46.886948267919266,0.0
1,A,A,97,97,,119,True,1,target,1920,0.5306149991913159,0.5306149991913159,0.0
1,A,A,98,98,,120,True,1,target,1920,11.879598170831887,11.879598170831887,0.0
1,A,A,99,99,,121,True,1,target,1920,79.30145293620714,79.02242714869081,0.279025787516332
1,A,A,100,100,,122,True,1,target,1920,92.98500138711854,92.98500138711854,0.0
1,A,A,101,101,,123,True,1,target,1920,205.16756731298034,205.16756731298034,0.0
1,A,A,111,111,,133,True,1,target,1920,139.57710594851068,139.57710594851068,0.0
1,A,A,112,112,,134,True,1,target,1920,61.632699956437456,61.632699956437456,0.0
1,A,A,113,113,,135,True,1,target,1920,3.9443958947865982,3.9443958947865982,0.0
1,A,A,114,114,,136,True,1,target,1920,0.05580515750326668,0.05580515750326668,0.0
1,A,A,115,115,,137,True,1,target,1920,4.151221992637212,4.151221992637212,0.0
1,A,A,116,116,,138,True,1,target,1920,95.47977480175311,95.47977480175311,0.0
1,A,A,117,117,,139,True,1,target,1920,24.438814462420975,24.438814462420975,0.0
1,A,A,118,118,,140,True,1,target,1920,9.813523217213865,9.813523217213865,0.0
1,A,A,119,119,,141,True,1,target,1920,26.1261200252666,26.1261200252666,0.0
1,A,A,120,120,,142,True,1,target,1920,2.893275934262299,2.893275934262299,0.0
1,A,A,121,121,,143,True,1,target,1920,67.3115907537205,67.3115907537205,0.0
1,A,A,122,122,,144,True,1,target,1920,21.569159377922855,21.569159377922855,0.0
1,A,A,123,123,,145,True,1,target,1920,6.5381595849388106,6.5381595849388106,0.0
1,A,A,124,124,,146,True,1,target,1920,3.309484600985387,3.309484600985387,0.0
1,A,A,125,125,,147,True,1,target,1920,0.0,0.0,0.0
1,A,A,126,126,,148,True,1,target,1920,0.06289730291874564,0.06289730291874564,0.0
1,A,A,127,127,,149,True,1,target,1920,28.351771523225242,28.351771523225242,0.0
1,A,A,128,128,,150,True,1,target,1920,80.86012795134694,80.86012795134694,0.0
1,A,A,129,129,,151,True,1,target,1920,0.0,0.0,0.0
1,A,A,130,130,,152,True,1,target,1920,0.0,0.0,0.0
1,A,A,131,131,,153,True,1,target,1920,0.0,0.0,0.0
1,A,A,132,132,,154,True,1,target,1920,7.170292532737003,7.170292532737003,0.0
1,A,A,133,133,,155,True,1,target,1920,0.0,0.0,0.0
1,A,A,134,134,,156,True,1,target,1920,52.91348181776232,52.91348181776232,0.0
1,A,A,135,135,,157,True,1,target,1920,119.27348153871657,104.11523153529888,15.158250003417692
1,A,A,136,136,,158,True,1,target,1920,5.111565633436034,5.111565633436034,0.0
1,A,A,137,137,,159,True,1,target,1920,43.015815622811324,17.98268906115056,25.033126561660765
1,A,A,138,138,,160,True,1,target,1920,22.02563737197874,22.02563737197874,0.0
1,A,A,139,139,,161,True,1,target,1920,0.0,0.0,0.0
1,A,A,140,140,,162,True,1,target,1920,1.729959882601267,1.729959882601267,0.0
1,A,A,141,141,,163,True,1,target,1920,15.30003727935737,15.30003727935737,0.0
1,A,A,142,142,,164,True,1,target,1920,4.412340047529614,4.412340047529614,0.0
1,A,A,143,143,,165,True,1,target,1920,96.67949274929067,96.67949274929067,0.0
1,A,A,144,144,,166,True,1,target,1920,18.91888039942797,18.91888039942797,0.0
1,A,A,145,145,,167,True,1,target,1920,12.395837111140683,12.395837111140683,0.0
1,A,A,146,146,,168,True,1,target,1920,40.82034959426592,40.82034959426592,0.0
1,A,A,147,147,,169,True,1,target,1920,21.406092393244396,21.406092393244396,0.0
1,A,A,148,148,,170,True,1,target,1920,135.94069412602335,135.94069412602335,0.0
1,A,A,149,149,,171,True,1,target,1920,1.0044928350588003,1.0044928350588003,0.0
1,A,A,150,150,,172,True,1,target,1920,1.0692541496186758,1.0692541496186758,0.0
1,A,A,151,151,,173,True,1,target,1920,12.202076766236654,12.202076766236654,0.0
1,A,A,152,152,,174,True,1,target,1920,12.801520133477304,12.801520133477304,0.0
1,A,A,153,153,,175,True,1,target,1920,127.82505709391302,127.82505709391302,0.0
1,A,A,154,154,,176,True,1,target,1920,109.5202127596016,109.5202127596016,0.0
1,A,A,155,155,,177,True,1,target,1920,14.872540477530853,14.872540477530853,0.0
1,A,A,156,156,,178,True,1,target,1920,147.33417533960812,147.33417533960812,0.0
1,A,A,157,157,,179,True,1,target,1920,60.87864965173509,60.87864965173509,0.0
1,A,A,158,158,,180,True,1,target,1920,47.45423547085502,47.45423547085502,0.0
1,A,A,159,159,,181,True,1,target,1920,57.29944295897728,57.29944295897728,0.0
1,A,A,160,160,,182,True,1,target,1920,74.74041279990303,74.74041279990303,0.0
1,A,A,161,161,,183,True,1,target,1920,77.67816910465086,77.67816910465086,0.0
1,A,A,162,162,,184,True,1,target,1920,50.93942411296793,50.93942411296793,0.0
1,A,A,163,163,,185,True,1,target,1920,45.18256094951822,43.452601066916955,1.729959882601264
1,A,A,164,164,,186,True,1,target,1920,68.54210939923261,68.54210939923261,0.0
1,A,A,165,165,,187,True,1,target,1920,109.79957234133738,43.43768308330169,66.36188925803569
1,A,A,166,166,,188,True,1,target,1920,70.53585769048183,68.66498690539156,1.8708707850902755
1,A,A,167,167,,189,True,1,target,1920,91.86140488407594,78.41236192578867,13.449042958287265
1,A,A,168,168,,190,True,1,target,1920,48.00032935884996,48.00032935884996,0.0
1,A,A,169,169,,191,True,1,target,1920,86.71314348495058,86.71314348495058,0.0
1,A,A,170,170,,192,True,1,target,1920,49.64615215420034,49.64615215420034,0.0
1,A,A,171,171,,193,True,1,target,1920,109.99309379430005,109.99309379430005,0.0
1,A,A,172,172,,194,True,1,target,1920,102.36284264464638,102.36284264464638,0.0
1,A,A,173,173,,195,True,1,target,1920,26.45871978500368,26.45871978500368,0.0
1,A,A,174,174,,196,True,1,target,1920,16.214092170399425,16.214092170399425,0.0
1,A,A,175,175,,197,True,1,target,1920,130.74060102960303,130.74060102960303,0.0
1,A,A,176,176,,198,True,1,target,1920,159.88818836836472,159.88818836836472,0.0
1,A,A,177,177,,199,True,1,target,1920,9.641039963054743,9.641039963054743,0.0
1,A,A,178,178,,200,True,1,target,1920,211.96333225952577,211.96333225952577,0.0
1,A,A,179,179,,201,True,1,target,1920,38.56329525974077,38.56329525974077,0.0
1,A,A,180,180,,202,True,1,target,1920,74.6637756106141,74.6637756106141,0.0
1,A,A,181,181,,203,True,1,target,1920,74.61883447320605,74.61883447320605,0.0
1,A,A,182,182,,204,True,1,target,1920,0.0,0.0,0.0
1,A,A,183,183,,205,True,1,target,1920,7.486993870151512,7.486993870151512,0.0
1,A,A,184,184,,206,True,1,target,1920,0.0,0.0,0.0
1,A,A,185,185,,207,True,1,target,1920,95.75508172896575,95.75508172896575,0.0
1,A,A,186,186,,208,True,1,target,1920,42.9525701267068,42.9525701267068,0.0
1,A,A,187,187,,209,True,1,target,1920,61.50507799087313,61.50507799087313,0.0
1,A,A,188,188,,210,True,1,target,1920,119.65289691947837,119.65289691947837,0.0
1,A,A,189,189,,211,True,1,target,1920,0.22322063001306672,0.22322063001306672,0.0
1,A,A,190,190,,212,True,1,target,1920,36.44572371204418,36.44572371204418,0.0
1,A,A,191,191,,213,True,1,target,1920,19.246888197903054,19.246888197903054,0.0
1,A,A,192,192,,214,True,1,target,1920,57.74588814599423,57.74588814599423,0.0
1,A,A,193,193,,215,True,1,target,1920,66.52624495020059,66.52624495020059,0.0
1,A,A,194,194,,216,True,1,target,1920,7.0740027179044755,7.0740027179044755,0.0
1,A,A,195,195,,217,True,1,target,1920,64.51065866301812,64.51065866301812,0.0
1,A,A,196,196,,218,True,1,target,1920,72.4622823056631,72.4622823056631,0.0
1,A,A,197,197,,219,True,1,target,1920,68.82776591074344,68.82776591074344,0.0
1,A,A,198,198,,220,True,1,target,1920,28.006037942700747,28.006037942700747,0.0
1,A,A,199,199,,221,True,1,target,1920,26.13863010901258,26.13863010901258,0.0
1,A,A,200,200,,222,True,1,target,1920,73.97289357119685,73.97289357119685,0.0
1,A,A,201,201,,223,True,1,target,1920,67.62675532872862,67.62675532872862,0.0
1,A,A,202,202,,224,True,1,target,1920,36.97117733630505,36.97117733630505,0.0
1,A,A,203,203,,225,True,1,target,1920,37.347122566181554,37.347122566181554,0.0
1,A,A,204,204,,226,True,1,target,1920,6.522390753313199,6.522390753313199,0.0
1,A,A,205,205,,227,True,1,target,1920,4.270715087210378,4.270715087210378,0.0
1,A,A,206,206,,228,True,1,target,1920,98.85023051666151,98.85023051666151,0.0
1,A,A,207,207,,229,True,1,target,1920,11.694022329288929,11.694022329288929,0.0
1,A,A,208,208,,230,True,1,target,1920,90.34988844715888,90.34988844715888,0.0
1,A,A,209,209,,231,True,1,target,1920,94.46465683854048,94.46465683854048,0.0
1,A,A,210,210,,232,True,1,target,1920,96.70286358063949,96.70286358063949,0.0
1,A,A,211,211,,233,True,1,target,1920,98.26568353458661,98.26568353458661,0.0
1,A,A,212,212,,234,True,1,target,1920,15.877033312589653,15.877033312589653,0.0
1,A,A,213,213,,235,True,1,target,1920,17.430757701306167,17.430757701306167,0.0
1,A,A,214,214,,236,True,1,target,1920,17.51049917683591,17.51049917683591,0.0
1,A,A,215,215,,237,True,1,target,1920,59.91083883789777,59.91083883789777,0.0
1,A,A,216,216,,238,True,1,target,1920,143.08042681622254,143.08042681622254,0.0
1,A,A,217,217,,239,True,1,target,1920,22.722456367012818,22.722456367012818,0.0
1,A,A,218,218,,240,True,1,target,1920,6.550479864128638,6.550479864128638,0.0
1,A,A,219,219,,241,True,1,target,1920,0.0,0.0,0.0
1,A,A,220,220,,242,True,1,target,1920,0.8370773625490002,0.8370773625490002,0.0
1,A,A,221,221,,243,True,1,target,1920,1.195048755456167,1.195048755456167,0.0
1,A,A,222,222,,244,True,1,target,1920,14.526629527921122,14.526629527921122,0.0
1,A,A,223,223,,245,True,1,target,1920,102.23061890034299,102.23061890034299,0.0
1,A,A,224,224,,246,True,1,target,1920,5.283373445174633,5.283373445174633,0.0
1,A,A,225,225,,247,True,1,target,1920,85.68874342444352,85.68874342444352,0.0
1,A,A,226,226,,248,True,1,target,1920,127.70775395121878,127.70775395121878,0.0
1,A,A,227,227,,249,True,1,target,1920,65.95479840949119,65.95479840949119,0.0
1,A,A,228,228,,250,True,1,target,1920,63.25856774795132,63.091152275441516,0.16741547250980204
1,A,A,229,229,,251,True,1,target,1920,35.18934583200218,35.18934583200218,0.0
1,A,A,230,230,,252,True,1,target,1920,31.648533328462058,18.371201970638374,13.277331357823684
1,A,A,231,231,,253,True,1,target,1920,63.84939922433031,58.64440327987499,5.2049959444553195
1,A,A,232,232,,254,True,1,target,1920,10.875293831332302,4.025427386799721,6.849866444532581
1,A,A,233,233,,255,True,1,target,1920,13.56575705235895,3.3618804759610397,10.20387657639791
1,A,A,234,234,,256,True,1,target,1920,32.516245800872845,32.516245800872845,0.0
1,A,A,235,235,,257,True,1,target,1920,55.80588988705405,55.80588988705405,0.0
1,A,A,236,236,,258,True,1,target,1920,3.319372763862561,3.319372763862561,0.0
1,A,A,237,237,,259,True,1,target,1920,62.74161016832303,17.61309639341899,45.128513774904036
1,A,A,238,238,,260,True,1,target,1920,39.0382471275967,39.0382471275967,0.0
1,A,A,239,239,,261,True,1,target,1920,102.20338587352566,88.26705309673395,13.936332776791716
1,A,A,240,240,,262,True,1,target,1920,42.94938141016341,16.501506010300844,26.447875399862568
1,A,A,241,241,,263,True,1,target,1920,52.83373445174634,52.83373445174634,0.0
1,A,A,242,242,,264,True,1,target,1920,6.047377362601137,2.495283268942277,3.5520940936588596
1,A,A,243,243,,265,True,1,target,1920,57.67355166614838,57.67355166614838,0.0
1,A,A,244,244,,266,True,1,target,1920,78.59010800214102,78.59010800214102,0.0
1,A,A,245,245,,267,True,1,target,1920,33.720786093133675,33.720786093133675,0.0
1,A,A,246,246,,268,True,1,target,1920,4.545222217293298,4.545222217293298,0.0
1,A,A,247,247,,269,True,1,target,1920,28.145321107496116,28.145321107496116,0.0
1,A,A,248,248,,270,True,1,target,1920,33.12006056339128,33.12006056339128,0.0
1,A,A,249,249,,271,True,1,target,1920,55.14468346274229,55.14468346274229,0.0
1,A,A,250,250,,272,True,1,target,1920,40.484487159658386,40.484487159658386,0.0
1,A,A,251,251,,273,True,1,target,1920,59.803263505955684,59.803263505955684,0.0
1,A,A,252,252,,274,True,1,target,1920,99.50934843635709,99.50934843635709,0.0
1,A,A,253,253,,275,True,1,target,1920,76.94643261626908,76.94643261626908,0.0
1,A,A,254,254,,276,True,1,target,1920,60.8111204631477,60.8111204631477,0.0
1,A,A,255,255,,277,True,1,target,1920,103.40727624880628,103.40727624880628,0.0
1,A,A,256,256,,278,True,1,target,1920,88.41428449094292,88.41428449094292,0.0
1,A,A,257,257,,279,True,1,target,1920,19.860839832717065,19.860839832717065,0.0
1,A,A,258,258,,280,True,1,target,1920,111.3009231080262,111.3009231080262,0.0
1,A,A,259,259,,281,True,1,target,1920,42.87148627481612,42.87148627481612,0.0
1,A,A,260,260,,282,True,1,target,1920,112.47196224162734,112.47196224162734,0.0
1,A,A,261,261,,283,True,1,target,1920,106.06224143634276,106.06224143634276,0.0
1,A,A,262,262,,284,True,1,target,1920,39.828334772528095,39.828334772528095,0.0
1,A,A,263,263,,285,True,1,target,1920,118.2236843195991,118.2236843195991,0.0
1,A,A,264,264,,286,True,1,target,1920,110.31159107551485,110.31159107551485,0.0
1,A,A,265,265,,287,True,1,target,1920,9.508153211801773,9.508153211801773,0.0
1,A,A,266,266,,288,True,1,target,1920,44.677324782980165,44.677324782980165,0.0
1,A,A,267,267,,289,True,1,target,1920,45.964197055712994,45.964197055712994,0.0
1,A,A,268,268,,290,True,1,target,1920,8.842219345044832,8.842219345044832,0.0
1,A,A,269,269,,291,True,1,target,1920,25.716040736710355,25.716040736710355,0.0
1,A,A,270,270,,292,True,1,target,1920,35.775135052172175,35.775135052172175,0.0
1,A,A,271,271,,293,True,1,target,1920,18.0567894143717,18.0567894143717,0.0
1,A,A,272,272,,294,True,1,target,1920,33.7635758940725,33.7635758940725,0.0
1,A,A,273,273,,295,True,1,target,1920,14.572238253768083,14.572238253768083,0.0
1,A,A,274,274,,296,True,1,target,1920,28.99565664554174,28.99565664554174,0.0
1,A,A,275,275,,297,True,1,target,1920,98.49211186159869,98.49211186159869,0.0
1,A,A,276,276,,298,True,1,target,1920,71.08051953582552,71.08051953582552,0.0
1,A,A,277,277,,299,True,1,target,1920,24.459471743115266,24.459471743115266,0.0
1,A,A,278,278,,300,True,1,target,1920,41.525472211382514,41.525472211382514,0.0
1,A,A,279,279,,301,True,1,target,1920,127.68101637974286,127.68101637974286,0.0
1,A,A,280,280,,302,True,1,target,1920,18.88974736355368,18.88974736355368,0.0
1,A,A,281,281,,303,True,1,target,1920,55.05666519956728,55.05666519956728,0.0
1,A,A,282,282,,304,True,1,target,1920,0.18869190875623693,0.18869190875623693,0.0
1,A,A,283,283,,305,True,1,target,1920,22.22913076362267,22.22913076362267,0.0
1,A,A,284,284,,306,True,1,target,1920,5.1507511113033395,5.1507511113033395,0.0
1,A,A,285,285,,307,True,1,target,1920,81.5142383032524,81.5142383032524,0.0
1,A,A,286,286,,308,True,1,target,1920,12.801920032042169,12.801920032042169,0.0
1,A,A,287,287,,309,True,1,target,1920,4.394787053076151,4.394787053076151,0.0
1,A,A,288,288,,310,True,1,target,1920,1.195048755456167,1.195048755456167,0.0
1,A,A,289,289,,311,True,1,target,1920,17.97041328785666,17.97041328785666,0.0
1,A,A,290,290,,312,True,1,target,1920,15.472736518011427,15.472736518011427,0.0
1,A,A,291,291,,313,True,1,target,1920,64.92767301735714,64.92767301735714,0.0
1,A,A,292,292,,314,True,1,target,1920,75.5698816177441,75.5698816177441,0.0
1,A,A,293,293,,315,True,1,target,1920,29.190483168452577,29.190483168452577,0.0
1,A,A,294,294,,316,True,1,target,1920,8.956989578662101,8.956989578662101,0.0
1,A,A,295,295,,317,True,1,target,1920,69.93124967581838,69.93124967581838,0.0
1,A,A,296,296,,318,True,1,target,1920,28.38684347821176,28.38684347821176,0.0
1,A,A,297,297,,319,True,1,target,1920,15.722167848232475,15.722167848232475,0.0
1,A,A,298,298,,320,True,1,target,1920,49.99122665476605,49.99122665476605,0.0
1,A,A,299,299,,321,True,1,target,1920,39.029099856986996,39.029099856986996,0.0
1,A,A,300,300,,322,True,1,target,1920,32.58080291191024,32.58080291191024,0.0
1,A,A,301,301,,323,True,1,target,1920,101.93494005376876,101.93494005376876,0.0
1,A,A,302,302,,324,True,1,target,1920,22.660213562563563,22.660213562563563,0.0
1,A,A,303,303,,325,True,1,target,1920,196.3454305989736,196.3454305989736,0.0
1,A,A,304,304,,326,True,1,target,1920,139.38147897397164,139.38147897397164,0.0
1,A,A,305,305,,327,True,1,target,1920,50.18654405152901,50.18654405152901,0.0
1,A,A,306,306,,328,True,1,target,1920,72.88582397323843,72.88582397323843,0.0
1,A,A,307,307,,329,True,1,target,1920,27.50547293173949,27.50547293173949,0.0
1,A,A,308,308,,330,True,1,target,1920,96.85881943944688,96.85881943944688,0.0
1,A,A,309,309,,331,True,1,target,1920,2.0089856701176005,2.0089856701176005,0.0
1,A,A,310,310,,332,True,1,target,1920,66.8528743748989,66.8528743748989,0.0
1,A,A,311,311,,333,True,1,target,1920,84.43722257754368,84.43722257754368,0.0
1,A,A,312,312,,334,True,1,target,1920,24.09866768083211,24.09866768083211,0.0
1,A,A,313,313,,335,True,1,target,1920,99.27432588994203,99.27432588994203,0.0
1,A,A,314,314,,336,True,1,target,1920,147.3919891529143,147.3919891529143,0.0
1,A,A,315,315,,337,True,1,target,1920,60.5643509782021,60.5643509782021,0.0
1,A,A,316,316,,338,True,1,target,1920,42.86848736282889,42.86848736282889,0.0
1,A,A,317,317,,339,True,1,target,1920,55.17899554500572,55.17899554500572,0.0
1,A,A,318,318,,340,True,1,target,1920,203.81364821703215,203.81364821703215,0.0
1,A,A,319,319,,341,True,1,target,1920,54.940508083693146,54.940508083693146,0.0
1,A,A,320,320,,342,True,1,target,1920,34.604054030669026,34.604054030669026,0.0
1,A,A,321,321,,343,True,1,target,1920,80.36802102410701,80.36802102410701,0.0
1,A,A,322,322,,344,True,1,target,1920,0.0,0.0,0.0
1,A,A,323,323,,345,True,1,target,1920,11.506478410848192,11.506478410848192,0.0
1,A,A,324,324,,346,True,1,target,1920,37.50961817369614,37.50961817369614,0.0
1,A,A,325,325,,347,True,1,target,1920,31.006145044145306,31.006145044145306,0.0
1,A,A,326,326,,348,True,1,target,1920,87.10518741368134,87.10518741368134,0.0
1,A,A,327,327,,349,True,1,target,1920,118.12754634841151,118.12754634841151,0.0
1,A,A,328,328,,350,True,1,target,1920,6.541319503549547,6.541319503549547,0.0
1,A,A,329,329,,351,True,1,target,1920,153.6689174547255,153.6689174547255,0.0
1,A,A,330,330,,352,True,1,target,1920,168.95948937721695,168.95948937721695,0.0
1,A,A,331,331,,353,True,1,target,1920,51.92221181528277,51.92221181528277,0.0
1,A,A,332,332,,354,True,1,target,1920,151.33964510457747,151.33964510457747,0.0
1,A,A,333,333,,355,True,1,target,1920,3.439045191016369,3.439045191016369,0.0
1,A,A,334,334,,356,True,1,target,1920,0.0,0.0,0.0
1,A,A,335,335,,357,True,1,target,1920,26.583554896084884,26.583554896084884,0.0
1,A,A,336,336,,358,True,1,target,1920,38.588816773060366,38.588816773060366,0.0
1,A,A,337,337,,359,True,1,target,1920,74.74336131550811,74.74336131550811,0.0
1,A,A,338,338,,360,True,1,target,1920,12.552953395734464,12.552953395734464,0.0
1,A,A,339,339,,361,True,1,target,1920,1.4976561228285088,1.4976561228285088,0.0
1,A,A,340,340,,362,True,1,target,1920,124.82755162388472,124.82755162388472,0.0
1,A,A,341,341,,363,True,1,target,1920,81.63553650460445,81.63553650460445,0.0
1,A,A,342,342,,364,True,1,target,1920,2.3244041905318937,2.3244041905318937,0.0
1,A,A,343,343,,365,True,1,target,1920,51.19342515150301,51.19342515150301,0.0
1,A,A,344,344,,366,True,1,target,1920,53.985422029099794,53.985422029099794,0.0
1,A,A,345,345,,367,True,1,target,1920,7.1302136644588305,7.1302136644588305,0.0
1,A,A,346,346,,368,True,1,target,1920,123.0058343283522,123.0058343283522,0.0
1,A,A,347,347,,369,True,1,target,1920,45.46041911176497,45.46041911176497,0.0
1,A,A,348,348,,370,True,1,target,1920,0.8176649379436933,0.8176649379436933,0.0
1,A,A,349,349,,371,True,1,target,1920,40.63165768550968,40.63165768550968,0.0
1,A,A,350,350,,372,True,1,target,1920,0.3417463758483147,0.3417463758483147,0.0
1,A,A,351,351,,373,True,1,target,1920,2.9311687776523483,2.9311687776523483,0.0
1,A,A,352,352,,374,True,1,target,1920,0.06289730291874564,0.06289730291874564,0.0
1,A,A,353,353,,375,True,1,target,1920,4.591503113068431,4.591503113068431,0.0
1,A,A,354,354,,376,True,1,target,1920,0.0,0.0,0.0
1,A,A,355,355,,377,True,1,target,1920,25.66209959084822,25.66209959084822,0.0
1,A,A,356,356,,378,True,1,target,1920,62.198340441223955,62.198340441223955,0.0
1,A,A,357,357,,379,True,1,target,1920,59.98077003586819,59.98077003586819,0.0
1,A,A,358,358,,380,True,1,target,1920,1.2835186225751336,1.2835186225751336,0.0
1,A,A,359,359,,381,True,1,target,1920,37.41777960295467,37.41777960295467,0.0
1,A,A,360,360,,382,True,1,target,1920,94.07645939731495,94.07645939731495,0.0
1,A,A,361,361,,383,True,1,target,1920,25.472310742657108,25.472310742657108,0.0
1,A,A,362,362,,384,True,1,target,1920,54.03004573475017,54.03004573475017,0.0
1,A,A,363,363,,385,True,1,target,1920,108.51312876510207,108.51312876510207,0.0
1,A,A,364,364,,386,True,1,target,1920,97.9781283230158,97.9781283230158,0.0
1,A,A,365,365,,387,True,1,target,1920,79.74181390545164,79.74181390545164,0.0
1,A,A,366,366,,388,True,1,target,1920,147.7345150364398,147.7345150364398,0.0
1,A,A,367,367,,389,True,1,target,1920,37.54567973036853,37.54567973036853,0.0
1,A,A,368,368,,390,True,1,target,1920,60.70723781157053,60.70723781157053,0.0
1,A,A,369,369,,391,True,1,target,1920,57.2778026215818,57.2778026215818,0.0
1,A,A,370,370,,392,True,1,target,1920,5.692126065333201,5.692126065333201,0.0
1,A,A,371,371,,393,True,1,target,1920,96.97373497172435,96.97373497172435,0.0
1,A,A,372,372,,394,True,1,target,1920,34.07578998998014,34.07578998998014,0.0
1,A,A,373,373,,395,True,1,target,1920,126.65904909004692,126.65904909004692,0.0
1,A,A,374,374,,396,True,1,target,1920,62.55478161670944,62.55478161670944,0.0
1,A,A,375,375,,397,True,1,target,1920,0.0,0.0,0.0
1,A,A,376,376,,398,True,1,target,1920,106.10827754969031,106.10827754969031,0.0
1,A,A,377,377,,399,True,1,target,1920,21.00366157380271,21.00366157380271,0.0
1,A,A,378,378,,400,True,1,target,1920,2.1385082992373516,2.1385082992373516,0.0
1,A,A,379,379,,401,True,1,target,1920,73.99127450621421,73.99127450621421,0.0
1,A,A,380,380,,402,True,1,target,1920,49.92684233132461,49.92684233132461,0.0
1,A,A,381,381,,403,True,1,target,1920,1.2579460583749127,1.2579460583749127,0.0
1,A,A,382,382,,404,True,1,target,1920,65.24741319116552,65.24741319116552,0.0
1,A,A,383,383,,405,True,1,target,1920,27.232348756922615,27.232348756922615,0.0
1,A,A,384,384,,406,True,1,target,1920,0.0,0.0,0.0
1,A,A,385,385,,407,True,1,target,1920,10.997344051425795,10.997344051425795,0.0
1,A,A,386,386,,408,True,1,target,1920,0.0,0.0,0.0
1,A,A,387,387,,409,True,1,target,1920,40.2651830484868,40.2651830484868,0.0
1,A,A,388,388,,410,True,1,target,1920,0.23740492084402465,0.23740492084402465,0.0
1,A,A,389,389,,411,True,1,target,1920,32.15961482083121,32.15961482083121,0.0
1,A,A,390,390,,412,True,1,target,1920,0.18159976334075795,0.18159976334075795,0.0
1,A,A,391,391,,413,True,1,target,1920,26.48690118010332,26.48690118010332,0.0
1,A,A,392,392,,414,True,1,target,1920,15.8501203355239,15.8501203355239,0.0
1,A,A,393,393,,415,True,1,target,1920,15.377101201648397,15.377101201648397,0.0
1,A,A,394,394,,416,True,1,target,1920,15.365422330958676,15.365422330958676,0.0
1,A,A,395,395,,417,True,1,target,1920,140.27294908632675,140.27294908632675,0.0
1,A,A,396,396,,418,True,1,target,1920,94.01828560985058,94.01828560985058,0.0
1,A,A,397,397,,419,True,1,target,1920,44.066936892332556,44.066936892332556,0.0
1,A,A,398,398,,420,True,1,target,1920,52.93577076314105,52.93577076314105,0.0
1,A,A,399,399,,421,True,1,target,1920,24.83329508895367,24.83329508895367,0.0
1,A,A,400,400,,422,True,1,target,1920,0.0,0.0,0.0
1,A,A,401,401,,423,True,1,target,1920,35.639388142607494,35.639388142607494,0.0
1,A,A,402,402,,424,True,1,target,1920,14.837823915213278,14.837823915213278,0.0
1,A,A,403,403,,425,True,1,target,1920,0.0,0.0,0.0
1,A,A,404,404,,426,True,1,target,1920,52.110785914314505,52.110785914314505,0.0
1,A,A,405,405,,427,True,1,target,1920,45.01604410340705,45.01604410340705,0.0
1,A,A,406,406,,428,True,1,target,1920,0.12579460583749127,0.12579460583749127,0.0
1,A,A,407,407,,429,True,1,target,1920,65.61552080186982,65.61552080186982,0.0
1,A,A,408,408,,430,True,1,target,1920,3.333557054693519,3.333557054693519,0.0
1,A,A,409,409,,431,True,1,target,1920,0.11870246042201232,0.11870246042201232,0.0
1,A,A,410,410,,432,True,1,target,1920,33.25037120866831,33.25037120866831,0.0
1,A,A,411,411,,433,True,1,target,1920,5.3572951203136014,5.3572951203136014,0.0
1,A,A,412,412,,434,True,1,target,1920,24.75849442237017,24.75849442237017,0.0
1,A,A,413,413,,435,True,1,target,1920,61.261973042858244,61.261973042858244,0.0
1,A,A,414,414,,436,True,1,target,1920,38.55884990613593,38.55884990613593,0.0
1,A,A,415,415,,437,True,1,target,1920,40.915644571424814,40.915644571424814,0.0
1,A,A,416,416,,438,True,1,target,1920,34.63693930626894,34.63693930626894,0.0
1,A,A,417,417,,439,True,1,target,1920,15.989866885235678,15.989866885235678,0.0
1,A,A,418,418,,440,True,1,target,1920,2.268599033028627,2.268599033028627,0.0
1,A,A,419,419,,441,True,1,target,1920,19.269555443397174,19.269555443397174,0.0
1,A,A,420,420,,442,True,1,target,1920,0.0,0.0,0.0
1,A,A,421,421,,443,True,1,target,1920,0.0,0.0,0.0
1,A,A,422,422,,444,True,1,target,1920,2.913620364688171,2.913620364688171,0.0
1,A,A,423,423,,445,True,1,target,1920,0.0,0.0,0.0
1,A,A,424,424,,446,True,1,target,1920,37.59796630409978,37.59796630409978,0.0
1,A,A,425,425,,447,True,1,target,1920,51.49269588567785,51.49269588567785,0.0
1,A,A,426,426,,448,True,1,target,1920,14.626763866763481,14.626763866763481,0.0
1,A,A,427,427,,449,True,1,target,1920,26.94318544261223,26.94318544261223,0.0
1,A,A,428,428,,450,True,1,target,1920,1.7136078928393323,1.7136078928393323,0.0
1,A,A,429,429,,451,True,1,target,1920,33.25294142415802,33.25294142415802,0.0
1,A,A,430,430,,452,True,1,target,1920,60.34302446675976,60.34302446675976,0.0
1,A,A,431,431,,453,True,1,target,1920,0.0,0.0,0.0
1,A,A,432,432,,454,True,1,target,1920,0.45353340544161236,0.45353340544161236,0.0
1,A,A,433,433,,455,True,1,target,1920,0.25158921167498255,0.25158921167498255,0.0
1,A,A,434,434,,456,True,1,target,1920,42.888378880313866,42.888378880313866,0.0
1,A,A,435,435,,457,True,1,target,1920,33.626597218388234,33.626597218388234,0.0
1,A,A,436,436,,458,True,1,target,1920,6.201464628278081,6.201464628278081,0.0
1,A,A,437,437,,459,True,1,target,1920,118.2574996375242,97.08461290294353,21.172886734580672
1,A,A,438,438,,460,True,1,target,1920,11.803256814851185,11.803256814851185,0.0
1,A,A,439,439,,461,True,1,target,1920,0.0,0.0,0.0
1,A,A,440,440,,462,True,1,target,1920,2.5775871059801037,2.5775871059801037,0.0
1,A,A,441,441,,463,True,1,target,1920,20.770862358688543,20.770862358688543,0.0
1,A,A,442,442,,464,True,1,target,1920,12.203892999489511,12.203892999489511,0.0
1,A,A,443,443,,465,True,1,target,1920,1.5095352700498954,1.5095352700498954,0.0
1,A,A,444,444,,466,True,1,target,1920,0.0,0.0,0.0
1,A,A,445,445,,467,True,1,target,1920,5.220476142255888,5.220476142255888,0.0
1,A,A,446,446,,468,True,1,target,1920,0.0,0.0,0.0
1,A,A,447,447,,469,True,1,target,1920,3.665551403346316,3.665551403346316,0.0
1,A,A,448,448,,470,True,1,target,1920,90.35396204563304,90.35396204563304,0.0
1,A,A,449,449,,471,True,1,target,1920,0.0,0.0,0.0
1,A,A,450,450,,472,True,1,target,1920,82.86471800974338,82.86471800974338,0.0
1,A,A,451,451,,473,True,1,target,1920,102.96836630266866,102.96836630266866,0.0
1,A,A,452,452,,474,True,1,target,1920,1.5067392525882004,1.5067392525882004,0.0
1,A,A,453,453,,475,True,1,target,1920,4.702833302730021,4.702833302730021,0.0
1,A,A,454,454,,476,True,1,target,1920,6.5091836286972,6.5091836286972,0.0
1,A,A,455,455,,477,True,1,target,1920,18.28906241271639,18.28906241271639,0.0
1,A,A,456,456,,478,True,1,target,1920,147.52763919670548,147.52763919670548,0.0
1,A,A,457,457,,479,True,1,target,1920,26.22108317170145,26.22108317170145,0.0
1,A,A,458,458,,480,True,1,target,1920,7.778193329200505,7.778193329200505,0.0
1,A,A,459,459,,481,True,1,target,1920,12.2649740691554,12.2649740691554,0.0
1,A,A,460,460,,482,True,1,target,1920,20.880530122237605,20.880530122237605,0.0
1,A,A,461,461,,483,True,1,target,1920,128.9588932255109,128.9588932255109,0.0
1,A,A,462,462,,484,True,1,target,1920,88.86113939400178,56.210435391050694,32.65070400295109
1,A,A,463,463,,485,True,1,target,1920,6.101038383118327,2.578789419668571,3.5222489634497562
1,A,A,464,464,,486,True,1,target,1920,32.712597959716085,32.712597959716085,0.0
1,A,A,465,465,,487,True,1,target,1920,98.46496195608698,96.81318780615346,1.651774149933516
1,A,A,466,466,,488,True,1,target,1920,54.77204672262909,54.77204672262909,0.0
1,A,A,467,467,,489,True,1,target,1920,100.64090167729339,100.64090167729339,0.0
1,A,A,468,468,,490,True,1,target,1920,24.40561306406029,24.40561306406029,0.0
1,A,A,469,469,,491,True,1,target,1920,14.944393937506208,14.944393937506208,0.0
1,A,A,470,470,,492,True,1,target,1920,10.566746890349267,10.566746890349267,0.0
1,A,A,471,471,,493,True,1,target,1920,33.162792113966326,33.162792113966326,0.0
1,A,A,472,472,,494,True,1,target,1920,4.591503113068431,4.591503113068431,0.0
1,A,A,473,473,,495,True,1,target,1920,102.12699935715057,102.12699935715057,0.0
1,A,A,474,474,,496,True,1,target,1920,34.50480457375742,34.50480457375742,0.0
1,A,A,475,475,,497,True,1,target,1920,40.609211660498254,40.609211660498254,0.0
1,A,A,476,476,,498,True,1,target,1920,33.873053853065414,33.873053853065414,0.0
1,A,A,477,477,,499,True,1,target,1920,58.65079053043883,58.65079053043883,0.0
1,A,A,478,478,,500,True,1,target,1920,57.80262138232724,57.80262138232724,0.0
1,A,A,479,479,,501,True,1,target,1920,71.05353587292505,71.05353587292505,0.0
1,A,A,480,480,,502,True,1,target,1920,117.61131002609659,117.61131002609659,0.0
1,A,A,481,481,,503,True,1,target,1920,88.1860844365739,88.1860844365739,0.0
1,A,A,482,482,,504,True,1,target,1920,2.611776142531264,2.611776142531264,0.0
1,A,A,483,483,,505,True,1,target,1920,82.10067416791026,82.10067416791026,0.0
1,A,A,484,484,,506,True,1,target,1920,67.45307041537947,67.45307041537947,0.0
1,A,A,485,485,,507,True,1,target,1920,107.98568677449086,107.98568677449086,0.0
1,A,A,486,486,,508,True,1,target,1920,65.01056328502364,65.01056328502364,0.0
1,A,A,487,487,,509,True,1,target,1920,60.78605971675063,60.78605971675063,0.0
1,A,A,488,488,,510,True,1,target,1920,65.98593617417754,65.98593617417754,0.0
1,A,A,489,489,,511,True,1,target,1920,28.552114813735486,28.552114813735486,0.0
1,A,A,490,490,,512,True,1,target,1920,67.71906382937118,67.71906382937118,0.0
1,A,A,491,491,,513,True,1,target,1920,175.72686545264793,175.72686545264793,0.0
1,A,A,492,492,,514,True,1,target,1920,24.844434652904525,24.844434652904525,0.0
1,A,A,493,493,,515,True,1,target,1920,11.768728093594355,11.768728093594355,0.0
1,A,A,494,494,,516,True,1,target,1920,40.05311834488632,40.05311834488632,0.0
1,A,A,495,495,,517,True,1,target,1920,216.6246310893815,216.6246310893815,0.0
1,A,A,496,496,,518,True,1,target,1920,40.81025526437085,40.81025526437085,0.0
1,A,A,497,497,,519,True,1,target,1920,50.21695532291423,50.21695532291423,0.0
1,A,A,498,498,,520,True,1,target,1920,0.0,0.0,0.0
1,A,A,499,499,,521,True,1,target,1920,3.641793108903543,3.641793108903543,0.0
1,A,A,500,500,,522,True,1,target,1920,0.0,0.0,0.0
1,A,A,501,501,,523,True,1,target,1920,48.31206108938557,48.31206108938557,0.0
1,A,A,502,502,,524,True,1,target,1920,23.126392532934346,23.126392532934346,0.0
1,A,A,503,503,,525,True,1,target,1920,29.08842264061449,29.08842264061449,0.0
1,A,A,504,504,,526,True,1,target,1920,57.04323822409539,57.04323822409539,0.0
1,A,A,505,505,,527,True,1,target,1920,20.03267644238833,20.03267644238833,0.0
1,A,A,506,506,,528,True,1,target,1920,16.075216103652078,16.075216103652078,0.0
1,A,A,507,507,,529,True,1,target,1920,45.879251008353805,30.35200523980872,15.527245768545086
1,A,A,508,508,,530,True,1,target,1920,101.37031076911765,56.2529444121461,45.11736635697155
1,A,A,509,509,,531,True,1,target,1920,30.066353964285657,30.066353964285657,0.0
1,A,A,510,510,,532,True,1,target,1920,46.35017312913303,46.35017312913303,0.0
1,A,A,511,511,,533,True,1,target,1920,63.925438856516585,63.925438856516585,0.0
1,A,A,512,512,,534,True,1,target,1920,51.82737760504641,51.82737760504641,0.0
1,A,A,513,513,,535,True,1,target,1920,47.44473411657332,47.44473411657332,0.0
1,A,A,514,514,,536,True,1,target,1920,51.046966065488064,51.046966065488064,0.0
1,A,A,515,515,,537,True,1,target,1920,45.337152833515155,45.337152833515155,0.0
1,A,A,516,516,,538,True,1,target,1920,112.58432130288296,112.58432130288296,0.0
1,A,A,517,517,,539,True,1,target,1920,79.43891397726343,79.43891397726343,0.0
1,A,A,518,518,,540,True,1,target,1920,5.919621224850559,5.919621224850559,0.0
1,A,A,519,519,,541,True,1,target,1920,16.73068257638634,16.73068257638634,0.0
1,A,A,520,520,,542,True,1,target,1920,116.49073861497999,116.49073861497999,0.0
1,A,A,521,521,,543,True,1,target,1920,115.72708878122549,115.72708878122549,0.0
1,A,A,522,522,,544,True,1,target,1920,13.91463680702632,13.91463680702632,0.0
1,A,A,523,523,,545,True,1,target,1920,60.36805903321806,60.36805903321806,0.0
1,A,A,524,524,,546,True,1,target,1920,42.08343477462333,42.08343477462333,0.0
1,A,A,525,525,,547,True,1,target,1920,87.03340987552845,87.03340987552845,0.0
1,A,A,526,526,,548,True,1,target,1920,159.89530734821744,159.89530734821744,0.0
1,A,A,527,527,,549,True,1,target,1920,13.372689166835649,13.372689166835649,0.0
1,A,A,528,528,,550,True,1,target,1920,164.54202984265893,164.54202984265893,0.0
1,A,A,529,529,,551,True,1,target,1920,67.98604488155334,67.98604488155334,0.0
1,A,A,530,530,,552,True,1,target,1920,50.72650070737548,50.72650070737548,0.0
1,A,A,531,531,,553,True,1,target,1920,12.955041257978134,12.955041257978134,0.0
1,A,A,532,532,,554,True,1,target,1920,27.2330765592207,27.2330765592207,0.0
1,A,A,533,533,,555,True,1,target,1920,70.58865608201623,70.58865608201623,0.0
1,A,A,534,534,,556,True,1,target,1920,91.58209504422386,91.58209504422386,0.0
1,A,A,535,535,,557,True,1,target,1920,86.5739139890297,86.5739139890297,0.0
1,A,A,536,536,,558,True,1,target,1920,134.02663233243243,134.02663233243243,0.0
1,A,A,537,537,,559,True,1,target,1920,71.29898523445769,71.29898523445769,0.0
1,A,A,538,538,,560,True,1,target,1920,11.049421185646802,11.049421185646802,0.0
1,A,A,539,539,,561,True,1,target,1920,61.513562254533234,61.513562254533234,0.0
1,A,A,540,540,,562,True,1,target,1920,71.89275344546931,71.89275344546931,0.0
1,A,A,541,541,,563,True,1,target,1920,18.241482991977772,18.241482991977772,0.0
1,A,A,542,542,,564,True,1,target,1920,85.63672192259243,85.63672192259243,0.0
1,A,A,543,543,,565,True,1,target,1920,129.7628169680875,129.7628169680875,0.0
1,A,A,544,544,,566,True,1,target,1920,156.44688188513624,156.44688188513624,0.0
1,A,A,545,545,,567,True,1,target,1920,15.475940942518088,15.475940942518088,0.0
1,A,A,546,546,,568,True,1,target,1920,103.99751213157805,103.99751213157805,0.0
1,A,A,547,547,,569,True,1,target,1920,69.31976026424661,69.31976026424661,0.0
1,A,A,548,548,,570,True,1,target,1920,45.296159630875096,45.296159630875096,0.0
1,A,A,549,549,,571,True,1,target,1920,154.63834291628706,154.63834291628706,0.0
1,A,A,550,550,,572,True,1,target,1920,57.28602770384798,57.28602770384798,0.0
1,A,A,551,551,,573,True,1,target,1920,50.149583868457995,50.149583868457995,0.0
1,A,A,552,552,,574,True,1,target,1920,77.206176878874,77.206176878874,0.0
1,A,A,553,553,,575,True,1,target,1920,5.932469029806802,5.932469029806802,0.0
1,A,A,554,554,,576,True,1,target,1920,9.85952987813028,9.85952987813028,0.0
1,A,A,555,555,,577,True,1,target,1920,166.15457859031852,166.15457859031852,0.0
1,A,A,556,556,,578,True,1,target,1920,1.383740664212404,1.383740664212404,0.0
1,A,A,557,557,,579,True,1,target,1920,53.41606268400962,53.41606268400962,0.0
1,A,A,558,558,,580,True,1,target,1920,107.45434397300147,107.45434397300147,0.0
1,A,A,559,559,,581,True,1,target,1920,65.15797073932089,65.15797073932089,0.0
1,A,A,560,560,,582,True,1,target,1920,127.40341478089614,127.40341478089614,0.0
1,A,A,561,561,,583,True,1,target,1920,68.83514145399621,68.83514145399621,0.0
1,A,A,562,562,,584,True,1,target,1920,27.63220543388377,27.63220543388377,0.0
1,A,A,563,563,,585,True,1,target,1920,84.52809118155335,84.52809118155335,0.0
1,A,A,564,564,,586,True,1,target,1920,88.89577807100147,88.89577807100147,0.0
1,C,C,1,1,,1,True,1,light,1920,138.38128161236816,138.38128161236816,0.0
1,C,C,2,2,,2,True,1,light,1920,18.029885600284523,18.029885600284523,0.0
1,C,C,3,3,,3,True,1,light,1920,106.91615249952724,106.91615249952724,0.0
1,C,C,4,4,,4,True,1,light,1920,11.252566384104963,11.252566384104963,0.0
1,C,C,5,5,,5,True,1,light,1920,77.2329085598637,77.2329085598637,0.0
1,C,C,6,6,,6,True,1,light,1920,11.105226343150068,11.105226343150068,0.0
1,C,C,7,7,,7,True,1,light,1920,50.86325423558623,50.86325423558623,0.0
1,C,C,8,8,,8,True,1,light,1920,56.53279617673094,56.53279617673094,0.0
1,C,C,9,9,,9,True,1,light,1920,76.84383409068906,76.84383409068906,0.0
1,C,C,10,10,,10,True,1,light,1920,79.41244082316919,79.41244082316919,0.0
1,C,C,11,11,,11,True,1,light,1920,41.37933317511915,41.37933317511915,0.0
1,C,C,12,12,,12,True,1,light,1920,47.967188828846936,47.967188828846936,0.0
1,C,C,13,13,,13,True,1,light,1920,4.654400415987177,4.654400415987177,0.0
1,C,C,14,14,,14,True,1,light,1920,33.97727226235744,33.97727226235744,0.0
1,C,C,15,15,,15,True,1,light,1920,71.3718930914674,71.3718930914674,0.0
1,C,C,16,16,,16,True,1,light,1920,43.49681374752848,43.49681374752848,0.0
1,C,C,17,17,,17,True,1,light,1920,56.8712072283787,56.8712072283787,0.0
1,C,C,18,18,,18,True,1,light,1920,164.91456906250022,164.91456906250022,0.0
1,C,C,19,19,,19,True,1,light,1920,3.577122115132457,3.577122115132457,0.0
1,C,C,20,20,,20,True,1,light,1920,65.74808357638038,65.74808357638038,0.0
1,C,C,21,21,,21,True,1,light,1920,1.0692541496186758,1.0692541496186758,0.0
1,C,C,22,22,,22,True,1,light,1920,58.07143961171329,58.07143961171329,0.0
1,C,C,23,23,,23,True,1,light,1920,0.7467434837889038,0.7467434837889038,0.0
1,C,C,24,24,,24,True,1,light,1920,115.34020753642214,115.34020753642214,0.0
1,C,C,25,25,,25,True,1,light,1920,8.663983703837292,8.663983703837292,0.0
1,C,C,26,26,,26,True,1,light,1920,74.12970878649465,74.12970878649465,0.0
1,C,C,27,27,,27,True,1,light,1920,89.03369464299256,89.03369464299256,0.0
1,C,C,28,28,,28,True,1,light,1920,90.73434542963122,90.73434542963122,0.0
1,C,C,29,29,,29,True,1,light,1920,0.5031784233499651,0.5031784233499651,0.0
1,C,C,30,30,,30,True,1,light,1920,36.19975009723749,36.19975009723749,0.0
1,C,C,31,31,,31,True,1,light,1920,71.95451453904501,71.95451453904501,0.0
1,C,C,32,32,,32,True,1,light,1920,3.399955924424078,3.399955924424078,0.0
1,C,C,33,33,,33,True,1,light,1920,0.0,0.0,0.0
1,C,C,34,34,,34,True,1,light,1920,0.0,0.0,0.0
1,C,C,35,35,,35,True,1,light,1920,0.4165228259884467,0.4165228259884467,0.0
1,C,C,36,36,,36,True,1,light,1920,0.28611793293181237,0.28611793293181237,0.0
1,C,C,37,37,,37,True,1,light,1920,18.642971333623386,18.642971333623386,0.0
1,C,C,38,38,,38,True,1,light,1920,14.472076425990005,14.472076425990005,0.0
1,C,C,39,39,,39,True,1,light,1920,65.99646116406555,65.99646116406555,0.0
1,C,C,40,40,,40,True,1,light,1920,88.72925533440407,88.72925533440407,0.0
1,C,C,41,41,,41,True,1,light,1920,57.89922142943432,57.89922142943432,0.0
1,C,C,42,42,,42,True,1,light,1920,112.13275728333606,112.13275728333606,0.0
1,C,C,43,43,,43,True,1,light,1920,19.099881951167607,19.099881951167607,0.0
1,C,C,44,44,,44,True,1,light,1920,5.252776950722547,5.252776950722547,0.0
1,C,C,45,45,,45,True,1,light,1920,131.6405861670463,131.6405861670463,0.0
1,C,C,46,46,,46,True,1,light,1920,11.332134417540287,11.332134417540287,0.0
1,C,C,47,47,,47,True,1,light,1920,12.768152492505365,12.768152492505365,0.0
1,C,C,48,48,,48,True,1,light,1920,0.7547676350249477,0.7547676350249477,0.0
1,C,C,49,49,,49,True,1,light,1920,14.83221551782815,14.83221551782815,0.0
1,C,C,50,50,,50,True,1,light,1920,13.839679060810136,13.839679060810136,0.0
1,C,C,51,51,,51,True,1,light,1920,0.4190046841847826,0.4190046841847826,0.0
1,C,C,52,52,,52,True,1,light,1920,53.9153978923467,53.9153978923467,0.0
1,C,C,53,53,,53,True,1,light,1920,80.92727753082201,80.92727753082201,0.0
1,C,C,54,54,,54,True,1,light,1920,107.11316308383081,107.11316308383081,0.0
1,C,C,55,55,,55,True,1,light,1920,31.085656136213785,31.085656136213785,0.0
1,C,C,56,56,,56,True,1,light,1920,115.98006094816652,115.98006094816652,0.0
1,C,C,57,57,,57,True,1,light,1920,71.17468092163523,71.17468092163523,0.0
1,C,C,58,58,,58,True,1,light,1920,15.79966439401184,15.79966439401184,0.0
1,C,C,59,59,,59,True,1,light,1920,54.72065353930871,54.72065353930871,0.0
1,C,C,60,60,,60,True,1,light,1920,93.3838239564979,93.3838239564979,0.0
1,C,C,61,61,,61,True,1,light,1920,44.0567823485783,44.0567823485783,0.0
1,C,C,62,62,,62,True,1,light,1920,5.833400868971256,5.833400868971256,0.0
1,C,C,63,63,,63,True,1,light,1920,51.720107923889586,51.720107923889586,0.0
1,C,C,64,64,,64,True,1,light,1920,10.191822678085167,10.191822678085167,0.0
1,C,C,65,65,,65,True,1,light,1920,57.78031411099134,57.78031411099134,0.0
1,C,C,66,66,,66,True,1,light,1920,37.56762310055539,37.56762310055539,0.0
1,C,C,67,67,,67,True,1,light,1920,75.90450770474274,75.90450770474274,0.0
1,C,C,68,68,,68,True,1,light,1920,10.315157678674284,10.315157678674284,0.0
1,C,C,69,69,,69,True,1,light,1920,52.72614472083793,52.72614472083793,0.0
1,C,C,70,70,,70,True,1,light,1920,76.87789877253103,76.87789877253103,0.0
1,C,C,71,71,,71,True,1,light,1920,0.2385574926488104,0.2385574926488104,0.0
1,C,C,72,72,,72,True,1,light,1920,35.04559440615555,35.04559440615555,0.0
1,C,C,73,73,,73,True,1,light,1920,1.8363420638334513,1.8363420638334513,0.0
1,C,C,74,74,,74,True,1,light,1920,22.359751641174235,22.359751641174235,0.0
1,C,C,75,75,,75,True,1,light,1920,1.1262118789267284,1.1262118789267284,0.0
1,C,C,76,76,,76,True,1,light,1920,61.86825853709903,61.86825853709903,0.0
1,C,C,77,77,,77,True,1,light,1920,41.58934602601775,41.58934602601775,0.0
1,C,C,78,78,,78,True,1,light,1920,0.0,0.0,0.0
1,C,C,79,79,,79,True,1,light,1920,80.22392402306848,80.22392402306848,0.0
1,C,C,80,80,,80,True,1,light,1920,86.37968175072918,86.37968175072918,0.0
1,C,C,81,81,,81,True,1,light,1920,120.55189310973418,120.55189310973418,0.0
1,C,C,82,82,,82,True,1,light,1920,1.0044928350588003,1.0044928350588003,0.0
1,C,C,83,83,,83,True,1,light,1920,33.9886605357267,33.9886605357267,0.0
1,C,C,84,84,,84,True,1,light,1920,6.661174535776344,6.661174535776344,0.0
1,C,C,85,85,,85,True,1,light,1920,25.535069946398785,25.535069946398785,0.0
1,C,C,86,86,,86,True,1,light,1920,0.12579460583749127,0.12579460583749127,0.0
1,C,C,87,87,,87,True,1,light,1920,14.89381691377729,14.89381691377729,0.0
1,C,C,88,88,,88,True,1,light,1920,0.0,0.0,0.0
1,C,C,89,89,,89,True,1,light,1920,0.05695772930805245,0.05695772930805245,0.0
1,C,C,90,90,,90,True,1,light,1920,0.0,0.0,0.0
1,C,C,91,91,,91,True,1,light,1920,27.02626813282876,27.02626813282876,0.0
1,C,C,92,92,,92,True,1,light,1920,117.91393637392454,117.91393637392454,0.0
1,C,C,93,93,,93,True,1,light,1920,67.36301142597658,67.36301142597658,0.0
1,C,C,94,94,,94,True,1,light,1920,42.58475311332299,42.58475311332299,0.0
1,C,C,95,95,,95,True,1,light,1920,14.466379671311497,14.466379671311497,0.0
1,C,C,96,96,,96,True,1,light,1920,28.711651433669466,28.711651433669466,0.0
1,C,C,97,97,,97,True,1,light,1920,25.033126561660765,25.033126561660765,0.0
1,C,C,98,98,,98,True,1,light,1920,22.908354876301235,22.908354876301235,0.0
1,C,C,99,99,,99,True,1,light,1920,2.420898208886904,2.420898208886904,0.0
1,C,C,100,100,,100,True,1,light,1920,90.2451582200637,90.2451582200637,0.0
1,C,C,101,101,,101,True,1,light,1920,5.772935682365165,5.772935682365165,0.0
1,C,C,102,102,,102,True,1,light,1920,0.0,0.0,0.0
1,C,C,103,103,,103,True,1,light,1920,85.50171852328911,85.50171852328911,0.0
1,C,C,104,104,,104,True,1,light,1920,4.8550487027842015,4.8550487027842015,0.0
1,C,C,105,105,,105,True,1,light,1920,26.535409988668622,26.535409988668622,0.0
1,C,C,106,106,,106,True,1,light,1920,37.989970962922364,37.989970962922364,0.0
1,C,C,107,107,,107,True,1,light,1920,100.91299109002999,100.91299109002999,0.0
1,C,C,108,108,,108,True,1,light,1920,88.64823693236035,88.64823693236035,0.0
1,C,C,109,109,,109,True,1,light,1920,105.23072142029827,105.23072142029827,0.0
1,C,C,110,110,,110,True,1,light,1920,83.73410730723303,83.73410730723303,0.0
1,C,C,111,111,,111,True,1,light,1920,19.93135287982689,19.93135287982689,0.0
1,C,C,112,112,,112,True,1,light,1920,51.527739697230174,51.527739697230174,0.0
1,C,C,113,113,,113,True,1,light,1920,13.763529472880998,13.763529472880998,0.0
1,C,C,114,114,,114,True,1,light,1920,40.05537440111068,40.05537440111068,0.0
1,C,C,115,115,,115,True,1,light,1920,18.24830613852229,18.24830613852229,0.0
1,C,C,116,116,,116,True,1,light,1920,12.375652378341368,12.375652378341368,0.0
1,C,C,117,117,,117,True,1,light,1920,7.472099448481149,7.472099448481149,0.0
1,C,C,118,118,,118,True,1,light,1920,3.1164965642753657,3.1164965642753657,0.0
1,C,C,119,119,,119,True,1,light,1920,15.016975199779644,15.016975199779644,0.0
1,C,C,120,120,,120,True,1,light,1920,13.541604749837536,13.541604749837536,0.0
1,C,C,121,121,,121,True,1,light,1920,9.573332750883658,9.573332750883658,0.0
1,C,C,122,122,,122,True,1,light,1920,114.10755849839178,114.10755849839178,0.0
1,C,C,123,123,,123,True,1,light,1920,81.9498423776206,81.9498423776206,0.0
1,C,C,124,124,,124,True,1,light,1920,8.994258685010719,8.994258685010719,0.0
1,C,C,125,125,,125,True,1,light,1920,67.61816896330727,67.61816896330727,0.0
1,C,C,126,126,,126,True,1,light,1920,176.73545479362733,176.73545479362733,0.0
1,C,C,127,127,,127,True,1,light,1920,87.32250250400412,87.32250250400412,0.0
1,C,C,128,128,,128,True,1,light,1920,40.42719301813702,40.42719301813702,0.0
1,C,C,129,129,,129,True,1,light,1920,59.18381473849636,59.18381473849636,0.0
1,C,C,130,130,,130,True,1,light,1920,5.639210518572767,5.639210518572767,0.0
1,C,C,131,131,,131,True,1,light,1920,5.381367574021733,5.381367574021733,0.0
1,C,C,132,132,,132,True,1,light,1920,2.7045840255060623,2.7045840255060623,0.0
1,C,C,133,133,,133,True,1,light,1920,7.107395229818257,7.107395229818257,0.0
1,C,C,134,134,,134,True,1,light,1920,0.2010619298297468,0.2010619298297468,0.0
1,C,C,135,135,,135,True,1,light,1920,5.585980812546976,5.585980812546976,0.0
1,C,C,136,136,,136,True,1,light,1920,1.0692541496186758,1.0692541496186758,0.0
1,C,C,137,137,,137,True,1,light,1920,12.278132106386188,12.278132106386188,0.0
1,C,C,138,138,,138,True,1,light,1920,43.16366093658467,43.16366093658467,0.0
1,C,C,139,139,,139,True,1,light,1920,0.880562240862439,0.880562240862439,0.0
1,C,C,140,140,,140,True,1,light,1920,16.940855124911497,16.940855124911497,0.0
1,C,C,141,141,,141,True,1,light,1920,26.668456437548148,26.668456437548148,0.0
1,C,C,142,142,,142,True,1,light,1920,127.0667394591895,127.0667394591895,0.0
1,C,C,143,143,,143,True,1,light,1920,132.6494536698752,132.6494536698752,0.0
1,C,C,144,144,,144,True,1,light,1920,26.059304894509438,26.059304894509438,0.0
1,C,C,145,145,,145,True,1,light,1920,142.87420351146235,142.87420351146235,0.0
1,C,C,146,146,,146,True,1,light,1920,29.922741292114555,29.922741292114555,0.0
1,C,C,147,147,,147,True,1,light,1920,63.393713827921,63.393713827921,0.0
1,C,C,148,148,,148,True,1,light,1920,7.711235517776995,7.711235517776995,0.0
1,C,C,149,149,,149,True,1,light,1920,55.15174484672971,55.15174484672971,0.0
1,C,C,150,150,,150,True,1,light,1920,29.085262722003755,29.085262722003755,0.0
1,C,C,151,151,,151,True,1,light,1920,72.05509066435428,72.05509066435428,0.0
1,C,C,152,152,,152,True,1,light,1920,140.3753296639164,140.3753296639164,0.0
1,C,C,153,153,,153,True,1,light,1920,62.24279528626919,62.24279528626919,0.0
1,C,C,154,154,,154,True,1,light,1920,94.79338000384271,94.79338000384271,0.0
1,C,C,155,155,,155,True,1,light,1920,93.37361639836763,93.37361639836763,0.0
1,C,C,156,156,,156,True,1,light,1920,114.14323324646871,114.14323324646871,0.0
1,C,C,157,157,,157,True,1,light,1920,85.78596917208745,85.78596917208745,0.0
1,C,C,158,158,,158,True,1,light,1920,41.71874168243441,41.71874168243441,0.0
1,C,C,159,159,,159,True,1,light,1920,44.41145179670685,44.41145179670685,0.0
1,C,C,160,160,,160,True,1,light,1920,74.22717342607993,74.22717342607993,0.0
1,C,C,161,161,,161,True,1,light,1920,94.32962071431368,94.32962071431368,0.0
1,C,C,162,162,,162,True,1,light,1920,10.255624497888757,10.255624497888757,0.0
1,C,C,163,163,,163,True,1,light,1920,34.64543011491373,34.64543011491373,0.0
1,C,C,164,164,,164,True,1,light,1920,15.271928533587847,15.271928533587847,0.0
1,C,C,165,165,,165,True,1,light,1920,100.33960985184474,100.33960985184474,0.0
1,C,C,166,166,,166,True,1,light,1920,33.58795235625673,33.58795235625673,0.0
1,C,C,167,167,,167,True,1,light,1920,36.17106212032246,36.17106212032246,0.0
1,C,C,168,168,,168,True,1,light,1920,127.27623394730024,127.27623394730024,0.0
1,C,C,169,169,,169,True,1,light,1920,183.74532909699192,183.74532909699192,0.0
1,C,C,170,170,,170,True,1,light,1920,59.65862458018441,59.65862458018441,0.0
1,C,C,171,171,,171,True,1,light,1920,14.483200281977592,14.483200281977592,0.0
1,C,C,172,172,,172,True,1,light,1920,6.801500971132096,6.801500971132096,0.0
1,C,C,173,173,,173,True,1,light,1920,18.79194958424743,18.79194958424743,0.0
1,C,C,174,174,,174,True,1,light,1920,0.4402811204312195,0.4402811204312195,0.0
1,C,C,175,175,,175,True,1,light,1920,3.0190705400997904,3.0190705400997904,0.0
1,C,C,176,176,,176,True,1,light,1920,3.6991886976876884,3.6991886976876884,0.0
1,C,C,177,177,,177,True,1,light,1920,5.379724128364824,5.379724128364824,0.0
1,C,C,178,178,,178,True,1,light,1920,23.173484352313185,23.173484352313185,0.0
1,C,C,179,179,,179,True,1,light,1920,7.700907531928319,7.700907531928319,0.0
1,C,C,180,180,,180,True,1,light,1920,43.14386628487317,43.14386628487317,0.0
1,C,C,181,181,,181,True,1,light,1920,66.21304125260708,66.21304125260708,0.0
1,C,C,182,182,,182,True,1,light,1920,37.14316317162734,37.14316317162734,0.0
1,C,C,183,183,,183,True,1,light,1920,93.70832626117037,93.70832626117037,0.0
1,C,C,184,184,,184,True,1,light,1920,77.26037066114537,77.26037066114537,0.0
1,C,C,185,185,,185,True,1,light,1920,88.07508673213482,88.07508673213482,0.0
1,C,C,186,186,,186,True,1,light,1920,22.31922247794905,22.31922247794905,0.0
1,C,C,187,187,,187,True,1,light,1920,120.8002418994867,120.8002418994867,0.0
1,C,C,188,188,,188,True,1,light,1920,155.5509003148309,155.5509003148309,0.0
1,C,C,189,189,,189,True,1,light,1920,91.95553223596525,91.95553223596525,0.0
1,C,C,190,190,,190,True,1,light,1920,141.18147215630458,141.18147215630458,0.0
1,C,C,191,191,,191,True,1,light,1920,50.32479114524717,50.32479114524717,0.0
1,C,C,192,192,,192,True,1,light,1920,13.108211571299313,13.108211571299313,0.0
1,C,C,193,193,,193,True,1,light,1920,17.81895187003934,17.81895187003934,0.0
1,C,C,194,194,,194,True,1,light,1920,2.259456343908212,2.259456343908212,0.0
1,C,C,195,195,,195,True,1,light,1920,42.5436702443926,42.5436702443926,0.0
1,C,C,196,196,,196,True,1,light,1920,0.23740492084402465,0.23740492084402465,0.0
1,C,C,197,197,,197,True,1,light,1920,61.55186350496825,61.55186350496825,0.0
1,C,C,198,198,,198,True,1,light,1920,8.922939950284945,8.922939950284945,0.0
1,C,C,199,199,,199,True,1,light,1920,129.00872477548307,129.00872477548307,0.0
1,C,C,200,200,,200,True,1,light,1920,39.97570099342177,39.97570099342177,0.0
1,C,C,201,201,,201,True,1,light,1920,43.778431348984014,43.778431348984014,0.0
1,C,C,202,202,,202,True,1,light,1920,121.39527263804598,121.39527263804598,0.0
1,C,C,203,203,,203,True,1,light,1920,69.84529504631769,69.84529504631769,0.0
1,C,C,204,204,,204,True,1,light,1920,70.61107658158734,70.61107658158734,0.0
1,C,C,205,205,,205,True,1,light,1920,54.40616702471498,54.40616702471498,0.0
1,C,C,206,206,,206,True,1,light,1920,58.82136330356549,58.82136330356549,0.0
1,C,C,207,207,,207,True,1,light,1920,81.46946079046171,81.46946079046171,0.0
1,C,C,208,208,,208,True,1,light,1920,69.68849881147548,69.68849881147548,0.0
1,C,C,209,209,,209,True,1,light,1920,13.917013945467534,13.917013945467534,0.0
1,C,C,210,210,,210,True,1,light,1920,75.12712387510432,75.12712387510432,0.0
1,C,C,211,211,,211,True,1,light,1920,95.7937449170544,95.7937449170544,0.0
1,C,C,212,212,,212,True,1,light,1920,59.922886191225814,59.922886191225814,0.0
1,C,C,213,213,,213,True,1,light,1920,135.64874264823288,135.64874264823288,0.0
1,C,C,214,214,,214,True,1,light,1920,63.34646558340795,63.34646558340795,0.0
1,D,D,1,1,,1,True,1,heavy,1920,180.0381306470345,180.0381306470345,0.0
1,D,D,2,2,,2,True,1,heavy,1920,23.67857849268337,23.67857849268337,0.0
1,D,D,3,3,,3,True,1,heavy,1920,91.70094214880763,91.70094214880763,0.0
1,D,D,4,4,,4,True,1,heavy,1920,16.816601862969673,16.816601862969673,0.0
1,D,D,5,5,,5,True,1,heavy,1920,80.73420048232015,80.73420048232015,0.0
1,D,D,6,6,,6,True,1,heavy,1920,18.978363838329813,18.978363838329813,0.0
1,D,D,7,7,,7,True,1,heavy,1920,57.159712771727236,57.159712771727236,0.0
1,D,D,8,8,,8,True,1,heavy,1920,38.456606773224856,38.456606773224856,0.0
1,D,D,9,9,,9,True,1,heavy,1920,37.97251614323933,37.97251614323933,0.0
1,D,D,10,10,,10,True,1,heavy,1920,27.191979291323985,27.191979291323985,0.0
1,D,D,11,11,,11,True,1,heavy,1920,65.86896748020123,65.86896748020123,0.0
1,D,D,12,12,,12,True,1,heavy,1920,17.359655605573796,17.359655605573796,0.0
1,D,D,13,13,,13,True,1,heavy,1920,130.23758361287656,130.23758361287656,0.0
1,D,D,14,14,,14,True,1,heavy,1920,74.67689568693366,74.67689568693366,0.0
1,D,D,15,15,,15,True,1,heavy,1920,45.04572953598958,45.04572953598958,0.0
1,D,D,16,16,,16,True,1,heavy,1920,27.383774177324117,27.383774177324117,0.0
1,D,D,17,17,,17,True,1,heavy,1920,62.16167281896881,62.16167281896881,0.0
1,D,D,18,18,,18,True,1,heavy,1920,34.07845903473875,34.07845903473875,0.0
1,D,D,19,19,,19,True,1,heavy,1920,119.63355387171083,119.63355387171083,0.0
1,D,D,20,20,,20,True,1,heavy,1920,0.0,0.0,0.0
1,D,D,21,21,,21,True,1,heavy,1920,28.781072777332163,28.781072777332163,0.0
1,D,D,22,22,,22,True,1,heavy,1920,0.0,0.0,0.0
1,D,D,23,23,,23,True,1,heavy,1920,45.35528636811105,45.35528636811105,0.0
1,D,D,24,24,,24,True,1,heavy,1920,15.479977234579483,15.479977234579483,0.0
1,D,D,25,25,,25,True,1,heavy,1920,46.47815114186477,46.47815114186477,0.0
1,D,D,26,26,,26,True,1,heavy,1920,56.47971962334701,56.47971962334701,0.0
1,D,D,27,27,,27,True,1,heavy,1920,34.03024671398013,34.03024671398013,0.0
1,D,D,28,28,,28,True,1,heavy,1920,69.48826024072036,69.48826024072036,0.0
1,D,D,29,29,,29,True,1,heavy,1920,5.550032484109805,5.550032484109805,0.0
1,D,D,30,30,,30,True,1,heavy,1920,34.49033884858458,34.49033884858458,0.0
1,D,D,31,31,,31,True,1,heavy,1920,8.482383940496534,8.482383940496534,0.0
1,D,D,32,32,,32,True,1,heavy,1920,19.49764030603555,19.49764030603555,0.0
1,D,D,33,33,,33,True,1,heavy,1920,8.616483477413485,8.616483477413485,0.0
1,D,D,34,34,,34,True,1,heavy,1920,1.8240217846436235,1.8240217846436235,0.0
1,D,D,35,35,,35,True,1,heavy,1920,0.05580515750326668,0.05580515750326668,0.0
1,D,D,36,36,,36,True,1,heavy,1920,0.6859307584955088,0.6859307584955088,0.0
1,D,D,37,37,,37,True,1,heavy,1920,0.0,0.0,0.0
1,D,D,38,38,,38,True,1,heavy,1920,6.863959105577811,6.863959105577811,0.0
1,D,D,39,39,,39,True,1,heavy,1920,22.65940002096598,22.65940002096598,0.0
1,D,D,40,40,,40,True,1,heavy,1920,32.89652839210673,32.89652839210673,0.0
1,D,D,41,41,,41,True,1,heavy,1920,96.09071116211814,96.09071116211814,0.0
1,D,D,42,42,,42,True,1,heavy,1920,92.34524222315378,92.34524222315378,0.0
1,D,D,43,43,,43,True,1,heavy,1920,153.14621796002427,153.14621796002427,0.0
1,D,D,44,44,,44,True,1,heavy,1920,22.156809337241626,22.156809337241626,0.0
1,D,D,45,45,,45,True,1,heavy,1920,13.170953758080788,13.170953758080788,0.0
1,D,D,46,46,,46,True,1,heavy,1920,48.40653139847289,48.40653139847289,0.0
1,D,D,47,47,,47,True,1,heavy,1920,2.400646062745232,2.400646062745232,0.0
1,D,D,48,48,,48,True,1,heavy,1920,1.9975973967483374,1.9975973967483374,0.0
1,D,D,49,49,,49,True,1,heavy,1920,5.597859959768361,5.597859959768361,0.0
1,D,D,50,50,,50,True,1,heavy,1920,5.134074490300534,5.134074490300534,0.0
1,D,D,51,51,,51,True,1,heavy,1920,0.9486876775555335,0.9486876775555335,0.0
1,D,D,52,52,,52,True,1,heavy,1920,17.789163026698613,17.789163026698613,0.0
1,D,D,53,52,A,53,True,1,heavy,1920,1.0063568466999302,1.0063568466999302,0.0
1,D,D,54,53,,54,True,1,heavy,1920,3.5851462663685014,3.5851462663685014,0.0
1,D,D,55,54,,55,True,1,heavy,1920,34.64846175182444,34.64846175182444,0.0
1,D,D,56,55,,56,True,1,heavy,1920,22.97510848420226,22.97510848420226,0.0
1,D,D,57,56,,57,True,1,heavy,1920,31.731609473693897,31.731609473693897,0.0
1,D,D,58,57,,58,True,1,heavy,1920,34.47447576917936,34.47447576917936,0.0
1,D,D,59,58,,59,True,1,heavy,1920,17.42255290849254,17.42255290849254,0.0
1,D,D,60,59,,60,True,1,heavy,1920,54.87242911639138,54.87242911639138,0.0
1,D,D,61,60,,61,True,1,heavy,1920,20.36926078880771,20.36926078880771,0.0
1,D,D,62,61,,62,True,1,heavy,1920,56.701315133660316,56.701315133660316,0.0
1,D,D,63,62,,63,True,1,heavy,1920,110.77056925372423,110.77056925372423,0.0
1,D,D,64,63,,64,True,1,heavy,1920,4.115761265559817,4.115761265559817,0.0
1,D,D,65,64,,65,True,1,heavy,1920,121.12859265515979,121.12859265515979,0.0
1,D,D,66,65,,66,True,1,heavy,1920,80.07699697064783,80.07699697064783,0.0
1,D,D,67,66,,67,True,1,heavy,1920,26.427636343690285,26.427636343690285,0.0
1,D,D,68,67,,68,True,1,heavy,1920,23.560028530404754,23.560028530404754,0.0
1,D,D,69,68,,69,True,1,heavy,1920,74.6792832973504,74.6792832973504,0.0
1,D,D,70,69,,70,True,1,heavy,1920,25.593437465410137,25.593437465410137,0.0
1,D,D,71,70,,71,True,1,heavy,1920,41.85734744131386,41.85734744131386,0.0
1,D,D,72,71,,72,True,1,heavy,1920,18.05552361433169,18.05552361433169,0.0
1,D,D,73,72,,73,True,1,heavy,1920,45.479499051147776,45.479499051147776,0.0
1,D,D,74,73,,74,True,1,heavy,1920,58.85242252843551,58.85242252843551,0.0
1,D,D,75,74,,75,True,1,heavy,1920,74.86463791841065,74.86463791841065,0.0
1,D,D,76,75,,76,True,1,heavy,1920,91.4111145185507,91.4111145185507,0.0
1,D,D,77,76,,77,True,1,heavy,1920,41.202052447178616,41.202052447178616,0.0
1,D,D,78,77,,78,True,1,heavy,1920,11.142914983017635,11.142914983017635,0.0
1,D,D,79,78,,79,True,1,heavy,1920,0.4402811204312195,0.4402811204312195,0.0
1,D,D,80,79,,80,True,1,heavy,1920,28.157123678396573,28.157123678396573,0.0
1,D,D,81,80,,81,True,1,heavy,1920,1.5095352700498954,1.5095352700498954,0.0
1,D,D,82,81,,82,True,1,heavy,1920,53.720568751441974,53.720568751441974,0.0
1,D,D,83,82,,83,True,1,heavy,1920,0.0,0.0,0.0
1,D,D,84,82,A,84,True,1,heavy,1920,60.29139108250108,60.29139108250108,0.0
1,D,D,85,82,B,85,True,1,heavy,1920,74.38038628180163,74.38038628180163,0.0
1,D,D,86,82,C,86,True,1,heavy,1920,2.4554269301437337,2.4554269301437337,0.0
1,D,D,87,83,,87,True,1,heavy,1920,102.00221202445763,102.00221202445763,0.0
1,D,D,88,84,,88,True,1,heavy,1920,70.18938321768987,70.18938321768987,0.0
1,D,D,89,85,,89,True,1,heavy,1920,102.5991015386703,102.5991015386703,0.0
1,D,D,90,86,,90,True,1,heavy,1920,0.22322063001306672,0.22322063001306672,0.0
1,D,D,91,87,,91,True,1,heavy,1920,29.99082942239489,29.99082942239489,0.0
1,D,D,92,88,,92,True,1,heavy,1920,0.37144424390178066,0.37144424390178066,0.0
1,D,D,93,89,,93,True,1,heavy,1920,35.015979004909234,35.015979004909234,0.0
1,D,D,94,90,,94,True,1,heavy,1920,0.0,0.0,0.0
1,D,D,95,91,,95,True,1,heavy,1920,7.756916892954068,7.756916892954068,0.0
1,D,D,96,92,,96,True,1,heavy,1920,0.06702064327658226,0.06702064327658226,0.0
1,D,D,97,93,,97,True,1,heavy,1920,0.0,0.0,0.0
1,D,D,98,94,,98,True,1,heavy,1920,6.238090362631183,6.238090362631183,0.0
1,D,D,99,95,,99,True,1,heavy,1920,0.7254670475424668,0.7254670475424668,0.0
1,D,D,100,96,,100,True,1,heavy,1920,4.4086074427580675,4.4086074427580675,0.0
1,D,D,101,97,,101,True,1,heavy,1920,2.0127136933998604,2.0127136933998604,0.0
1,D,D,102,98,,102,True,1,heavy,1920,33.34923123899055,33.34923123899055,0.0
1,D,D,103,99,,103,True,1,heavy,1920,33.29435808730785,33.29435808730785,0.0
1,D,D,104,99,A,104,True,1,heavy,1920,21.26872952695853,21.26872952695853,0.0
1,D,D,105,99,B,105,True,1,heavy,1920,12.993077436533003,12.993077436533003,0.0
1,D,D,106,100,,106,True,1,heavy,1920,0.18869190875623693,0.18869190875623693,0.0
1,D,D,107,101,,107,True,1,heavy,1920,10.86725331763452,10.86725331763452,0.0
1,D,D,108,102,,108,True,1,heavy,1920,95.7966135838462,95.7966135838462,0.0
1,D,D,109,103,,109,True,1,heavy,1920,29.15933165929836,29.15933165929836,0.0
1,D,D,110,104,,110,True,1,heavy,1920,2.7045840255060623,2.7045840255060623,0.0
1,D,D,111,105,,111,True,1,heavy,1920,105.83748338942486,105.83748338942486,0.0
1,D,D,112,106,,112,True,1,heavy,1920,23.585060478869167,23.585060478869167,0.0
1,D,D,113,107,,113,True,1,heavy,1920,15.279588783674848,15.279588783674848,0.0
1,D,D,114,108,,114,True,1,heavy,1920,71.2146269267241,71.2146269267241,0.0
1,D,D,115,109,,115,True,1,heavy,1920,0.0,0.0,0.0
1,D,D,116,110,,116,True,1,heavy,1920,14.37008985647897,14.37008985647897,0.0
1,D,D,117,111,,117,True,1,heavy,1920,13.121304158683149,13.121304158683149,0.0
1,D,D,118,112,,118,True,1,heavy,1920,28.78050467266064,28.78050467266064,0.0
1,D,D,119,113,,119,True,1,heavy,1920,84.54027925205234,84.54027925205234,0.0
1,D,D,120,114,,120,True,1,heavy,1920,23.271327292013837,23.271327292013837,0.0
1,D,D,121,115,,121,True,1,heavy,1920,94.03887089571322,94.03887089571322,0.0
1,D,D,122,116,,122,True,1,heavy,1920,78.474238211095,78.474238211095,0.0
1,D,D,123,117,,123,True,1,heavy,1920,85.00102523062783,85.00102523062783,0.0
1,D,D,124,118,,124,True,1,heavy,1920,25.389927056806002,25.389927056806002,0.0
1,D,D,125,119,,125,True,1,heavy,1920,7.722388171697238,7.722388171697238,0.0
1,D,D,126,120,,126,True,1,heavy,1920,37.394071050395574,37.394071050395574,0.0
1,D,D,127,121,,127,True,1,heavy,1920,12.060701169834296,12.060701169834296,0.0
1,D,D,128,122,,128,True,1,heavy,1920,22.824628814089188,22.824628814089188,0.0
1,D,D,129,123,,129,True,1,heavy,1920,19.6784677611823,19.6784677611823,0.0
1,D,D,130,124,,130,True,1,heavy,1920,4.46570850723094,4.46570850723094,0.0
1,D,D,131,125,,131,True,1,heavy,1920,11.809487640280805,11.809487640280805,0.0
1,D,D,132,126,,132,True,1,heavy,1920,13.488595609795965,13.488595609795965,0.0
1,D,D,133,127,,133,True,1,heavy,1920,32.353407890658715,32.353407890658715,0.0
1,D,D,134,128,,134,True,1,heavy,1920,97.75496005288028,97.75496005288028,0.0
1,D,D,135,129,,135,True,1,heavy,1920,129.59698341837847,129.59698341837847,0.0
1,D,D,136,130,,136,True,1,heavy,1920,15.600510327220679,15.600510327220679,0.0
1,D,D,137,131,,137,True,1,heavy,1920,77.16732061373685,77.16732061373685,0.0
1,D,D,138,132,,138,True,1,heavy,1920,85.40701063125735,85.40701063125735,0.0
1,D,D,139,133,,139,True,1,heavy,1920,82.35498216622753,82.35498216622753,0.0
1,D,D,140,134,,140,True,1,heavy,1920,37.49787778015028,37.49787778015028,0.0
1,D,D,141,135,,141,True,1,heavy,1920,65.40878371581104,65.40878371581104,0.0
1,D,D,142,136,,142,True,1,heavy,1920,6.890334739400105,6.890334739400105,0.0
1,D,D,143,137,,143,True,1,heavy,1920,3.2256250210855635,3.2256250210855635,0.0
1,D,D,144,138,,144,True,1,heavy,1920,3.8877536337408434,3.8877536337408434,0.0
1,D,D,145,139,,145,True,1,heavy,1920,0.06289730291874564,0.06289730291874564,0.0
1,D,D,146,140,,146,True,1,heavy,1920,0.6218808837719774,0.6218808837719774,0.0
1,D,D,147,141,,147,True,1,heavy,1920,7.799265561924459,7.799265561924459,0.0
1,D,D,148,142,,148,True,1,heavy,1920,0.880562240862439,0.880562240862439,0.0
1,D,D,149,143,,149,True,1,heavy,1920,17.410804660965056,17.410804660965056,0.0
1,D,D,150,144,,150,True,1,heavy,1920,38.64160534711771,38.64160534711771,0.0
1,D,D,151,145,,151,True,1,heavy,1920,2.288011457633934,2.288011457633934,0.0
1,D,D,152,146,,152,True,1,heavy,1920,2.6762154438441463,2.6762154438441463,0.0
1,D,D,153,147,,153,True,1,heavy,1920,9.3716981348931,9.3716981348931,0.0
1,D,D,154,148,,154,True,1,heavy,1920,68.39670078326121,68.39670078326121,0.0
1,D,D,155,149,,155,True,1,heavy,1920,72.92168263538528,72.92168263538528,0.0
1,D,D,156,150,,156,True,1,heavy,1920,18.453782006030327,18.453782006030327,0.0
1,D,D,157,151,,157,True,1,heavy,1920,82.64626212858826,82.64626212858826,0.0
1,D,D,158,152,,158,True,1,heavy,1920,22.44795578191459,22.44795578191459,0.0
1,D,D,159,153,,159,True,1,heavy,1920,50.03926946042107,50.03926946042107,0.0
1,D,D,160,154,,160,True,1,heavy,1920,3.203949995271203,3.203949995271203,0.0
1,D,D,161,155,,161,True,1,heavy,1920,37.250379838408136,37.250379838408136,0.0
1,D,D,162,156,,162,True,1,heavy,1920,104.84381595905154,104.84381595905154,0.0
1,D,D,163,157,,163,True,1,heavy,1920,51.882631020339886,51.882631020339886,0.0
1,D,D,164,158,,164,True,1,heavy,1920,99.65898642143839,99.65898642143839,0.0
1,D,D,165,159,,165,True,1,heavy,1920,30.231030360700608,30.231030360700608,0.0
1,D,D,166,160,,166,True,1,heavy,1920,107.7270486142994,107.7270486142994,0.0
1,D,D,167,161,,167,True,1,heavy,1920,92.30483348764697,92.30483348764697,0.0
1,D,D,168,162,,168,True,1,heavy,1920,32.992890201770905,32.992890201770905,0.0
1,D,D,169,163,,169,True,1,heavy,1920,42.98557779352052,42.98557779352052,0.0
1,D,D,170,164,,170,True,1,heavy,1920,25.946266463842463,25.946266463842463,0.0
1,D,D,171,165,,171,True,1,heavy,1920,62.567586879265164,62.567586879265164,0.0
1,D,D,172,166,,172,True,1,heavy,1920,4.740074265644449,4.740074265644449,0.0
1,D,D,173,167,,173,True,1,heavy,1920,60.147370003285005,60.147370003285005,0.0
1,D,D,174,168,,174,True,1,heavy,1920,30.70273722514477,30.70273722514477,0.0
1,D,D,175,169,,175,True,1,heavy,1920,44.27260910938145,44.27260910938145,0.0
1,D,D,176,170,,176,True,1,heavy,1920,92.59400203794513,92.59400203794513,0.0
1,D,D,177,171,,177,True,1,heavy,1920,22.96245113830064,22.96245113830064,0.0
1,D,D,178,172,,178,True,1,heavy,1920,126.49383731388392,126.49383731388392,0.0
1,D,D,179,173,,179,True,1,heavy,1920,66.59556550109897,66.59556550109897,0.0
1,D,D,180,174,,180,True,1,heavy,1920,14.61961085299034,14.61961085299034,0.0
1,D,D,181,175,,181,True,1,heavy,1920,31.888932579804038,31.888932579804038,0.0
1,D,D,182,176,,182,True,1,heavy,1920,39.41335329043532,39.41335329043532,0.0
1,D,D,183,177,,183,True,1,heavy,1920,11.961148025632852,11.961148025632852,0.0
1,D,D,184,178,,184,True,1,heavy,1920,12.82395765000863,12.82395765000863,0.0
1,D,D,185,179,,185,True,1,heavy,1920,4.090761387520407,4.090761387520407,0.0
1,D,D,186,180,,186,True,1,heavy,1920,0.5722358658636247,0.5722358658636247,0.0
1,D,D,187,181,,187,True,1,heavy,1920,11.026440435385794,11.026440435385794,0.0
1,D,D,188,182,,188,True,1,heavy,1920,2.5040129695284388,2.5040129695284388,0.0
1,D,D,189,183,,189,True,1,heavy,1920,49.238948731919066,49.238948731919066,0.0
1,D,D,190,184,,190,True,1,heavy,1920,12.934635959194598,12.934635959194598,0.0
1,D,D,191,185,,191,True,1,heavy,1920,80.18346161868718,80.18346161868718,0.0
1,D,D,192,186,,192,True,1,heavy,1920,32.30875407807875,32.30875407807875,0.0
1,D,D,193,187,,193,True,1,heavy,1920,111.96830145290532,111.96830145290532,0.0
1,D,D,194,188,,194,True,1,heavy,1920,54.406983838804905,54.406983838804905,0.0
1,D,D,195,189,,195,True,1,heavy,1920,59.185625735761455,59.185625735761455,0.0
1,D,D,196,190,,196,True,1,heavy,1920,78.07443585750681,78.07443585750681,0.0
1,D,D,197,191,,197,True,1,heavy,1920,119.14983826934831,119.14983826934831,0.0
1,D,D,198,192,,198,True,1,heavy,1920,122.51318089489021,122.51318089489021,0.0
1,D,D,199,193,,199,True,1,heavy,1920,91.27301992297593,91.27301992297593,0.0
1,D,D,200,194,,200,True,1,heavy,1920,29.72919562270852,29.72919562270852,0.0
1,D,D,201,195,,201,True,1,heavy,1920,59.94112968156459,59.94112968156459,0.0
1,D,D,202,196,,202,True,1,heavy,1920,0.0,0.0,0.0
1,D,D,203,197,,203,True,1,heavy,1920,40.16002805188492,40.16002805188492,0.0
1,D,D,204,198,,204,True,1,heavy,1920,2.6450508447205356,2.6450508447205356,0.0
1,D,D,205,199,,205,True,1,heavy,1920,46.88622112011966,46.88622112011966,0.0
1,D,D,206,200,,206,True,1,heavy,1920,2.957673347673134,2.957673347673134,0.0
1,D,D,207,201,,207,True,1,heavy,1920,161.0222764818734,161.0222764818734,0.0
1,D,D,208,202,,208,True,1,heavy,1920,67.96449290145124,67.96449290145124,0.0
1,D,D,209,203,,209,True,1,heavy,1920,40.40086581720146,40.40086581720146,0.0
1,D,D,210,204,,210,True,1,heavy,1920,136.2807145894076,136.2807145894076,0.0
1,D,D,211,205,,211,True,1,heavy,1920,31.08606454325875,31.08606454325875,0.0
1,D,D,212,206,,212,True,1,heavy,1920,137.84172289159113,137.84172289159113,0.0
1,D,D,213,207,,213,True,1,heavy,1920,56.984956444383556,56.984956444383556,0.0
1,D,D,214,208,,214,True,1,heavy,1920,84.48445053260417,84.48445053260417,0.0
1,D,D,215,209,,215,True,1,heavy,1920,66.16923894253594,66.16923894253594,0.0
1,D,D,216,210,,216,True,1,heavy,1920,118.6911683599181,118.6911683599181,0.0
1,D,D,217,211,,217,True,1,heavy,1920,13.873633786909217,13.873633786909217,0.0
1,D,D,218,212,,218,True,1,heavy,1920,125.72215612941021,125.72215612941021,0.0
1,D,D,219,213,,219,True,1,heavy,1920,77.61991023238545,77.61991023238545,0.0
1,D,D,220,214,,220,True,1,heavy,1920,65.13087515718215,65.13087515718215,0.0
1,D,D,221,215,,221,True,1,heavy,1920,98.1377650812156,98.1377650812156,0.0
1,D,D,222,216,,222,True,1,heavy,1920,85.33250056199431,85.33250056199431,0.0
