pdb_id,model_number,entity_id,role,label_asym_id,auth_asym_id,label_seq_id,auth_seq_id,insertion_code,scheme_auth_seq_num,component_id,entity_sequence_position,sequence_position,uniprot_accession,uniprot_position,has_coordinates,atom_count,positive_occupancy_atom_count,coordinate_status
1N8Z,1,1,light,A,A,1,1,,1,ASP,1,1,,,True,8,8,observed
1N8Z,1,1,light,A,A,2,2,,2,ILE,2,2,,,True,8,8,observed
1N8Z,1,1,light,A,A,3,3,,3,GLN,3,3,,,True,9,9,observed
1N8Z,1,1,light,A,A,4,4,,4,MET,4,4,,,True,8,8,observed
1N8Z,1,1,light,A,A,5,5,,5,THR,5,5,,,True,7,7,observed
1N8Z,1,1,light,A,A,6,6,,6,GLN,6,6,,,True,9,9,observed
1N8Z,1,1,light,A,A,7,7,,7,SER,7,7,,,True,6,6,observed
1N8Z,1,1,light,A,A,8,8,,8,PRO,8,8,,,True,7,7,observed
1N8Z,1,1,light,A,A,9,9,,9,SER,9,9,,,True,6,6,observed
1N8Z,1,1,light,A,A,10,10,,10,SER,10,10,,,True,6,6,observed
1N8Z,1,1,light,A,A,11,11,,11,LEU,11,11,,,True,8,8,observed
1N8Z,1,1,light,A,A,12,12,,12,SER,12,12,,,True,6,6,observed
1N8Z,1,1,light,A,A,13,13,,13,ALA,13,13,,,True,5,5,observed
1N8Z,1,1,light,A,A,14,14,,14,SER,14,14,,,True,6,6,observed
1N8Z,1,1,light,A,A,15,15,,15,VAL,15,15,,,True,7,7,observed
1N8Z,1,1,light,A,A,16,16,,16,GLY,16,16,,,True,4,4,observed
1N8Z,1,1,light,A,A,17,17,,17,ASP,17,17,,,True,8,8,observed
1N8Z,1,1,light,A,A,18,18,,18,ARG,18,18,,,True,11,11,observed
1N8Z,1,1,light,A,A,19,19,,19,VAL,19,19,,,True,7,7,observed
1N8Z,1,1,light,A,A,20,20,,20,THR,20,20,,,True,7,7,observed
1N8Z,1,1,light,A,A,21,21,,21,ILE,21,21,,,True,8,8,observed
1N8Z,1,1,light,A,A,22,22,,22,THR,22,22,,,True,7,7,observed
1N8Z,1,1,light,A,A,23,23,,23,CYS,23,23,,,True,6,6,observed
1N8Z,1,1,light,A,A,24,24,,24,ARG,24,24,,,True,11,11,observed
1N8Z,1,1,light,A,A,25,25,,25,ALA,25,25,,,True,5,5,observed
1N8Z,1,1,light,A,A,26,26,,26,SER,26,26,,,True,6,6,observed
1N8Z,1,1,light,A,A,27,27,,27,GLN,27,27,,,True,9,9,observed
1N8Z,1,1,light,A,A,28,28,,28,ASP,28,28,,,True,8,8,observed
1N8Z,1,1,light,A,A,29,29,,29,VAL,29,29,,,True,7,7,observed
1N8Z,1,1,light,A,A,30,30,,30,ASN,30,30,,,True,8,8,observed
1N8Z,1,1,light,A,A,31,31,,31,THR,31,31,,,True,7,7,observed
1N8Z,1,1,light,A,A,32,32,,32,ALA,32,32,,,True,5,5,observed
1N8Z,1,1,light,A,A,33,33,,33,VAL,33,33,,,True,7,7,observed
1N8Z,1,1,light,A,A,34,34,,34,ALA,34,34,,,True,5,5,observed
1N8Z,1,1,light,A,A,35,35,,35,TRP,35,35,,,True,14,14,observed
1N8Z,1,1,light,A,A,36,36,,36,TYR,36,36,,,True,12,12,observed
1N8Z,1,1,light,A,A,37,37,,37,GLN,37,37,,,True,9,9,observed
1N8Z,1,1,light,A,A,38,38,,38,GLN,38,38,,,True,9,9,observed
1N8Z,1,1,light,A,A,39,39,,39,LYS,39,39,,,True,9,9,observed
1N8Z,1,1,light,A,A,40,40,,40,PRO,40,40,,,True,7,7,observed
1N8Z,1,1,light,A,A,41,41,,41,GLY,41,41,,,True,4,4,observed
1N8Z,1,1,light,A,A,42,42,,42,LYS,42,42,,,True,9,9,observed
1N8Z,1,1,light,A,A,43,43,,43,ALA,43,43,,,True,5,5,observed
1N8Z,1,1,light,A,A,44,44,,44,PRO,44,44,,,True,7,7,observed
1N8Z,1,1,light,A,A,45,45,,45,LYS,45,45,,,True,9,9,observed
1N8Z,1,1,light,A,A,46,46,,46,LEU,46,46,,,True,8,8,observed
1N8Z,1,1,light,A,A,47,47,,47,LEU,47,47,,,True,8,8,observed
1N8Z,1,1,light,A,A,48,48,,48,ILE,48,48,,,True,8,8,observed
1N8Z,1,1,light,A,A,49,49,,49,TYR,49,49,,,True,12,12,observed
1N8Z,1,1,light,A,A,50,50,,50,SER,50,50,,,True,6,6,observed
1N8Z,1,1,light,A,A,51,51,,51,ALA,51,51,,,True,5,5,observed
1N8Z,1,1,light,A,A,52,52,,52,SER,52,52,,,True,6,6,observed
1N8Z,1,1,light,A,A,53,53,,53,PHE,53,53,,,True,11,11,observed
1N8Z,1,1,light,A,A,54,54,,54,LEU,54,54,,,True,8,8,observed
1N8Z,1,1,light,A,A,55,55,,55,TYR,55,55,,,True,12,12,observed
1N8Z,1,1,light,A,A,56,56,,56,SER,56,56,,,True,6,6,observed
1N8Z,1,1,light,A,A,57,57,,57,GLY,57,57,,,True,4,4,observed
1N8Z,1,1,light,A,A,58,58,,58,VAL,58,58,,,True,7,7,observed
1N8Z,1,1,light,A,A,59,59,,59,PRO,59,59,,,True,7,7,observed
1N8Z,1,1,light,A,A,60,60,,60,SER,60,60,,,True,6,6,observed
1N8Z,1,1,light,A,A,61,61,,61,ARG,61,61,,,True,11,11,observed
1N8Z,1,1,light,A,A,62,62,,62,PHE,62,62,,,True,11,11,observed
1N8Z,1,1,light,A,A,63,63,,63,SER,63,63,,,True,6,6,observed
1N8Z,1,1,light,A,A,64,64,,64,GLY,64,64,,,True,4,4,observed
1N8Z,1,1,light,A,A,65,65,,65,SER,65,65,,,True,6,6,observed
1N8Z,1,1,light,A,A,66,66,,66,ARG,66,66,,,True,11,11,observed
1N8Z,1,1,light,A,A,67,67,,67,SER,67,67,,,True,6,6,observed
1N8Z,1,1,light,A,A,68,68,,68,GLY,68,68,,,True,4,4,observed
1N8Z,1,1,light,A,A,69,69,,69,THR,69,69,,,True,7,7,observed
1N8Z,1,1,light,A,A,70,70,,70,ASP,70,70,,,True,8,8,observed
1N8Z,1,1,light,A,A,71,71,,71,PHE,71,71,,,True,11,11,observed
1N8Z,1,1,light,A,A,72,72,,72,THR,72,72,,,True,7,7,observed
1N8Z,1,1,light,A,A,73,73,,73,LEU,73,73,,,True,8,8,observed
1N8Z,1,1,light,A,A,74,74,,74,THR,74,74,,,True,7,7,observed
1N8Z,1,1,light,A,A,75,75,,75,ILE,75,75,,,True,8,8,observed
1N8Z,1,1,light,A,A,76,76,,76,SER,76,76,,,True,6,6,observed
1N8Z,1,1,light,A,A,77,77,,77,SER,77,77,,,True,6,6,observed
1N8Z,1,1,light,A,A,78,78,,78,LEU,78,78,,,True,8,8,observed
1N8Z,1,1,light,A,A,79,79,,79,GLN,79,79,,,True,9,9,observed
1N8Z,1,1,light,A,A,80,80,,80,PRO,80,80,,,True,7,7,observed
1N8Z,1,1,light,A,A,81,81,,81,GLU,81,81,,,True,9,9,observed
1N8Z,1,1,light,A,A,82,82,,82,ASP,82,82,,,True,8,8,observed
1N8Z,1,1,light,A,A,83,83,,83,PHE,83,83,,,True,11,11,observed
1N8Z,1,1,light,A,A,84,84,,84,ALA,84,84,,,True,5,5,observed
1N8Z,1,1,light,A,A,85,85,,85,THR,85,85,,,True,7,7,observed
1N8Z,1,1,light,A,A,86,86,,86,TYR,86,86,,,True,12,12,observed
1N8Z,1,1,light,A,A,87,87,,87,TYR,87,87,,,True,12,12,observed
1N8Z,1,1,light,A,A,88,88,,88,CYS,88,88,,,True,6,6,observed
1N8Z,1,1,light,A,A,89,89,,89,GLN,89,89,,,True,9,9,observed
1N8Z,1,1,light,A,A,90,90,,90,GLN,90,90,,,True,9,9,observed
1N8Z,1,1,light,A,A,91,91,,91,HIS,91,91,,,True,10,10,observed
1N8Z,1,1,light,A,A,92,92,,92,TYR,92,92,,,True,12,12,observed
1N8Z,1,1,light,A,A,93,93,,93,THR,93,93,,,True,7,7,observed
1N8Z,1,1,light,A,A,94,94,,94,THR,94,94,,,True,7,7,observed
1N8Z,1,1,light,A,A,95,95,,95,PRO,95,95,,,True,7,7,observed
1N8Z,1,1,light,A,A,96,96,,96,PRO,96,96,,,True,7,7,observed
1N8Z,1,1,light,A,A,97,97,,97,THR,97,97,,,True,7,7,observed
1N8Z,1,1,light,A,A,98,98,,98,PHE,98,98,,,True,11,11,observed
1N8Z,1,1,light,A,A,99,99,,99,GLY,99,99,,,True,4,4,observed
1N8Z,1,1,light,A,A,100,100,,100,GLN,100,100,,,True,9,9,observed
1N8Z,1,1,light,A,A,101,101,,101,GLY,101,101,,,True,4,4,observed
1N8Z,1,1,light,A,A,102,102,,102,THR,102,102,,,True,7,7,observed
1N8Z,1,1,light,A,A,103,103,,103,LYS,103,103,,,True,9,9,observed
1N8Z,1,1,light,A,A,104,104,,104,VAL,104,104,,,True,7,7,observed
1N8Z,1,1,light,A,A,105,105,,105,GLU,105,105,,,True,9,9,observed
1N8Z,1,1,light,A,A,106,106,,106,ILE,106,106,,,True,8,8,observed
1N8Z,1,1,light,A,A,107,107,,107,LYS,107,107,,,True,9,9,observed
1N8Z,1,1,light,A,A,108,108,,108,ARG,108,108,,,True,11,11,observed
1N8Z,1,1,light,A,A,109,109,,109,THR,109,109,,,True,7,7,observed
1N8Z,1,1,light,A,A,110,110,,110,VAL,110,110,,,True,7,7,observed
1N8Z,1,1,light,A,A,111,111,,111,ALA,111,111,,,True,5,5,observed
1N8Z,1,1,light,A,A,112,112,,112,ALA,112,112,,,True,5,5,observed
1N8Z,1,1,light,A,A,113,113,,113,PRO,113,113,,,True,7,7,observed
1N8Z,1,1,light,A,A,114,114,,114,SER,114,114,,,True,6,6,observed
1N8Z,1,1,light,A,A,115,115,,115,VAL,115,115,,,True,7,7,observed
1N8Z,1,1,light,A,A,116,116,,116,PHE,116,116,,,True,11,11,observed
1N8Z,1,1,light,A,A,117,117,,117,ILE,117,117,,,True,8,8,observed
1N8Z,1,1,light,A,A,118,118,,118,PHE,118,118,,,True,11,11,observed
1N8Z,1,1,light,A,A,119,119,,119,PRO,119,119,,,True,7,7,observed
1N8Z,1,1,light,A,A,120,120,,120,PRO,120,120,,,True,7,7,observed
1N8Z,1,1,light,A,A,121,121,,121,SER,121,121,,,True,6,6,observed
1N8Z,1,1,light,A,A,122,122,,122,ASP,122,122,,,True,8,8,observed
1N8Z,1,1,light,A,A,123,123,,123,GLU,123,123,,,True,9,9,observed
1N8Z,1,1,light,A,A,124,124,,124,GLN,124,124,,,True,9,9,observed
1N8Z,1,1,light,A,A,125,125,,125,LEU,125,125,,,True,8,8,observed
1N8Z,1,1,light,A,A,126,126,,126,LYS,126,126,,,True,9,9,observed
1N8Z,1,1,light,A,A,127,127,,127,SER,127,127,,,True,6,6,observed
1N8Z,1,1,light,A,A,128,128,,128,GLY,128,128,,,True,4,4,observed
1N8Z,1,1,light,A,A,129,129,,129,THR,129,129,,,True,7,7,observed
1N8Z,1,1,light,A,A,130,130,,130,ALA,130,130,,,True,5,5,observed
1N8Z,1,1,light,A,A,131,131,,131,SER,131,131,,,True,6,6,observed
1N8Z,1,1,light,A,A,132,132,,132,VAL,132,132,,,True,7,7,observed
1N8Z,1,1,light,A,A,133,133,,133,VAL,133,133,,,True,7,7,observed
1N8Z,1,1,light,A,A,134,134,,134,CYS,134,134,,,True,6,6,observed
1N8Z,1,1,light,A,A,135,135,,135,LEU,135,135,,,True,8,8,observed
1N8Z,1,1,light,A,A,136,136,,136,LEU,136,136,,,True,8,8,observed
1N8Z,1,1,light,A,A,137,137,,137,ASN,137,137,,,True,8,8,observed
1N8Z,1,1,light,A,A,138,138,,138,ASN,138,138,,,True,8,8,observed
1N8Z,1,1,light,A,A,139,139,,139,PHE,139,139,,,True,11,11,observed
1N8Z,1,1,light,A,A,140,140,,140,TYR,140,140,,,True,12,12,observed
1N8Z,1,1,light,A,A,141,141,,141,PRO,141,141,,,True,7,7,observed
1N8Z,1,1,light,A,A,142,142,,142,ARG,142,142,,,True,11,11,observed
1N8Z,1,1,light,A,A,143,143,,143,GLU,143,143,,,True,9,9,observed
1N8Z,1,1,light,A,A,144,144,,144,ALA,144,144,,,True,5,5,observed
1N8Z,1,1,light,A,A,145,145,,145,LYS,145,145,,,True,9,9,observed
1N8Z,1,1,light,A,A,146,146,,146,VAL,146,146,,,True,7,7,observed
1N8Z,1,1,light,A,A,147,147,,147,GLN,147,147,,,True,9,9,observed
1N8Z,1,1,light,A,A,148,148,,148,TRP,148,148,,,True,14,14,observed
1N8Z,1,1,light,A,A,149,149,,149,LYS,149,149,,,True,9,9,observed
1N8Z,1,1,light,A,A,150,150,,150,VAL,150,150,,,True,7,7,observed
1N8Z,1,1,light,A,A,151,151,,151,ASP,151,151,,,True,8,8,observed
1N8Z,1,1,light,A,A,152,152,,152,ASN,152,152,,,True,8,8,observed
1N8Z,1,1,light,A,A,153,153,,153,ALA,153,153,,,True,5,5,observed
1N8Z,1,1,light,A,A,154,154,,154,LEU,154,154,,,True,8,8,observed
1N8Z,1,1,light,A,A,155,155,,155,GLN,155,155,,,True,9,9,observed
1N8Z,1,1,light,A,A,156,156,,156,SER,156,156,,,True,6,6,observed
1N8Z,1,1,light,A,A,157,157,,157,GLY,157,157,,,True,4,4,observed
1N8Z,1,1,light,A,A,158,158,,158,ASN,158,158,,,True,8,8,observed
1N8Z,1,1,light,A,A,159,159,,159,SER,159,159,,,True,6,6,observed
1N8Z,1,1,light,A,A,160,160,,160,GLN,160,160,,,True,9,9,observed
1N8Z,1,1,light,A,A,161,161,,161,GLU,161,161,,,True,9,9,observed
1N8Z,1,1,light,A,A,162,162,,162,SER,162,162,,,True,6,6,observed
1N8Z,1,1,light,A,A,163,163,,163,VAL,163,163,,,True,7,7,observed
1N8Z,1,1,light,A,A,164,164,,164,THR,164,164,,,True,7,7,observed
1N8Z,1,1,light,A,A,165,165,,165,GLU,165,165,,,True,9,9,observed
1N8Z,1,1,light,A,A,166,166,,166,GLN,166,166,,,True,9,9,observed
1N8Z,1,1,light,A,A,167,167,,167,ASP,167,167,,,True,8,8,observed
1N8Z,1,1,light,A,A,168,168,,168,SER,168,168,,,True,6,6,observed
1N8Z,1,1,light,A,A,169,169,,169,LYS,169,169,,,True,9,9,observed
1N8Z,1,1,light,A,A,170,170,,170,ASP,170,170,,,True,8,8,observed
1N8Z,1,1,light,A,A,171,171,,171,SER,171,171,,,True,6,6,observed
1N8Z,1,1,light,A,A,172,172,,172,THR,172,172,,,True,7,7,observed
1N8Z,1,1,light,A,A,173,173,,173,TYR,173,173,,,True,12,12,observed
1N8Z,1,1,light,A,A,174,174,,174,SER,174,174,,,True,6,6,observed
1N8Z,1,1,light,A,A,175,175,,175,LEU,175,175,,,True,8,8,observed
1N8Z,1,1,light,A,A,176,176,,176,SER,176,176,,,True,6,6,observed
1N8Z,1,1,light,A,A,177,177,,177,SER,177,177,,,True,6,6,observed
1N8Z,1,1,light,A,A,178,178,,178,THR,178,178,,,True,7,7,observed
1N8Z,1,1,light,A,A,179,179,,179,LEU,179,179,,,True,8,8,observed
1N8Z,1,1,light,A,A,180,180,,180,THR,180,180,,,True,7,7,observed
1N8Z,1,1,light,A,A,181,181,,181,LEU,181,181,,,True,8,8,observed
1N8Z,1,1,light,A,A,182,182,,182,SER,182,182,,,True,6,6,observed
1N8Z,1,1,light,A,A,183,183,,183,LYS,183,183,,,True,9,9,observed
1N8Z,1,1,light,A,A,184,184,,184,ALA,184,184,,,True,5,5,observed
1N8Z,1,1,light,A,A,185,185,,185,ASP,185,185,,,True,8,8,observed
1N8Z,1,1,light,A,A,186,186,,186,TYR,186,186,,,True,12,12,observed
1N8Z,1,1,light,A,A,187,187,,187,GLU,187,187,,,True,9,9,observed
1N8Z,1,1,light,A,A,188,188,,188,LYS,188,188,,,True,9,9,observed
1N8Z,1,1,light,A,A,189,189,,189,HIS,189,189,,,True,10,10,observed
1N8Z,1,1,light,A,A,190,190,,190,LYS,190,190,,,True,5,5,observed
1N8Z,1,1,light,A,A,191,191,,191,VAL,191,191,,,True,7,7,observed
1N8Z,1,1,light,A,A,192,192,,192,TYR,192,192,,,True,12,12,observed
1N8Z,1,1,light,A,A,193,193,,193,ALA,193,193,,,True,5,5,observed
1N8Z,1,1,light,A,A,194,194,,194,CYS,194,194,,,True,6,6,observed
1N8Z,1,1,light,A,A,195,195,,195,GLU,195,195,,,True,9,9,observed
1N8Z,1,1,light,A,A,196,196,,196,VAL,196,196,,,True,7,7,observed
1N8Z,1,1,light,A,A,197,197,,197,THR,197,197,,,True,7,7,observed
1N8Z,1,1,light,A,A,198,198,,198,HIS,198,198,,,True,10,10,observed
1N8Z,1,1,light,A,A,199,199,,199,GLN,199,199,,,True,9,9,observed
1N8Z,1,1,light,A,A,200,200,,200,GLY,200,200,,,True,4,4,observed
1N8Z,1,1,light,A,A,201,201,,201,LEU,201,201,,,True,8,8,observed
1N8Z,1,1,light,A,A,202,202,,202,SER,202,202,,,True,6,6,observed
1N8Z,1,1,light,A,A,203,203,,203,SER,203,203,,,True,6,6,observed
1N8Z,1,1,light,A,A,204,204,,204,PRO,204,204,,,True,7,7,observed
1N8Z,1,1,light,A,A,205,205,,205,VAL,205,205,,,True,7,7,observed
1N8Z,1,1,light,A,A,206,206,,206,THR,206,206,,,True,7,7,observed
1N8Z,1,1,light,A,A,207,207,,207,LYS,207,207,,,True,9,9,observed
1N8Z,1,1,light,A,A,208,208,,208,SER,208,208,,,True,6,6,observed
1N8Z,1,1,light,A,A,209,209,,209,PHE,209,209,,,True,11,11,observed
1N8Z,1,1,light,A,A,210,210,,210,ASN,210,210,,,True,8,8,observed
1N8Z,1,1,light,A,A,211,211,,211,ARG,211,211,,,True,11,11,observed
1N8Z,1,1,light,A,A,212,212,,212,GLY,212,212,,,True,4,4,observed
1N8Z,1,1,light,A,A,213,213,,213,GLU,213,213,,,True,9,9,observed
1N8Z,1,1,light,A,A,214,214,,214,CYS,214,214,,,True,6,6,observed
1N8Z,1,2,heavy,B,B,1,1,,1,GLU,1,1,,,True,9,9,observed
1N8Z,1,2,heavy,B,B,2,2,,2,VAL,2,2,,,True,7,7,observed
1N8Z,1,2,heavy,B,B,3,3,,3,GLN,3,3,,,True,9,9,observed
1N8Z,1,2,heavy,B,B,4,4,,4,LEU,4,4,,,True,8,8,observed
1N8Z,1,2,heavy,B,B,5,5,,5,VAL,5,5,,,True,7,7,observed
1N8Z,1,2,heavy,B,B,6,6,,6,GLU,6,6,,,True,9,9,observed
1N8Z,1,2,heavy,B,B,7,7,,7,SER,7,7,,,True,6,6,observed
1N8Z,1,2,heavy,B,B,8,8,,8,GLY,8,8,,,True,4,4,observed
1N8Z,1,2,heavy,B,B,9,9,,9,GLY,9,9,,,True,4,4,observed
1N8Z,1,2,heavy,B,B,10,10,,10,GLY,10,10,,,True,4,4,observed
1N8Z,1,2,heavy,B,B,11,11,,11,LEU,11,11,,,True,8,8,observed
1N8Z,1,2,heavy,B,B,12,12,,12,VAL,12,12,,,True,7,7,observed
1N8Z,1,2,heavy,B,B,13,13,,13,GLN,13,13,,,True,9,9,observed
1N8Z,1,2,heavy,B,B,14,14,,14,PRO,14,14,,,True,7,7,observed
1N8Z,1,2,heavy,B,B,15,15,,15,GLY,15,15,,,True,4,4,observed
1N8Z,1,2,heavy,B,B,16,16,,16,GLY,16,16,,,True,4,4,observed
1N8Z,1,2,heavy,B,B,17,17,,17,SER,17,17,,,True,6,6,observed
1N8Z,1,2,heavy,B,B,18,18,,18,LEU,18,18,,,True,8,8,observed
1N8Z,1,2,heavy,B,B,19,19,,19,ARG,19,19,,,True,11,11,observed
1N8Z,1,2,heavy,B,B,20,20,,20,LEU,20,20,,,True,8,8,observed
1N8Z,1,2,heavy,B,B,21,21,,21,SER,21,21,,,True,6,6,observed
1N8Z,1,2,heavy,B,B,22,22,,22,CYS,22,22,,,True,6,6,observed
1N8Z,1,2,heavy,B,B,23,23,,23,ALA,23,23,,,True,5,5,observed
1N8Z,1,2,heavy,B,B,24,24,,24,ALA,24,24,,,True,5,5,observed
1N8Z,1,2,heavy,B,B,25,25,,25,SER,25,25,,,True,6,6,observed
1N8Z,1,2,heavy,B,B,26,26,,26,GLY,26,26,,,True,4,4,observed
1N8Z,1,2,heavy,B,B,27,27,,27,PHE,27,27,,,True,11,11,observed
1N8Z,1,2,heavy,B,B,28,28,,28,ASN,28,28,,,True,8,8,observed
1N8Z,1,2,heavy,B,B,29,29,,29,ILE,29,29,,,True,8,8,observed
1N8Z,1,2,heavy,B,B,30,30,,30,LYS,30,30,,,True,5,5,observed
1N8Z,1,2,heavy,B,B,31,31,,31,ASP,31,31,,,True,8,8,observed
1N8Z,1,2,heavy,B,B,32,32,,32,THR,32,32,,,True,7,7,observed
1N8Z,1,2,heavy,B,B,33,33,,33,TYR,33,33,,,True,12,12,observed
1N8Z,1,2,heavy,B,B,34,34,,34,ILE,34,34,,,True,8,8,observed
1N8Z,1,2,heavy,B,B,35,35,,35,HIS,35,35,,,True,10,10,observed
1N8Z,1,2,heavy,B,B,36,36,,36,TRP,36,36,,,True,14,14,observed
1N8Z,1,2,heavy,B,B,37,37,,37,VAL,37,37,,,True,7,7,observed
1N8Z,1,2,heavy,B,B,38,38,,38,ARG,38,38,,,True,11,11,observed
1N8Z,1,2,heavy,B,B,39,39,,39,GLN,39,39,,,True,9,9,observed
1N8Z,1,2,heavy,B,B,40,40,,40,ALA,40,40,,,True,5,5,observed
1N8Z,1,2,heavy,B,B,41,41,,41,PRO,41,41,,,True,7,7,observed
1N8Z,1,2,heavy,B,B,42,42,,42,GLY,42,42,,,True,4,4,observed
1N8Z,1,2,heavy,B,B,43,43,,43,LYS,43,43,,,True,9,9,observed
1N8Z,1,2,heavy,B,B,44,44,,44,GLY,44,44,,,True,4,4,observed
1N8Z,1,2,heavy,B,B,45,45,,45,LEU,45,45,,,True,8,8,observed
1N8Z,1,2,heavy,B,B,46,46,,46,GLU,46,46,,,True,9,9,observed
1N8Z,1,2,heavy,B,B,47,47,,47,TRP,47,47,,,True,14,14,observed
1N8Z,1,2,heavy,B,B,48,48,,48,VAL,48,48,,,True,7,7,observed
1N8Z,1,2,heavy,B,B,49,49,,49,ALA,49,49,,,True,5,5,observed
1N8Z,1,2,heavy,B,B,50,50,,50,ARG,50,50,,,True,11,11,observed
1N8Z,1,2,heavy,B,B,51,51,,51,ILE,51,51,,,True,8,8,observed
1N8Z,1,2,heavy,B,B,52,52,,52,TYR,52,52,,,True,12,12,observed
1N8Z,1,2,heavy,B,B,53,53,,53,PRO,53,53,,,True,7,7,observed
1N8Z,1,2,heavy,B,B,54,54,,54,THR,54,54,,,True,7,7,observed
1N8Z,1,2,heavy,B,B,55,55,,55,ASN,55,55,,,True,8,8,observed
1N8Z,1,2,heavy,B,B,56,56,,56,GLY,56,56,,,True,4,4,observed
1N8Z,1,2,heavy,B,B,57,57,,57,TYR,57,57,,,True,12,12,observed
1N8Z,1,2,heavy,B,B,58,58,,58,THR,58,58,,,True,7,7,observed
1N8Z,1,2,heavy,B,B,59,59,,59,ARG,59,59,,,True,11,11,observed
1N8Z,1,2,heavy,B,B,60,60,,60,TYR,60,60,,,True,12,12,observed
1N8Z,1,2,heavy,B,B,61,61,,61,ALA,61,61,,,True,5,5,observed
1N8Z,1,2,heavy,B,B,62,62,,62,ASP,62,62,,,True,8,8,observed
1N8Z,1,2,heavy,B,B,63,63,,63,SER,63,63,,,True,6,6,observed
1N8Z,1,2,heavy,B,B,64,64,,64,VAL,64,64,,,True,7,7,observed
1N8Z,1,2,heavy,B,B,65,65,,65,LYS,65,65,,,True,9,9,observed
1N8Z,1,2,heavy,B,B,66,66,,66,GLY,66,66,,,True,4,4,observed
1N8Z,1,2,heavy,B,B,67,67,,67,ARG,67,67,,,True,11,11,observed
1N8Z,1,2,heavy,B,B,68,68,,68,PHE,68,68,,,True,11,11,observed
1N8Z,1,2,heavy,B,B,69,69,,69,THR,69,69,,,True,7,7,observed
1N8Z,1,2,heavy,B,B,70,70,,70,ILE,70,70,,,True,8,8,observed
1N8Z,1,2,heavy,B,B,71,71,,71,SER,71,71,,,True,6,6,observed
1N8Z,1,2,heavy,B,B,72,72,,72,ALA,72,72,,,True,5,5,observed
1N8Z,1,2,heavy,B,B,73,73,,73,ASP,73,73,,,True,8,8,observed
1N8Z,1,2,heavy,B,B,74,74,,74,THR,74,74,,,True,7,7,observed
1N8Z,1,2,heavy,B,B,75,75,,75,SER,75,75,,,True,6,6,observed
1N8Z,1,2,heavy,B,B,76,76,,76,LYS,76,76,,,True,9,9,observed
1N8Z,1,2,heavy,B,B,77,77,,77,ASN,77,77,,,True,8,8,observed
1N8Z,1,2,heavy,B,B,78,78,,78,THR,78,78,,,True,7,7,observed
1N8Z,1,2,heavy,B,B,79,79,,79,ALA,79,79,,,True,5,5,observed
1N8Z,1,2,heavy,B,B,80,80,,80,TYR,80,80,,,True,12,12,observed
1N8Z,1,2,heavy,B,B,81,81,,81,LEU,81,81,,,True,8,8,observed
1N8Z,1,2,heavy,B,B,82,82,,82,GLN,82,82,,,True,9,9,observed
1N8Z,1,2,heavy,B,B,83,83,,83,MET,83,83,,,True,8,8,observed
1N8Z,1,2,heavy,B,B,84,84,,84,ASN,84,84,,,True,8,8,observed
1N8Z,1,2,heavy,B,B,85,85,,85,SER,85,85,,,True,6,6,observed
1N8Z,1,2,heavy,B,B,86,86,,86,LEU,86,86,,,True,8,8,observed
1N8Z,1,2,heavy,B,B,87,87,,87,ARG,87,87,,,True,11,11,observed
1N8Z,1,2,heavy,B,B,88,88,,88,ALA,88,88,,,True,5,5,observed
1N8Z,1,2,heavy,B,B,89,89,,89,GLU,89,89,,,True,9,9,observed
1N8Z,1,2,heavy,B,B,90,90,,90,ASP,90,90,,,True,8,8,observed
1N8Z,1,2,heavy,B,B,91,91,,91,THR,91,91,,,True,7,7,observed
1N8Z,1,2,heavy,B,B,92,92,,92,ALA,92,92,,,True,5,5,observed
1N8Z,1,2,heavy,B,B,93,93,,93,VAL,93,93,,,True,7,7,observed
1N8Z,1,2,heavy,B,B,94,94,,94,TYR,94,94,,,True,12,12,observed
1N8Z,1,2,heavy,B,B,95,95,,95,TYR,95,95,,,True,12,12,observed
1N8Z,1,2,heavy,B,B,96,96,,96,CYS,96,96,,,True,6,6,observed
1N8Z,1,2,heavy,B,B,97,97,,97,SER,97,97,,,True,6,6,observed
1N8Z,1,2,heavy,B,B,98,98,,98,ARG,98,98,,,True,11,11,observed
1N8Z,1,2,heavy,B,B,99,99,,99,TRP,99,99,,,True,14,14,observed
1N8Z,1,2,heavy,B,B,100,100,,100,GLY,100,100,,,True,4,4,observed
1N8Z,1,2,heavy,B,B,101,101,,101,GLY,101,101,,,True,4,4,observed
1N8Z,1,2,heavy,B,B,102,102,,102,ASP,102,102,,,True,8,8,observed
1N8Z,1,2,heavy,B,B,103,103,,103,GLY,103,103,,,True,4,4,observed
1N8Z,1,2,heavy,B,B,104,104,,104,PHE,104,104,,,True,11,11,observed
1N8Z,1,2,heavy,B,B,105,105,,105,TYR,105,105,,,True,12,12,observed
1N8Z,1,2,heavy,B,B,106,106,,106,ALA,106,106,,,True,5,5,observed
1N8Z,1,2,heavy,B,B,107,107,,107,MET,107,107,,,True,8,8,observed
1N8Z,1,2,heavy,B,B,108,108,,108,ASP,108,108,,,True,8,8,observed
1N8Z,1,2,heavy,B,B,109,109,,109,TYR,109,109,,,True,12,12,observed
1N8Z,1,2,heavy,B,B,110,110,,110,TRP,110,110,,,True,14,14,observed
1N8Z,1,2,heavy,B,B,111,111,,111,GLY,111,111,,,True,4,4,observed
1N8Z,1,2,heavy,B,B,112,112,,112,GLN,112,112,,,True,9,9,observed
1N8Z,1,2,heavy,B,B,113,113,,113,GLY,113,113,,,True,4,4,observed
1N8Z,1,2,heavy,B,B,114,114,,114,THR,114,114,,,True,7,7,observed
1N8Z,1,2,heavy,B,B,115,115,,115,LEU,115,115,,,True,8,8,observed
1N8Z,1,2,heavy,B,B,116,116,,116,VAL,116,116,,,True,7,7,observed
1N8Z,1,2,heavy,B,B,117,117,,117,THR,117,117,,,True,7,7,observed
1N8Z,1,2,heavy,B,B,118,118,,118,VAL,118,118,,,True,7,7,observed
1N8Z,1,2,heavy,B,B,119,119,,119,SER,119,119,,,True,6,6,observed
1N8Z,1,2,heavy,B,B,120,120,,120,SER,120,120,,,True,6,6,observed
1N8Z,1,2,heavy,B,B,121,121,,121,ALA,121,121,,,True,5,5,observed
1N8Z,1,2,heavy,B,B,122,122,,122,SER,122,122,,,True,6,6,observed
1N8Z,1,2,heavy,B,B,123,123,,123,THR,123,123,,,True,7,7,observed
1N8Z,1,2,heavy,B,B,124,124,,124,LYS,124,124,,,True,9,9,observed
1N8Z,1,2,heavy,B,B,125,125,,125,GLY,125,125,,,True,4,4,observed
1N8Z,1,2,heavy,B,B,126,126,,126,PRO,126,126,,,True,7,7,observed
1N8Z,1,2,heavy,B,B,127,127,,127,SER,127,127,,,True,6,6,observed
1N8Z,1,2,heavy,B,B,128,128,,128,VAL,128,128,,,True,7,7,observed
1N8Z,1,2,heavy,B,B,129,129,,129,PHE,129,129,,,True,11,11,observed
1N8Z,1,2,heavy,B,B,130,130,,130,PRO,130,130,,,True,7,7,observed
1N8Z,1,2,heavy,B,B,131,131,,131,LEU,131,131,,,True,8,8,observed
1N8Z,1,2,heavy,B,B,132,132,,132,ALA,132,132,,,True,5,5,observed
1N8Z,1,2,heavy,B,B,133,133,,133,PRO,133,133,,,True,7,7,observed
1N8Z,1,2,heavy,B,B,134,134,,134,SER,134,134,,,True,6,6,observed
1N8Z,1,2,heavy,B,B,135,135,,135,SER,135,135,,,True,6,6,observed
1N8Z,1,2,heavy,B,B,136,136,,136,LYS,136,136,,,True,9,9,observed
1N8Z,1,2,heavy,B,B,137,137,,137,SER,137,137,,,True,6,6,observed
1N8Z,1,2,heavy,B,B,138,138,,138,THR,138,138,,,True,7,7,observed
1N8Z,1,2,heavy,B,B,139,139,,139,SER,139,139,,,True,6,6,observed
1N8Z,1,2,heavy,B,B,140,140,,140,GLY,140,140,,,True,4,4,observed
1N8Z,1,2,heavy,B,B,141,141,,141,GLY,141,141,,,True,4,4,observed
1N8Z,1,2,heavy,B,B,142,142,,142,THR,142,142,,,True,7,7,observed
1N8Z,1,2,heavy,B,B,143,143,,143,ALA,143,143,,,True,5,5,observed
1N8Z,1,2,heavy,B,B,144,144,,144,ALA,144,144,,,True,5,5,observed
1N8Z,1,2,heavy,B,B,145,145,,145,LEU,145,145,,,True,8,8,observed
1N8Z,1,2,heavy,B,B,146,146,,146,GLY,146,146,,,True,4,4,observed
1N8Z,1,2,heavy,B,B,147,147,,147,CYS,147,147,,,True,6,6,observed
1N8Z,1,2,heavy,B,B,148,148,,148,LEU,148,148,,,True,8,8,observed
1N8Z,1,2,heavy,B,B,149,149,,149,VAL,149,149,,,True,7,7,observed
1N8Z,1,2,heavy,B,B,150,150,,150,LYS,150,150,,,True,9,9,observed
1N8Z,1,2,heavy,B,B,151,151,,151,ASP,151,151,,,True,8,8,observed
1N8Z,1,2,heavy,B,B,152,152,,152,TYR,152,152,,,True,12,12,observed
1N8Z,1,2,heavy,B,B,153,153,,153,PHE,153,153,,,True,11,11,observed
1N8Z,1,2,heavy,B,B,154,154,,154,PRO,154,154,,,True,7,7,observed
1N8Z,1,2,heavy,B,B,155,155,,155,GLU,155,155,,,True,9,9,observed
1N8Z,1,2,heavy,B,B,156,156,,156,PRO,156,156,,,True,7,7,observed
1N8Z,1,2,heavy,B,B,157,157,,157,VAL,157,157,,,True,7,7,observed
1N8Z,1,2,heavy,B,B,158,158,,158,THR,158,158,,,True,7,7,observed
1N8Z,1,2,heavy,B,B,159,159,,159,VAL,159,159,,,True,7,7,observed
1N8Z,1,2,heavy,B,B,160,160,,160,SER,160,160,,,True,6,6,observed
1N8Z,1,2,heavy,B,B,161,161,,161,TRP,161,161,,,True,14,14,observed
1N8Z,1,2,heavy,B,B,162,162,,162,ASN,162,162,,,True,8,8,observed
1N8Z,1,2,heavy,B,B,163,163,,163,SER,163,163,,,True,6,6,observed
1N8Z,1,2,heavy,B,B,164,164,,164,GLY,164,164,,,True,4,4,observed
1N8Z,1,2,heavy,B,B,165,165,,165,ALA,165,165,,,True,5,5,observed
1N8Z,1,2,heavy,B,B,166,166,,166,LEU,166,166,,,True,8,8,observed
1N8Z,1,2,heavy,B,B,167,167,,167,THR,167,167,,,True,7,7,observed
1N8Z,1,2,heavy,B,B,168,168,,168,SER,168,168,,,True,6,6,observed
1N8Z,1,2,heavy,B,B,169,169,,169,GLY,169,169,,,True,4,4,observed
1N8Z,1,2,heavy,B,B,170,170,,170,VAL,170,170,,,True,7,7,observed
1N8Z,1,2,heavy,B,B,171,171,,171,HIS,171,171,,,True,10,10,observed
1N8Z,1,2,heavy,B,B,172,172,,172,THR,172,172,,,True,7,7,observed
1N8Z,1,2,heavy,B,B,173,173,,173,PHE,173,173,,,True,11,11,observed
1N8Z,1,2,heavy,B,B,174,174,,174,PRO,174,174,,,True,7,7,observed
1N8Z,1,2,heavy,B,B,175,175,,175,ALA,175,175,,,True,5,5,observed
1N8Z,1,2,heavy,B,B,176,176,,176,VAL,176,176,,,True,7,7,observed
1N8Z,1,2,heavy,B,B,177,177,,177,LEU,177,177,,,True,8,8,observed
1N8Z,1,2,heavy,B,B,178,178,,178,GLN,178,178,,,True,9,9,observed
1N8Z,1,2,heavy,B,B,179,179,,179,SER,179,179,,,True,6,6,observed
1N8Z,1,2,heavy,B,B,180,180,,180,SER,180,180,,,True,6,6,observed
1N8Z,1,2,heavy,B,B,181,181,,181,GLY,181,181,,,True,4,4,observed
1N8Z,1,2,heavy,B,B,182,182,,182,LEU,182,182,,,True,8,8,observed
1N8Z,1,2,heavy,B,B,183,183,,183,TYR,183,183,,,True,12,12,observed
1N8Z,1,2,heavy,B,B,184,184,,184,SER,184,184,,,True,6,6,observed
1N8Z,1,2,heavy,B,B,185,185,,185,LEU,185,185,,,True,8,8,observed
1N8Z,1,2,heavy,B,B,186,186,,186,SER,186,186,,,True,6,6,observed
1N8Z,1,2,heavy,B,B,187,187,,187,SER,187,187,,,True,6,6,observed
1N8Z,1,2,heavy,B,B,188,188,,188,VAL,188,188,,,True,7,7,observed
1N8Z,1,2,heavy,B,B,189,189,,189,VAL,189,189,,,True,7,7,observed
1N8Z,1,2,heavy,B,B,190,190,,190,THR,190,190,,,True,7,7,observed
1N8Z,1,2,heavy,B,B,191,191,,191,VAL,191,191,,,True,7,7,observed
1N8Z,1,2,heavy,B,B,192,192,,192,PRO,192,192,,,True,7,7,observed
1N8Z,1,2,heavy,B,B,193,193,,193,SER,193,193,,,True,6,6,observed
1N8Z,1,2,heavy,B,B,194,194,,194,SER,194,194,,,True,6,6,observed
1N8Z,1,2,heavy,B,B,195,195,,195,SER,195,195,,,True,6,6,observed
1N8Z,1,2,heavy,B,B,196,196,,196,LEU,196,196,,,True,8,8,observed
1N8Z,1,2,heavy,B,B,197,197,,197,GLY,197,197,,,True,4,4,observed
1N8Z,1,2,heavy,B,B,198,198,,198,THR,198,198,,,True,7,7,observed
1N8Z,1,2,heavy,B,B,199,199,,199,GLN,199,199,,,True,9,9,observed
1N8Z,1,2,heavy,B,B,200,200,,200,THR,200,200,,,True,7,7,observed
1N8Z,1,2,heavy,B,B,201,201,,201,TYR,201,201,,,True,12,12,observed
1N8Z,1,2,heavy,B,B,202,202,,202,ILE,202,202,,,True,8,8,observed
1N8Z,1,2,heavy,B,B,203,203,,203,CYS,203,203,,,True,6,6,observed
1N8Z,1,2,heavy,B,B,204,204,,204,ASN,204,204,,,True,8,8,observed
1N8Z,1,2,heavy,B,B,205,205,,205,VAL,205,205,,,True,7,7,observed
1N8Z,1,2,heavy,B,B,206,206,,206,ASN,206,206,,,True,8,8,observed
1N8Z,1,2,heavy,B,B,207,207,,207,HIS,207,207,,,True,10,10,observed
1N8Z,1,2,heavy,B,B,208,208,,208,LYS,208,208,,,True,9,9,observed
1N8Z,1,2,heavy,B,B,209,209,,209,PRO,209,209,,,True,7,7,observed
1N8Z,1,2,heavy,B,B,210,210,,210,SER,210,210,,,True,6,6,observed
1N8Z,1,2,heavy,B,B,211,211,,211,ASN,211,211,,,True,8,8,observed
1N8Z,1,2,heavy,B,B,212,212,,212,THR,212,212,,,True,7,7,observed
1N8Z,1,2,heavy,B,B,213,213,,213,LYS,213,213,,,True,9,9,observed
1N8Z,1,2,heavy,B,B,214,214,,214,VAL,214,214,,,True,7,7,observed
1N8Z,1,2,heavy,B,B,215,215,,215,ASP,215,215,,,True,8,8,observed
1N8Z,1,2,heavy,B,B,216,216,,216,LYS,216,216,,,True,9,9,observed
1N8Z,1,2,heavy,B,B,217,217,,217,LYS,217,217,,,True,5,5,observed
1N8Z,1,2,heavy,B,B,218,218,,218,VAL,218,218,,,True,7,7,observed
1N8Z,1,2,heavy,B,B,219,219,,219,GLU,219,219,,,True,9,9,observed
1N8Z,1,2,heavy,B,B,220,220,,220,PRO,220,220,,,True,8,8,observed
1N8Z,1,3,target,C,C,1,1,,1,THR,1,23,P04626,23,True,7,7,observed
1N8Z,1,3,target,C,C,2,2,,2,GLN,2,24,P04626,24,True,9,9,observed
1N8Z,1,3,target,C,C,3,3,,3,VAL,3,25,P04626,25,True,7,7,observed
1N8Z,1,3,target,C,C,4,4,,4,CYS,4,26,P04626,26,True,6,6,observed
1N8Z,1,3,target,C,C,5,5,,5,THR,5,27,P04626,27,True,7,7,observed
1N8Z,1,3,target,C,C,6,6,,6,GLY,6,28,P04626,28,True,4,4,observed
1N8Z,1,3,target,C,C,7,7,,7,THR,7,29,P04626,29,True,7,7,observed
1N8Z,1,3,target,C,C,8,8,,8,ASP,8,30,P04626,30,True,8,8,observed
1N8Z,1,3,target,C,C,9,9,,9,MET,9,31,P04626,31,True,8,8,observed
1N8Z,1,3,target,C,C,10,10,,10,LYS,10,32,P04626,32,True,9,9,observed
1N8Z,1,3,target,C,C,11,11,,11,LEU,11,33,P04626,33,True,8,8,observed
1N8Z,1,3,target,C,C,12,12,,12,ARG,12,34,P04626,34,True,11,11,observed
1N8Z,1,3,target,C,C,13,13,,13,LEU,13,35,P04626,35,True,8,8,observed
1N8Z,1,3,target,C,C,14,14,,14,PRO,14,36,P04626,36,True,7,7,observed
1N8Z,1,3,target,C,C,15,15,,15,ALA,15,37,P04626,37,True,5,5,observed
1N8Z,1,3,target,C,C,16,16,,16,SER,16,38,P04626,38,True,6,6,observed
1N8Z,1,3,target,C,C,17,17,,17,PRO,17,39,P04626,39,True,7,7,observed
1N8Z,1,3,target,C,C,18,18,,18,GLU,18,40,P04626,40,True,9,9,observed
1N8Z,1,3,target,C,C,19,19,,19,THR,19,41,P04626,41,True,7,7,observed
1N8Z,1,3,target,C,C,20,20,,20,HIS,20,42,P04626,42,True,10,10,observed
1N8Z,1,3,target,C,C,21,21,,21,LEU,21,43,P04626,43,True,8,8,observed
1N8Z,1,3,target,C,C,22,22,,22,ASP,22,44,P04626,44,True,8,8,observed
1N8Z,1,3,target,C,C,23,23,,23,MET,23,45,P04626,45,True,8,8,observed
1N8Z,1,3,target,C,C,24,24,,24,LEU,24,46,P04626,46,True,8,8,observed
1N8Z,1,3,target,C,C,25,25,,25,ARG,25,47,P04626,47,True,11,11,observed
1N8Z,1,3,target,C,C,26,26,,26,HIS,26,48,P04626,48,True,10,10,observed
1N8Z,1,3,target,C,C,27,27,,27,LEU,27,49,P04626,49,True,8,8,observed
1N8Z,1,3,target,C,C,28,28,,28,TYR,28,50,P04626,50,True,12,12,observed
1N8Z,1,3,target,C,C,29,29,,29,GLN,29,51,P04626,51,True,9,9,observed
1N8Z,1,3,target,C,C,30,30,,30,GLY,30,52,P04626,52,True,4,4,observed
1N8Z,1,3,target,C,C,31,31,,31,CYS,31,53,P04626,53,True,6,6,observed
1N8Z,1,3,target,C,C,32,32,,32,GLN,32,54,P04626,54,True,9,9,observed
1N8Z,1,3,target,C,C,33,33,,33,VAL,33,55,P04626,55,True,7,7,observed
1N8Z,1,3,target,C,C,34,34,,34,VAL,34,56,P04626,56,True,7,7,observed
1N8Z,1,3,target,C,C,35,35,,35,GLN,35,57,P04626,57,True,9,9,observed
1N8Z,1,3,target,C,C,36,36,,36,GLY,36,58,P04626,58,True,4,4,observed
1N8Z,1,3,target,C,C,37,37,,37,ASN,37,59,P04626,59,True,8,8,observed
1N8Z,1,3,target,C,C,38,38,,38,LEU,38,60,P04626,60,True,8,8,observed
1N8Z,1,3,target,C,C,39,39,,39,GLU,39,61,P04626,61,True,9,9,observed
1N8Z,1,3,target,C,C,40,40,,40,LEU,40,62,P04626,62,True,8,8,observed
1N8Z,1,3,target,C,C,41,41,,41,THR,41,63,P04626,63,True,7,7,observed
1N8Z,1,3,target,C,C,42,42,,42,TYR,42,64,P04626,64,True,12,12,observed
1N8Z,1,3,target,C,C,43,43,,43,LEU,43,65,P04626,65,True,8,8,observed
1N8Z,1,3,target,C,C,44,44,,44,PRO,44,66,P04626,66,True,7,7,observed
1N8Z,1,3,target,C,C,45,45,,45,THR,45,67,P04626,67,True,7,7,observed
1N8Z,1,3,target,C,C,46,46,,46,ASN,46,68,P04626,68,True,8,8,observed
1N8Z,1,3,target,C,C,47,47,,47,ALA,47,69,P04626,69,True,5,5,observed
1N8Z,1,3,target,C,C,48,48,,48,SER,48,70,P04626,70,True,6,6,observed
1N8Z,1,3,target,C,C,49,49,,49,LEU,49,71,P04626,71,True,8,8,observed
1N8Z,1,3,target,C,C,50,50,,50,SER,50,72,P04626,72,True,6,6,observed
1N8Z,1,3,target,C,C,51,51,,51,PHE,51,73,P04626,73,True,11,11,observed
1N8Z,1,3,target,C,C,52,52,,52,LEU,52,74,P04626,74,True,8,8,observed
1N8Z,1,3,target,C,C,53,53,,53,GLN,53,75,P04626,75,True,9,9,observed
1N8Z,1,3,target,C,C,54,54,,54,ASP,54,76,P04626,76,True,8,8,observed
1N8Z,1,3,target,C,C,55,55,,55,ILE,55,77,P04626,77,True,8,8,observed
1N8Z,1,3,target,C,C,56,56,,56,GLN,56,78,P04626,78,True,9,9,observed
1N8Z,1,3,target,C,C,57,57,,57,GLU,57,79,P04626,79,True,9,9,observed
1N8Z,1,3,target,C,C,58,58,,58,VAL,58,80,P04626,80,True,7,7,observed
1N8Z,1,3,target,C,C,59,59,,59,GLN,59,81,P04626,81,True,9,9,observed
1N8Z,1,3,target,C,C,60,60,,60,GLY,60,82,P04626,82,True,4,4,observed
1N8Z,1,3,target,C,C,61,61,,61,TYR,61,83,P04626,83,True,12,12,observed
1N8Z,1,3,target,C,C,62,62,,62,VAL,62,84,P04626,84,True,7,7,observed
1N8Z,1,3,target,C,C,63,63,,63,LEU,63,85,P04626,85,True,8,8,observed
1N8Z,1,3,target,C,C,64,64,,64,ILE,64,86,P04626,86,True,8,8,observed
1N8Z,1,3,target,C,C,65,65,,65,ALA,65,87,P04626,87,True,5,5,observed
1N8Z,1,3,target,C,C,66,66,,66,HIS,66,88,P04626,88,True,10,10,observed
1N8Z,1,3,target,C,C,67,67,,67,ASN,67,89,P04626,89,True,8,8,observed
1N8Z,1,3,target,C,C,68,68,,68,GLN,68,90,P04626,90,True,9,9,observed
1N8Z,1,3,target,C,C,69,69,,69,VAL,69,91,P04626,91,True,7,7,observed
1N8Z,1,3,target,C,C,70,70,,70,ARG,70,92,P04626,92,True,11,11,observed
1N8Z,1,3,target,C,C,71,71,,71,GLN,71,93,P04626,93,True,9,9,observed
1N8Z,1,3,target,C,C,72,72,,72,VAL,72,94,P04626,94,True,7,7,observed
1N8Z,1,3,target,C,C,73,73,,73,PRO,73,95,P04626,95,True,7,7,observed
1N8Z,1,3,target,C,C,74,74,,74,LEU,74,96,P04626,96,True,8,8,observed
1N8Z,1,3,target,C,C,75,75,,75,GLN,75,97,P04626,97,True,9,9,observed
1N8Z,1,3,target,C,C,76,76,,76,ARG,76,98,P04626,98,True,11,11,observed
1N8Z,1,3,target,C,C,77,77,,77,LEU,77,99,P04626,99,True,8,8,observed
1N8Z,1,3,target,C,C,78,78,,78,ARG,78,100,P04626,100,True,11,11,observed
1N8Z,1,3,target,C,C,79,79,,79,ILE,79,101,P04626,101,True,8,8,observed
1N8Z,1,3,target,C,C,80,80,,80,VAL,80,102,P04626,102,True,7,7,observed
1N8Z,1,3,target,C,C,81,81,,81,ARG,81,103,P04626,103,True,11,11,observed
1N8Z,1,3,target,C,C,82,82,,82,GLY,82,104,P04626,104,True,4,4,observed
1N8Z,1,3,target,C,C,83,83,,83,THR,83,105,P04626,105,True,7,7,observed
1N8Z,1,3,target,C,C,84,84,,84,GLN,84,106,P04626,106,True,9,9,observed
1N8Z,1,3,target,C,C,85,85,,85,LEU,85,107,P04626,107,True,8,8,observed
1N8Z,1,3,target,C,C,86,86,,86,PHE,86,108,P04626,108,True,11,11,observed
1N8Z,1,3,target,C,C,87,87,,87,GLU,87,109,P04626,109,True,9,9,observed
1N8Z,1,3,target,C,C,88,88,,88,ASP,88,110,P04626,110,True,8,8,observed
1N8Z,1,3,target,C,C,89,89,,89,ASN,89,111,P04626,111,True,8,8,observed
1N8Z,1,3,target,C,C,90,90,,90,TYR,90,112,P04626,112,True,12,12,observed
1N8Z,1,3,target,C,C,91,91,,91,ALA,91,113,P04626,113,True,5,5,observed
1N8Z,1,3,target,C,C,92,92,,92,LEU,92,114,P04626,114,True,8,8,observed
1N8Z,1,3,target,C,C,93,93,,93,ALA,93,115,P04626,115,True,5,5,observed
1N8Z,1,3,target,C,C,94,94,,94,VAL,94,116,P04626,116,True,7,7,observed
1N8Z,1,3,target,C,C,95,95,,95,LEU,95,117,P04626,117,True,8,8,observed
1N8Z,1,3,target,C,C,96,96,,96,ASP,96,118,P04626,118,True,8,8,observed
1N8Z,1,3,target,C,C,97,97,,97,ASN,97,119,P04626,119,True,8,8,observed
1N8Z,1,3,target,C,C,98,98,,98,GLY,98,120,P04626,120,True,4,4,observed
1N8Z,1,3,target,C,C,99,99,,99,ASP,99,121,P04626,121,True,8,8,observed
1N8Z,1,3,target,C,C,100,100,,100,PRO,100,122,P04626,122,True,7,7,observed
1N8Z,1,3,target,C,C,101,101,,101,LEU,101,123,P04626,123,True,8,8,observed
1N8Z,1,3,target,C,C,102,102,,,ASN,102,124,P04626,124,False,0,0,unobserved
1N8Z,1,3,target,C,C,103,103,,,ASN,103,125,P04626,125,False,0,0,unobserved
1N8Z,1,3,target,C,C,104,104,,,THR,104,126,P04626,126,False,0,0,unobserved
1N8Z,1,3,target,C,C,105,105,,,THR,105,127,P04626,127,False,0,0,unobserved
1N8Z,1,3,target,C,C,106,106,,,PRO,106,128,P04626,128,False,0,0,unobserved
1N8Z,1,3,target,C,C,107,107,,,VAL,107,129,P04626,129,False,0,0,unobserved
1N8Z,1,3,target,C,C,108,108,,,THR,108,130,P04626,130,False,0,0,unobserved
1N8Z,1,3,target,C,C,109,109,,,GLY,109,131,P04626,131,False,0,0,unobserved
1N8Z,1,3,target,C,C,110,110,,,ALA,110,132,P04626,132,False,0,0,unobserved
1N8Z,1,3,target,C,C,111,111,,111,SER,111,133,P04626,133,True,6,6,observed
1N8Z,1,3,target,C,C,112,112,,112,PRO,112,134,P04626,134,True,7,7,observed
1N8Z,1,3,target,C,C,113,113,,113,GLY,113,135,P04626,135,True,4,4,observed
1N8Z,1,3,target,C,C,114,114,,114,GLY,114,136,P04626,136,True,4,4,observed
1N8Z,1,3,target,C,C,115,115,,115,LEU,115,137,P04626,137,True,8,8,observed
1N8Z,1,3,target,C,C,116,116,,116,ARG,116,138,P04626,138,True,11,11,observed
1N8Z,1,3,target,C,C,117,117,,117,GLU,117,139,P04626,139,True,9,9,observed
1N8Z,1,3,target,C,C,118,118,,118,LEU,118,140,P04626,140,True,8,8,observed
1N8Z,1,3,target,C,C,119,119,,119,GLN,119,141,P04626,141,True,9,9,observed
1N8Z,1,3,target,C,C,120,120,,120,LEU,120,142,P04626,142,True,8,8,observed
1N8Z,1,3,target,C,C,121,121,,121,ARG,121,143,P04626,143,True,11,11,observed
1N8Z,1,3,target,C,C,122,122,,122,SER,122,144,P04626,144,True,6,6,observed
1N8Z,1,3,target,C,C,123,123,,123,LEU,123,145,P04626,145,True,8,8,observed
1N8Z,1,3,target,C,C,124,124,,124,THR,124,146,P04626,146,True,7,7,observed
1N8Z,1,3,target,C,C,125,125,,125,GLU,125,147,P04626,147,True,9,9,observed
1N8Z,1,3,target,C,C,126,126,,126,ILE,126,148,P04626,148,True,8,8,observed
1N8Z,1,3,target,C,C,127,127,,127,LEU,127,149,P04626,149,True,8,8,observed
1N8Z,1,3,target,C,C,128,128,,128,LYS,128,150,P04626,150,True,9,9,observed
1N8Z,1,3,target,C,C,129,129,,129,GLY,129,151,P04626,151,True,4,4,observed
1N8Z,1,3,target,C,C,130,130,,130,GLY,130,152,P04626,152,True,4,4,observed
1N8Z,1,3,target,C,C,131,131,,131,VAL,131,153,P04626,153,True,7,7,observed
1N8Z,1,3,target,C,C,132,132,,132,LEU,132,154,P04626,154,True,8,8,observed
1N8Z,1,3,target,C,C,133,133,,133,ILE,133,155,P04626,155,True,8,8,observed
1N8Z,1,3,target,C,C,134,134,,134,GLN,134,156,P04626,156,True,9,9,observed
1N8Z,1,3,target,C,C,135,135,,135,ARG,135,157,P04626,157,True,11,11,observed
1N8Z,1,3,target,C,C,136,136,,136,ASN,136,158,P04626,158,True,8,8,observed
1N8Z,1,3,target,C,C,137,137,,137,PRO,137,159,P04626,159,True,7,7,observed
1N8Z,1,3,target,C,C,138,138,,138,GLN,138,160,P04626,160,True,9,9,observed
1N8Z,1,3,target,C,C,139,139,,139,LEU,139,161,P04626,161,True,8,8,observed
1N8Z,1,3,target,C,C,140,140,,140,CYS,140,162,P04626,162,True,6,6,observed
1N8Z,1,3,target,C,C,141,141,,141,TYR,141,163,P04626,163,True,12,12,observed
1N8Z,1,3,target,C,C,142,142,,142,GLN,142,164,P04626,164,True,9,9,observed
1N8Z,1,3,target,C,C,143,143,,143,ASP,143,165,P04626,165,True,8,8,observed
1N8Z,1,3,target,C,C,144,144,,144,THR,144,166,P04626,166,True,7,7,observed
1N8Z,1,3,target,C,C,145,145,,145,ILE,145,167,P04626,167,True,8,8,observed
1N8Z,1,3,target,C,C,146,146,,146,LEU,146,168,P04626,168,True,8,8,observed
1N8Z,1,3,target,C,C,147,147,,147,TRP,147,169,P04626,169,True,14,14,observed
1N8Z,1,3,target,C,C,148,148,,148,LYS,148,170,P04626,170,True,9,9,observed
1N8Z,1,3,target,C,C,149,149,,149,ASP,149,171,P04626,171,True,8,8,observed
1N8Z,1,3,target,C,C,150,150,,150,ILE,150,172,P04626,172,True,8,8,observed
1N8Z,1,3,target,C,C,151,151,,151,PHE,151,173,P04626,173,True,11,11,observed
1N8Z,1,3,target,C,C,152,152,,152,HIS,152,174,P04626,174,True,10,10,observed
1N8Z,1,3,target,C,C,153,153,,153,LYS,153,175,P04626,175,True,9,9,observed
1N8Z,1,3,target,C,C,154,154,,154,ASN,154,176,P04626,176,True,8,8,observed
1N8Z,1,3,target,C,C,155,155,,155,ASN,155,177,P04626,177,True,8,8,observed
1N8Z,1,3,target,C,C,156,156,,156,GLN,156,178,P04626,178,True,9,9,observed
1N8Z,1,3,target,C,C,157,157,,157,LEU,157,179,P04626,179,True,8,8,observed
1N8Z,1,3,target,C,C,158,158,,158,ALA,158,180,P04626,180,True,5,5,observed
1N8Z,1,3,target,C,C,159,159,,159,LEU,159,181,P04626,181,True,8,8,observed
1N8Z,1,3,target,C,C,160,160,,160,THR,160,182,P04626,182,True,7,7,observed
1N8Z,1,3,target,C,C,161,161,,161,LEU,161,183,P04626,183,True,8,8,observed
1N8Z,1,3,target,C,C,162,162,,162,ILE,162,184,P04626,184,True,8,8,observed
1N8Z,1,3,target,C,C,163,163,,163,ASP,163,185,P04626,185,True,8,8,observed
1N8Z,1,3,target,C,C,164,164,,164,THR,164,186,P04626,186,True,7,7,observed
1N8Z,1,3,target,C,C,165,165,,165,ASN,165,187,P04626,187,True,8,8,observed
1N8Z,1,3,target,C,C,166,166,,166,ARG,166,188,P04626,188,True,11,11,observed
1N8Z,1,3,target,C,C,167,167,,167,SER,167,189,P04626,189,True,6,6,observed
1N8Z,1,3,target,C,C,168,168,,168,ARG,168,190,P04626,190,True,11,11,observed
1N8Z,1,3,target,C,C,169,169,,169,ALA,169,191,P04626,191,True,5,5,observed
1N8Z,1,3,target,C,C,170,170,,170,CYS,170,192,P04626,192,True,6,6,observed
1N8Z,1,3,target,C,C,171,171,,171,HIS,171,193,P04626,193,True,10,10,observed
1N8Z,1,3,target,C,C,172,172,,172,PRO,172,194,P04626,194,True,7,7,observed
1N8Z,1,3,target,C,C,173,173,,173,CYS,173,195,P04626,195,True,6,6,observed
1N8Z,1,3,target,C,C,174,174,,174,SER,174,196,P04626,196,True,6,6,observed
1N8Z,1,3,target,C,C,175,175,,175,PRO,175,197,P04626,197,True,7,7,observed
1N8Z,1,3,target,C,C,176,176,,176,MET,176,198,P04626,198,True,8,8,observed
1N8Z,1,3,target,C,C,177,177,,177,CYS,177,199,P04626,199,True,6,6,observed
1N8Z,1,3,target,C,C,178,178,,178,LYS,178,200,P04626,200,True,9,9,observed
1N8Z,1,3,target,C,C,179,179,,179,GLY,179,201,P04626,201,True,4,4,observed
1N8Z,1,3,target,C,C,180,180,,180,SER,180,202,P04626,202,True,6,6,observed
1N8Z,1,3,target,C,C,181,181,,181,ARG,181,203,P04626,203,True,11,11,observed
1N8Z,1,3,target,C,C,182,182,,182,CYS,182,204,P04626,204,True,6,6,observed
1N8Z,1,3,target,C,C,183,183,,183,TRP,183,205,P04626,205,True,14,14,observed
1N8Z,1,3,target,C,C,184,184,,184,GLY,184,206,P04626,206,True,4,4,observed
1N8Z,1,3,target,C,C,185,185,,185,GLU,185,207,P04626,207,True,9,9,observed
1N8Z,1,3,target,C,C,186,186,,186,SER,186,208,P04626,208,True,6,6,observed
1N8Z,1,3,target,C,C,187,187,,187,SER,187,209,P04626,209,True,6,6,observed
1N8Z,1,3,target,C,C,188,188,,188,GLU,188,210,P04626,210,True,9,9,observed
1N8Z,1,3,target,C,C,189,189,,189,ASP,189,211,P04626,211,True,8,8,observed
1N8Z,1,3,target,C,C,190,190,,190,CYS,190,212,P04626,212,True,6,6,observed
1N8Z,1,3,target,C,C,191,191,,191,GLN,191,213,P04626,213,True,9,9,observed
1N8Z,1,3,target,C,C,192,192,,192,SER,192,214,P04626,214,True,6,6,observed
1N8Z,1,3,target,C,C,193,193,,193,LEU,193,215,P04626,215,True,8,8,observed
1N8Z,1,3,target,C,C,194,194,,194,THR,194,216,P04626,216,True,7,7,observed
1N8Z,1,3,target,C,C,195,195,,195,ARG,195,217,P04626,217,True,11,11,observed
1N8Z,1,3,target,C,C,196,196,,196,THR,196,218,P04626,218,True,7,7,observed
1N8Z,1,3,target,C,C,197,197,,197,VAL,197,219,P04626,219,True,7,7,observed
1N8Z,1,3,target,C,C,198,198,,198,CYS,198,220,P04626,220,True,6,6,observed
1N8Z,1,3,target,C,C,199,199,,199,ALA,199,221,P04626,221,True,5,5,observed
1N8Z,1,3,target,C,C,200,200,,200,GLY,200,222,P04626,222,True,4,4,observed
1N8Z,1,3,target,C,C,201,201,,201,GLY,201,223,P04626,223,True,4,4,observed
1N8Z,1,3,target,C,C,202,202,,202,CYS,202,224,P04626,224,True,6,6,observed
1N8Z,1,3,target,C,C,203,203,,203,ALA,203,225,P04626,225,True,5,5,observed
1N8Z,1,3,target,C,C,204,204,,204,ARG,204,226,P04626,226,True,11,11,observed
1N8Z,1,3,target,C,C,205,205,,205,CYS,205,227,P04626,227,True,6,6,observed
1N8Z,1,3,target,C,C,206,206,,206,LYS,206,228,P04626,228,True,9,9,observed
1N8Z,1,3,target,C,C,207,207,,207,GLY,207,229,P04626,229,True,4,4,observed
1N8Z,1,3,target,C,C,208,208,,208,PRO,208,230,P04626,230,True,7,7,observed
1N8Z,1,3,target,C,C,209,209,,209,LEU,209,231,P04626,231,True,8,8,observed
1N8Z,1,3,target,C,C,210,210,,210,PRO,210,232,P04626,232,True,7,7,observed
1N8Z,1,3,target,C,C,211,211,,211,THR,211,233,P04626,233,True,7,7,observed
1N8Z,1,3,target,C,C,212,212,,212,ASP,212,234,P04626,234,True,8,8,observed
1N8Z,1,3,target,C,C,213,213,,213,CYS,213,235,P04626,235,True,6,6,observed
1N8Z,1,3,target,C,C,214,214,,214,CYS,214,236,P04626,236,True,6,6,observed
1N8Z,1,3,target,C,C,215,215,,215,HIS,215,237,P04626,237,True,10,10,observed
1N8Z,1,3,target,C,C,216,216,,216,GLU,216,238,P04626,238,True,9,9,observed
1N8Z,1,3,target,C,C,217,217,,217,GLN,217,239,P04626,239,True,9,9,observed
1N8Z,1,3,target,C,C,218,218,,218,CYS,218,240,P04626,240,True,6,6,observed
1N8Z,1,3,target,C,C,219,219,,219,ALA,219,241,P04626,241,True,5,5,observed
1N8Z,1,3,target,C,C,220,220,,220,ALA,220,242,P04626,242,True,5,5,observed
1N8Z,1,3,target,C,C,221,221,,221,GLY,221,243,P04626,243,True,4,4,observed
1N8Z,1,3,target,C,C,222,222,,222,CYS,222,244,P04626,244,True,6,6,observed
1N8Z,1,3,target,C,C,223,223,,223,THR,223,245,P04626,245,True,7,7,observed
1N8Z,1,3,target,C,C,224,224,,224,GLY,224,246,P04626,246,True,4,4,observed
1N8Z,1,3,target,C,C,225,225,,225,PRO,225,247,P04626,247,True,7,7,observed
1N8Z,1,3,target,C,C,226,226,,226,LYS,226,248,P04626,248,True,9,9,observed
1N8Z,1,3,target,C,C,227,227,,227,HIS,227,249,P04626,249,True,10,10,observed
1N8Z,1,3,target,C,C,228,228,,228,SER,228,250,P04626,250,True,6,6,observed
1N8Z,1,3,target,C,C,229,229,,229,ASP,229,251,P04626,251,True,8,8,observed
1N8Z,1,3,target,C,C,230,230,,230,CYS,230,252,P04626,252,True,6,6,observed
1N8Z,1,3,target,C,C,231,231,,231,LEU,231,253,P04626,253,True,8,8,observed
1N8Z,1,3,target,C,C,232,232,,232,ALA,232,254,P04626,254,True,5,5,observed
1N8Z,1,3,target,C,C,233,233,,233,CYS,233,255,P04626,255,True,6,6,observed
1N8Z,1,3,target,C,C,234,234,,234,LEU,234,256,P04626,256,True,8,8,observed
1N8Z,1,3,target,C,C,235,235,,235,HIS,235,257,P04626,257,True,10,10,observed
1N8Z,1,3,target,C,C,236,236,,236,PHE,236,258,P04626,258,True,11,11,observed
1N8Z,1,3,target,C,C,237,237,,237,ASN,237,259,P04626,259,True,8,8,observed
1N8Z,1,3,target,C,C,238,238,,238,HIS,238,260,P04626,260,True,10,10,observed
1N8Z,1,3,target,C,C,239,239,,239,SER,239,261,P04626,261,True,6,6,observed
1N8Z,1,3,target,C,C,240,240,,240,GLY,240,262,P04626,262,True,4,4,observed
1N8Z,1,3,target,C,C,241,241,,241,ILE,241,263,P04626,263,True,8,8,observed
1N8Z,1,3,target,C,C,242,242,,242,CYS,242,264,P04626,264,True,6,6,observed
1N8Z,1,3,target,C,C,243,243,,243,GLU,243,265,P04626,265,True,9,9,observed
1N8Z,1,3,target,C,C,244,244,,244,LEU,244,266,P04626,266,True,8,8,observed
1N8Z,1,3,target,C,C,245,245,,245,HIS,245,267,P04626,267,True,10,10,observed
1N8Z,1,3,target,C,C,246,246,,246,CYS,246,268,P04626,268,True,6,6,observed
1N8Z,1,3,target,C,C,247,247,,247,PRO,247,269,P04626,269,True,7,7,observed
1N8Z,1,3,target,C,C,248,248,,248,ALA,248,270,P04626,270,True,5,5,observed
1N8Z,1,3,target,C,C,249,249,,249,LEU,249,271,P04626,271,True,8,8,observed
1N8Z,1,3,target,C,C,250,250,,250,VAL,250,272,P04626,272,True,7,7,observed
1N8Z,1,3,target,C,C,251,251,,251,THR,251,273,P04626,273,True,7,7,observed
1N8Z,1,3,target,C,C,252,252,,252,TYR,252,274,P04626,274,True,12,12,observed
1N8Z,1,3,target,C,C,253,253,,253,ASN,253,275,P04626,275,True,8,8,observed
1N8Z,1,3,target,C,C,254,254,,254,THR,254,276,P04626,276,True,7,7,observed
1N8Z,1,3,target,C,C,255,255,,255,ASP,255,277,P04626,277,True,8,8,observed
1N8Z,1,3,target,C,C,256,256,,256,THR,256,278,P04626,278,True,7,7,observed
1N8Z,1,3,target,C,C,257,257,,257,PHE,257,279,P04626,279,True,11,11,observed
1N8Z,1,3,target,C,C,258,258,,258,GLU,258,280,P04626,280,True,9,9,observed
1N8Z,1,3,target,C,C,259,259,,259,SER,259,281,P04626,281,True,6,6,observed
1N8Z,1,3,target,C,C,260,260,,260,MET,260,282,P04626,282,True,8,8,observed
1N8Z,1,3,target,C,C,261,261,,261,PRO,261,283,P04626,283,True,7,7,observed
1N8Z,1,3,target,C,C,262,262,,262,ASN,262,284,P04626,284,True,8,8,observed
1N8Z,1,3,target,C,C,263,263,,263,PRO,263,285,P04626,285,True,7,7,observed
1N8Z,1,3,target,C,C,264,264,,264,GLU,264,286,P04626,286,True,9,9,observed
1N8Z,1,3,target,C,C,265,265,,265,GLY,265,287,P04626,287,True,4,4,observed
1N8Z,1,3,target,C,C,266,266,,266,ARG,266,288,P04626,288,True,11,11,observed
1N8Z,1,3,target,C,C,267,267,,267,TYR,267,289,P04626,289,True,12,12,observed
1N8Z,1,3,target,C,C,268,268,,268,THR,268,290,P04626,290,True,7,7,observed
1N8Z,1,3,target,C,C,269,269,,269,PHE,269,291,P04626,291,True,11,11,observed
1N8Z,1,3,target,C,C,270,270,,270,GLY,270,292,P04626,292,True,4,4,observed
1N8Z,1,3,target,C,C,271,271,,271,ALA,271,293,P04626,293,True,5,5,observed
1N8Z,1,3,target,C,C,272,272,,272,SER,272,294,P04626,294,True,6,6,observed
1N8Z,1,3,target,C,C,273,273,,273,CYS,273,295,P04626,295,True,6,6,observed
1N8Z,1,3,target,C,C,274,274,,274,VAL,274,296,P04626,296,True,7,7,observed
1N8Z,1,3,target,C,C,275,275,,275,THR,275,297,P04626,297,True,7,7,observed
1N8Z,1,3,target,C,C,276,276,,276,ALA,276,298,P04626,298,True,5,5,observed
1N8Z,1,3,target,C,C,277,277,,277,CYS,277,299,P04626,299,True,6,6,observed
1N8Z,1,3,target,C,C,278,278,,278,PRO,278,300,P04626,300,True,7,7,observed
1N8Z,1,3,target,C,C,279,279,,279,TYR,279,301,P04626,301,True,12,12,observed
1N8Z,1,3,target,C,C,280,280,,280,ASN,280,302,P04626,302,True,8,8,observed
1N8Z,1,3,target,C,C,281,281,,281,TYR,281,303,P04626,303,True,12,12,observed
1N8Z,1,3,target,C,C,282,282,,282,LEU,282,304,P04626,304,True,8,8,observed
1N8Z,1,3,target,C,C,283,283,,283,SER,283,305,P04626,305,True,6,6,observed
1N8Z,1,3,target,C,C,284,284,,284,THR,284,306,P04626,306,True,7,7,observed
1N8Z,1,3,target,C,C,285,285,,285,ASP,285,307,P04626,307,True,8,8,observed
1N8Z,1,3,target,C,C,286,286,,286,VAL,286,308,P04626,308,True,7,7,observed
1N8Z,1,3,target,C,C,287,287,,287,GLY,287,309,P04626,309,True,4,4,observed
1N8Z,1,3,target,C,C,288,288,,288,SER,288,310,P04626,310,True,6,6,observed
1N8Z,1,3,target,C,C,289,289,,289,CYS,289,311,P04626,311,True,6,6,observed
1N8Z,1,3,target,C,C,290,290,,290,THR,290,312,P04626,312,True,7,7,observed
1N8Z,1,3,target,C,C,291,291,,291,LEU,291,313,P04626,313,True,8,8,observed
1N8Z,1,3,target,C,C,292,292,,292,VAL,292,314,P04626,314,True,7,7,observed
1N8Z,1,3,target,C,C,293,293,,293,CYS,293,315,P04626,315,True,6,6,observed
1N8Z,1,3,target,C,C,294,294,,294,PRO,294,316,P04626,316,True,7,7,observed
1N8Z,1,3,target,C,C,295,295,,295,LEU,295,317,P04626,317,True,8,8,observed
1N8Z,1,3,target,C,C,296,296,,296,HIS,296,318,P04626,318,True,10,10,observed
1N8Z,1,3,target,C,C,297,297,,297,ASN,297,319,P04626,319,True,8,8,observed
1N8Z,1,3,target,C,C,298,298,,298,GLN,298,320,P04626,320,True,9,9,observed
1N8Z,1,3,target,C,C,299,299,,299,GLU,299,321,P04626,321,True,9,9,observed
1N8Z,1,3,target,C,C,300,300,,300,VAL,300,322,P04626,322,True,7,7,observed
1N8Z,1,3,target,C,C,301,301,,301,THR,301,323,P04626,323,True,7,7,observed
1N8Z,1,3,target,C,C,302,302,,302,ALA,302,324,P04626,324,True,5,5,observed
1N8Z,1,3,target,C,C,303,303,,,GLU,303,325,P04626,325,False,0,0,unobserved
1N8Z,1,3,target,C,C,304,304,,,ASP,304,326,P04626,326,False,0,0,unobserved
1N8Z,1,3,target,C,C,305,305,,,GLY,305,327,P04626,327,False,0,0,unobserved
1N8Z,1,3,target,C,C,306,306,,306,THR,306,328,P04626,328,True,7,7,observed
1N8Z,1,3,target,C,C,307,307,,307,GLN,307,329,P04626,329,True,9,9,observed
1N8Z,1,3,target,C,C,308,308,,308,ARG,308,330,P04626,330,True,11,11,observed
1N8Z,1,3,target,C,C,309,309,,309,CYS,309,331,P04626,331,True,6,6,observed
1N8Z,1,3,target,C,C,310,310,,310,GLU,310,332,P04626,332,True,9,9,observed
1N8Z,1,3,target,C,C,311,311,,311,LYS,311,333,P04626,333,True,9,9,observed
1N8Z,1,3,target,C,C,312,312,,312,CYS,312,334,P04626,334,True,6,6,observed
1N8Z,1,3,target,C,C,313,313,,313,SER,313,335,P04626,335,True,6,6,observed
1N8Z,1,3,target,C,C,314,314,,314,LYS,314,336,P04626,336,True,9,9,observed
1N8Z,1,3,target,C,C,315,315,,315,PRO,315,337,P04626,337,True,7,7,observed
1N8Z,1,3,target,C,C,316,316,,316,CYS,316,338,P04626,338,True,6,6,observed
1N8Z,1,3,target,C,C,317,317,,317,ALA,317,339,P04626,339,True,5,5,observed
1N8Z,1,3,target,C,C,318,318,,318,ARG,318,340,P04626,340,True,11,11,observed
1N8Z,1,3,target,C,C,319,319,,319,VAL,319,341,P04626,341,True,7,7,observed
1N8Z,1,3,target,C,C,320,320,,320,CYS,320,342,P04626,342,True,6,6,observed
1N8Z,1,3,target,C,C,321,321,,321,TYR,321,343,P04626,343,True,12,12,observed
1N8Z,1,3,target,C,C,322,322,,322,GLY,322,344,P04626,344,True,4,4,observed
1N8Z,1,3,target,C,C,323,323,,323,LEU,323,345,P04626,345,True,8,8,observed
1N8Z,1,3,target,C,C,324,324,,324,GLY,324,346,P04626,346,True,4,4,observed
1N8Z,1,3,target,C,C,325,325,,325,MET,325,347,P04626,347,True,8,8,observed
1N8Z,1,3,target,C,C,326,326,,326,GLU,326,348,P04626,348,True,9,9,observed
1N8Z,1,3,target,C,C,327,327,,327,HIS,327,349,P04626,349,True,10,10,observed
1N8Z,1,3,target,C,C,328,328,,328,LEU,328,350,P04626,350,True,8,8,observed
1N8Z,1,3,target,C,C,329,329,,329,ARG,329,351,P04626,351,True,11,11,observed
1N8Z,1,3,target,C,C,330,330,,330,GLU,330,352,P04626,352,True,9,9,observed
1N8Z,1,3,target,C,C,331,331,,331,VAL,331,353,P04626,353,True,7,7,observed
1N8Z,1,3,target,C,C,332,332,,332,ARG,332,354,P04626,354,True,11,11,observed
1N8Z,1,3,target,C,C,333,333,,333,ALA,333,355,P04626,355,True,5,5,observed
1N8Z,1,3,target,C,C,334,334,,334,VAL,334,356,P04626,356,True,7,7,observed
1N8Z,1,3,target,C,C,335,335,,335,THR,335,357,P04626,357,True,7,7,observed
1N8Z,1,3,target,C,C,336,336,,336,SER,336,358,P04626,358,True,6,6,observed
1N8Z,1,3,target,C,C,337,337,,337,ALA,337,359,P04626,359,True,5,5,observed
1N8Z,1,3,target,C,C,338,338,,338,ASN,338,360,P04626,360,True,8,8,observed
1N8Z,1,3,target,C,C,339,339,,339,ILE,339,361,P04626,361,True,8,8,observed
1N8Z,1,3,target,C,C,340,340,,340,GLN,340,362,P04626,362,True,9,9,observed
1N8Z,1,3,target,C,C,341,341,,341,GLU,341,363,P04626,363,True,9,9,observed
1N8Z,1,3,target,C,C,342,342,,342,PHE,342,364,P04626,364,True,11,11,observed
1N8Z,1,3,target,C,C,343,343,,343,ALA,343,365,P04626,365,True,5,5,observed
1N8Z,1,3,target,C,C,344,344,,344,GLY,344,366,P04626,366,True,4,4,observed
1N8Z,1,3,target,C,C,345,345,,345,CYS,345,367,P04626,367,True,6,6,observed
1N8Z,1,3,target,C,C,346,346,,346,LYS,346,368,P04626,368,True,9,9,observed
1N8Z,1,3,target,C,C,347,347,,347,LYS,347,369,P04626,369,True,9,9,observed
1N8Z,1,3,target,C,C,348,348,,348,ILE,348,370,P04626,370,True,8,8,observed
1N8Z,1,3,target,C,C,349,349,,349,PHE,349,371,P04626,371,True,11,11,observed
1N8Z,1,3,target,C,C,350,350,,350,GLY,350,372,P04626,372,True,4,4,observed
1N8Z,1,3,target,C,C,351,351,,351,SER,351,373,P04626,373,True,6,6,observed
1N8Z,1,3,target,C,C,352,352,,352,LEU,352,374,P04626,374,True,8,8,observed
1N8Z,1,3,target,C,C,353,353,,353,ALA,353,375,P04626,375,True,5,5,observed
1N8Z,1,3,target,C,C,354,354,,354,PHE,354,376,P04626,376,True,11,11,observed
1N8Z,1,3,target,C,C,355,355,,355,LEU,355,377,P04626,377,True,8,8,observed
1N8Z,1,3,target,C,C,356,356,,356,PRO,356,378,P04626,378,True,7,7,observed
1N8Z,1,3,target,C,C,357,357,,357,GLU,357,379,P04626,379,True,9,9,observed
1N8Z,1,3,target,C,C,358,358,,358,SER,358,380,P04626,380,True,6,6,observed
1N8Z,1,3,target,C,C,359,359,,359,PHE,359,381,P04626,381,True,11,11,observed
1N8Z,1,3,target,C,C,360,360,,360,ASP,360,382,P04626,382,True,8,8,observed
1N8Z,1,3,target,C,C,361,361,,,GLY,361,383,P04626,383,False,0,0,unobserved
1N8Z,1,3,target,C,C,362,362,,,ASP,362,384,P04626,384,False,0,0,unobserved
1N8Z,1,3,target,C,C,363,363,,,PRO,363,385,P04626,385,False,0,0,unobserved
1N8Z,1,3,target,C,C,364,364,,,ALA,364,386,P04626,386,False,0,0,unobserved
1N8Z,1,3,target,C,C,365,365,,365,SER,365,387,P04626,387,True,6,6,observed
1N8Z,1,3,target,C,C,366,366,,366,ASN,366,388,P04626,388,True,8,8,observed
1N8Z,1,3,target,C,C,367,367,,367,THR,367,389,P04626,389,True,7,7,observed
1N8Z,1,3,target,C,C,368,368,,368,ALA,368,390,P04626,390,True,5,5,observed
1N8Z,1,3,target,C,C,369,369,,369,PRO,369,391,P04626,391,True,7,7,observed
1N8Z,1,3,target,C,C,370,370,,370,LEU,370,392,P04626,392,True,8,8,observed
1N8Z,1,3,target,C,C,371,371,,371,GLN,371,393,P04626,393,True,9,9,observed
1N8Z,1,3,target,C,C,372,372,,372,PRO,372,394,P04626,394,True,7,7,observed
1N8Z,1,3,target,C,C,373,373,,373,GLU,373,395,P04626,395,True,9,9,observed
1N8Z,1,3,target,C,C,374,374,,374,GLN,374,396,P04626,396,True,9,9,observed
1N8Z,1,3,target,C,C,375,375,,375,LEU,375,397,P04626,397,True,8,8,observed
1N8Z,1,3,target,C,C,376,376,,376,GLN,376,398,P04626,398,True,9,9,observed
1N8Z,1,3,target,C,C,377,377,,377,VAL,377,399,P04626,399,True,7,7,observed
1N8Z,1,3,target,C,C,378,378,,378,PHE,378,400,P04626,400,True,11,11,observed
1N8Z,1,3,target,C,C,379,379,,379,GLU,379,401,P04626,401,True,9,9,observed
1N8Z,1,3,target,C,C,380,380,,380,THR,380,402,P04626,402,True,7,7,observed
1N8Z,1,3,target,C,C,381,381,,381,LEU,381,403,P04626,403,True,8,8,observed
1N8Z,1,3,target,C,C,382,382,,382,GLU,382,404,P04626,404,True,9,9,observed
1N8Z,1,3,target,C,C,383,383,,383,GLU,383,405,P04626,405,True,9,9,observed
1N8Z,1,3,target,C,C,384,384,,384,ILE,384,406,P04626,406,True,8,8,observed
1N8Z,1,3,target,C,C,385,385,,385,THR,385,407,P04626,407,True,7,7,observed
1N8Z,1,3,target,C,C,386,386,,386,GLY,386,408,P04626,408,True,4,4,observed
1N8Z,1,3,target,C,C,387,387,,387,TYR,387,409,P04626,409,True,12,12,observed
1N8Z,1,3,target,C,C,388,388,,388,LEU,388,410,P04626,410,True,8,8,observed
1N8Z,1,3,target,C,C,389,389,,389,TYR,389,411,P04626,411,True,12,12,observed
1N8Z,1,3,target,C,C,390,390,,390,ILE,390,412,P04626,412,True,8,8,observed
1N8Z,1,3,target,C,C,391,391,,391,SER,391,413,P04626,413,True,6,6,observed
1N8Z,1,3,target,C,C,392,392,,392,ALA,392,414,P04626,414,True,5,5,observed
1N8Z,1,3,target,C,C,393,393,,393,TRP,393,415,P04626,415,True,14,14,observed
1N8Z,1,3,target,C,C,394,394,,394,PRO,394,416,P04626,416,True,7,7,observed
1N8Z,1,3,target,C,C,395,395,,395,ASP,395,417,P04626,417,True,8,8,observed
1N8Z,1,3,target,C,C,396,396,,396,SER,396,418,P04626,418,True,6,6,observed
1N8Z,1,3,target,C,C,397,397,,397,LEU,397,419,P04626,419,True,8,8,observed
1N8Z,1,3,target,C,C,398,398,,398,PRO,398,420,P04626,420,True,7,7,observed
1N8Z,1,3,target,C,C,399,399,,399,ASP,399,421,P04626,421,True,8,8,observed
1N8Z,1,3,target,C,C,400,400,,400,LEU,400,422,P04626,422,True,8,8,observed
1N8Z,1,3,target,C,C,401,401,,401,SER,401,423,P04626,423,True,6,6,observed
1N8Z,1,3,target,C,C,402,402,,402,VAL,402,424,P04626,424,True,7,7,observed
1N8Z,1,3,target,C,C,403,403,,403,PHE,403,425,P04626,425,True,11,11,observed
1N8Z,1,3,target,C,C,404,404,,404,GLN,404,426,P04626,426,True,9,9,observed
1N8Z,1,3,target,C,C,405,405,,405,ASN,405,427,P04626,427,True,8,8,observed
1N8Z,1,3,target,C,C,406,406,,406,LEU,406,428,P04626,428,True,8,8,observed
1N8Z,1,3,target,C,C,407,407,,407,GLN,407,429,P04626,429,True,9,9,observed
1N8Z,1,3,target,C,C,408,408,,408,VAL,408,430,P04626,430,True,7,7,observed
1N8Z,1,3,target,C,C,409,409,,409,ILE,409,431,P04626,431,True,8,8,observed
1N8Z,1,3,target,C,C,410,410,,410,ARG,410,432,P04626,432,True,11,11,observed
1N8Z,1,3,target,C,C,411,411,,411,GLY,411,433,P04626,433,True,4,4,observed
1N8Z,1,3,target,C,C,412,412,,412,ARG,412,434,P04626,434,True,11,11,observed
1N8Z,1,3,target,C,C,413,413,,413,ILE,413,435,P04626,435,True,8,8,observed
1N8Z,1,3,target,C,C,414,414,,414,LEU,414,436,P04626,436,True,8,8,observed
1N8Z,1,3,target,C,C,415,415,,415,HIS,415,437,P04626,437,True,10,10,observed
1N8Z,1,3,target,C,C,416,416,,416,ASN,416,438,P04626,438,True,8,8,observed
1N8Z,1,3,target,C,C,417,417,,417,GLY,417,439,P04626,439,True,4,4,observed
1N8Z,1,3,target,C,C,418,418,,418,ALA,418,440,P04626,440,True,5,5,observed
1N8Z,1,3,target,C,C,419,419,,419,TYR,419,441,P04626,441,True,12,12,observed
1N8Z,1,3,target,C,C,420,420,,420,SER,420,442,P04626,442,True,6,6,observed
1N8Z,1,3,target,C,C,421,421,,421,LEU,421,443,P04626,443,True,8,8,observed
1N8Z,1,3,target,C,C,422,422,,422,THR,422,444,P04626,444,True,7,7,observed
1N8Z,1,3,target,C,C,423,423,,423,LEU,423,445,P04626,445,True,8,8,observed
1N8Z,1,3,target,C,C,424,424,,424,GLN,424,446,P04626,446,True,9,9,observed
1N8Z,1,3,target,C,C,425,425,,425,GLY,425,447,P04626,447,True,4,4,observed
1N8Z,1,3,target,C,C,426,426,,426,LEU,426,448,P04626,448,True,8,8,observed
1N8Z,1,3,target,C,C,427,427,,427,GLY,427,449,P04626,449,True,4,4,observed
1N8Z,1,3,target,C,C,428,428,,428,ILE,428,450,P04626,450,True,8,8,observed
1N8Z,1,3,target,C,C,429,429,,429,SER,429,451,P04626,451,True,6,6,observed
1N8Z,1,3,target,C,C,430,430,,430,TRP,430,452,P04626,452,True,14,14,observed
1N8Z,1,3,target,C,C,431,431,,431,LEU,431,453,P04626,453,True,8,8,observed
1N8Z,1,3,target,C,C,432,432,,432,GLY,432,454,P04626,454,True,4,4,observed
1N8Z,1,3,target,C,C,433,433,,433,LEU,433,455,P04626,455,True,8,8,observed
1N8Z,1,3,target,C,C,434,434,,434,ARG,434,456,P04626,456,True,11,11,observed
1N8Z,1,3,target,C,C,435,435,,435,SER,435,457,P04626,457,True,6,6,observed
1N8Z,1,3,target,C,C,436,436,,436,LEU,436,458,P04626,458,True,8,8,observed
1N8Z,1,3,target,C,C,437,437,,437,ARG,437,459,P04626,459,True,11,11,observed
1N8Z,1,3,target,C,C,438,438,,438,GLU,438,460,P04626,460,True,9,9,observed
1N8Z,1,3,target,C,C,439,439,,439,LEU,439,461,P04626,461,True,8,8,observed
1N8Z,1,3,target,C,C,440,440,,440,GLY,440,462,P04626,462,True,4,4,observed
1N8Z,1,3,target,C,C,441,441,,441,SER,441,463,P04626,463,True,6,6,observed
1N8Z,1,3,target,C,C,442,442,,442,GLY,442,464,P04626,464,True,4,4,observed
1N8Z,1,3,target,C,C,443,443,,443,LEU,443,465,P04626,465,True,8,8,observed
1N8Z,1,3,target,C,C,444,444,,444,ALA,444,466,P04626,466,True,5,5,observed
1N8Z,1,3,target,C,C,445,445,,445,LEU,445,467,P04626,467,True,8,8,observed
1N8Z,1,3,target,C,C,446,446,,446,ILE,446,468,P04626,468,True,8,8,observed
1N8Z,1,3,target,C,C,447,447,,447,HIS,447,469,P04626,469,True,10,10,observed
1N8Z,1,3,target,C,C,448,448,,448,HIS,448,470,P04626,470,True,10,10,observed
1N8Z,1,3,target,C,C,449,449,,449,ASN,449,471,P04626,471,True,8,8,observed
1N8Z,1,3,target,C,C,450,450,,450,THR,450,472,P04626,472,True,7,7,observed
1N8Z,1,3,target,C,C,451,451,,451,HIS,451,473,P04626,473,True,10,10,observed
1N8Z,1,3,target,C,C,452,452,,452,LEU,452,474,P04626,474,True,8,8,observed
1N8Z,1,3,target,C,C,453,453,,453,CYS,453,475,P04626,475,True,6,6,observed
1N8Z,1,3,target,C,C,454,454,,454,PHE,454,476,P04626,476,True,11,11,observed
1N8Z,1,3,target,C,C,455,455,,455,VAL,455,477,P04626,477,True,7,7,observed
1N8Z,1,3,target,C,C,456,456,,456,HIS,456,478,P04626,478,True,10,10,observed
1N8Z,1,3,target,C,C,457,457,,457,THR,457,479,P04626,479,True,7,7,observed
1N8Z,1,3,target,C,C,458,458,,458,VAL,458,480,P04626,480,True,7,7,observed
1N8Z,1,3,target,C,C,459,459,,459,PRO,459,481,P04626,481,True,7,7,observed
1N8Z,1,3,target,C,C,460,460,,460,TRP,460,482,P04626,482,True,14,14,observed
1N8Z,1,3,target,C,C,461,461,,461,ASP,461,483,P04626,483,True,8,8,observed
1N8Z,1,3,target,C,C,462,462,,462,GLN,462,484,P04626,484,True,9,9,observed
1N8Z,1,3,target,C,C,463,463,,463,LEU,463,485,P04626,485,True,8,8,observed
1N8Z,1,3,target,C,C,464,464,,464,PHE,464,486,P04626,486,True,11,11,observed
1N8Z,1,3,target,C,C,465,465,,465,ARG,465,487,P04626,487,True,11,11,observed
1N8Z,1,3,target,C,C,466,466,,466,ASN,466,488,P04626,488,True,8,8,observed
1N8Z,1,3,target,C,C,467,467,,467,PRO,467,489,P04626,489,True,7,7,observed
1N8Z,1,3,target,C,C,468,468,,468,HIS,468,490,P04626,490,True,10,10,observed
1N8Z,1,3,target,C,C,469,469,,469,GLN,469,491,P04626,491,True,9,9,observed
1N8Z,1,3,target,C,C,470,470,,470,ALA,470,492,P04626,492,True,5,5,observed
1N8Z,1,3,target,C,C,471,471,,471,LEU,471,493,P04626,493,True,8,8,observed
1N8Z,1,3,target,C,C,472,472,,472,LEU,472,494,P04626,494,True,8,8,observed
1N8Z,1,3,target,C,C,473,473,,473,HIS,473,495,P04626,495,True,10,10,observed
1N8Z,1,3,target,C,C,474,474,,474,THR,474,496,P04626,496,True,7,7,observed
1N8Z,1,3,target,C,C,475,475,,475,ALA,475,497,P04626,497,True,5,5,observed
1N8Z,1,3,target,C,C,476,476,,476,ASN,476,498,P04626,498,True,8,8,observed
1N8Z,1,3,target,C,C,477,477,,477,ARG,477,499,P04626,499,True,11,11,observed
1N8Z,1,3,target,C,C,478,478,,478,PRO,478,500,P04626,500,True,7,7,observed
1N8Z,1,3,target,C,C,479,479,,479,GLU,479,501,P04626,501,True,9,9,observed
1N8Z,1,3,target,C,C,480,480,,480,ASP,480,502,P04626,502,True,8,8,observed
1N8Z,1,3,target,C,C,481,481,,481,GLU,481,503,P04626,503,True,9,9,observed
1N8Z,1,3,target,C,C,482,482,,482,CYS,482,504,P04626,504,True,6,6,observed
1N8Z,1,3,target,C,C,483,483,,483,VAL,483,505,P04626,505,True,7,7,observed
1N8Z,1,3,target,C,C,484,484,,484,GLY,484,506,P04626,506,True,4,4,observed
1N8Z,1,3,target,C,C,485,485,,485,GLU,485,507,P04626,507,True,9,9,observed
1N8Z,1,3,target,C,C,486,486,,486,GLY,486,508,P04626,508,True,4,4,observed
1N8Z,1,3,target,C,C,487,487,,487,LEU,487,509,P04626,509,True,8,8,observed
1N8Z,1,3,target,C,C,488,488,,488,ALA,488,510,P04626,510,True,5,5,observed
1N8Z,1,3,target,C,C,489,489,,489,CYS,489,511,P04626,511,True,6,6,observed
1N8Z,1,3,target,C,C,490,490,,490,HIS,490,512,P04626,512,True,10,10,observed
1N8Z,1,3,target,C,C,491,491,,491,GLN,491,513,P04626,513,True,9,9,observed
1N8Z,1,3,target,C,C,492,492,,492,LEU,492,514,P04626,514,True,8,8,observed
1N8Z,1,3,target,C,C,493,493,,493,CYS,493,515,P04626,515,True,6,6,observed
1N8Z,1,3,target,C,C,494,494,,494,ALA,494,516,P04626,516,True,5,5,observed
1N8Z,1,3,target,C,C,495,495,,495,ARG,495,517,P04626,517,True,11,11,observed
1N8Z,1,3,target,C,C,496,496,,496,GLY,496,518,P04626,518,True,4,4,observed
1N8Z,1,3,target,C,C,497,497,,497,HIS,497,519,P04626,519,True,10,10,observed
1N8Z,1,3,target,C,C,498,498,,498,CYS,498,520,P04626,520,True,6,6,observed
1N8Z,1,3,target,C,C,499,499,,499,TRP,499,521,P04626,521,True,14,14,observed
1N8Z,1,3,target,C,C,500,500,,500,GLY,500,522,P04626,522,True,4,4,observed
1N8Z,1,3,target,C,C,501,501,,501,PRO,501,523,P04626,523,True,7,7,observed
1N8Z,1,3,target,C,C,502,502,,502,GLY,502,524,P04626,524,True,4,4,observed
1N8Z,1,3,target,C,C,503,503,,503,PRO,503,525,P04626,525,True,7,7,observed
1N8Z,1,3,target,C,C,504,504,,504,THR,504,526,P04626,526,True,7,7,observed
1N8Z,1,3,target,C,C,505,505,,505,GLN,505,527,P04626,527,True,9,9,observed
1N8Z,1,3,target,C,C,506,506,,506,CYS,506,528,P04626,528,True,6,6,observed
1N8Z,1,3,target,C,C,507,507,,507,VAL,507,529,P04626,529,True,7,7,observed
1N8Z,1,3,target,C,C,508,508,,508,ASN,508,530,P04626,530,True,8,8,observed
1N8Z,1,3,target,C,C,509,509,,509,CYS,509,531,P04626,531,True,6,6,observed
1N8Z,1,3,target,C,C,510,510,,510,SER,510,532,P04626,532,True,6,6,observed
1N8Z,1,3,target,C,C,511,511,,511,GLN,511,533,P04626,533,True,9,9,observed
1N8Z,1,3,target,C,C,512,512,,512,PHE,512,534,P04626,534,True,11,11,observed
1N8Z,1,3,target,C,C,513,513,,513,LEU,513,535,P04626,535,True,8,8,observed
1N8Z,1,3,target,C,C,514,514,,514,ARG,514,536,P04626,536,True,11,11,observed
1N8Z,1,3,target,C,C,515,515,,515,GLY,515,537,P04626,537,True,4,4,observed
1N8Z,1,3,target,C,C,516,516,,516,GLN,516,538,P04626,538,True,9,9,observed
1N8Z,1,3,target,C,C,517,517,,517,GLU,517,539,P04626,539,True,9,9,observed
1N8Z,1,3,target,C,C,518,518,,518,CYS,518,540,P04626,540,True,6,6,observed
1N8Z,1,3,target,C,C,519,519,,519,VAL,519,541,P04626,541,True,7,7,observed
1N8Z,1,3,target,C,C,520,520,,520,GLU,520,542,P04626,542,True,9,9,observed
1N8Z,1,3,target,C,C,521,521,,521,GLU,521,543,P04626,543,True,9,9,observed
1N8Z,1,3,target,C,C,522,522,,522,CYS,522,544,P04626,544,True,6,6,observed
1N8Z,1,3,target,C,C,523,523,,523,ARG,523,545,P04626,545,True,11,11,observed
1N8Z,1,3,target,C,C,524,524,,524,VAL,524,546,P04626,546,True,7,7,observed
1N8Z,1,3,target,C,C,525,525,,525,LEU,525,547,P04626,547,True,8,8,observed
1N8Z,1,3,target,C,C,526,526,,526,GLN,526,548,P04626,548,True,9,9,observed
1N8Z,1,3,target,C,C,527,527,,527,GLY,527,549,P04626,549,True,4,4,observed
1N8Z,1,3,target,C,C,528,528,,528,LEU,528,550,P04626,550,True,8,8,observed
1N8Z,1,3,target,C,C,529,529,,529,PRO,529,551,P04626,551,True,7,7,observed
1N8Z,1,3,target,C,C,530,530,,530,ARG,530,552,P04626,552,True,11,11,observed
1N8Z,1,3,target,C,C,531,531,,531,GLU,531,553,P04626,553,True,9,9,observed
1N8Z,1,3,target,C,C,532,532,,532,TYR,532,554,P04626,554,True,12,12,observed
1N8Z,1,3,target,C,C,533,533,,533,VAL,533,555,P04626,555,True,7,7,observed
1N8Z,1,3,target,C,C,534,534,,534,ASN,534,556,P04626,556,True,8,8,observed
1N8Z,1,3,target,C,C,535,535,,535,ALA,535,557,P04626,557,True,5,5,observed
1N8Z,1,3,target,C,C,536,536,,536,ARG,536,558,P04626,558,True,11,11,observed
1N8Z,1,3,target,C,C,537,537,,537,HIS,537,559,P04626,559,True,10,10,observed
1N8Z,1,3,target,C,C,538,538,,538,CYS,538,560,P04626,560,True,6,6,observed
1N8Z,1,3,target,C,C,539,539,,539,LEU,539,561,P04626,561,True,8,8,observed
1N8Z,1,3,target,C,C,540,540,,540,PRO,540,562,P04626,562,True,7,7,observed
1N8Z,1,3,target,C,C,541,541,,541,CYS,541,563,P04626,563,True,6,6,observed
1N8Z,1,3,target,C,C,542,542,,542,HIS,542,564,P04626,564,True,10,10,observed
1N8Z,1,3,target,C,C,543,543,,543,PRO,543,565,P04626,565,True,7,7,observed
1N8Z,1,3,target,C,C,544,544,,544,GLU,544,566,P04626,566,True,9,9,observed
1N8Z,1,3,target,C,C,545,545,,545,CYS,545,567,P04626,567,True,6,6,observed
1N8Z,1,3,target,C,C,546,546,,546,GLN,546,568,P04626,568,True,9,9,observed
1N8Z,1,3,target,C,C,547,547,,547,PRO,547,569,P04626,569,True,7,7,observed
1N8Z,1,3,target,C,C,548,548,,548,GLN,548,570,P04626,570,True,9,9,observed
1N8Z,1,3,target,C,C,549,549,,549,ASN,549,571,P04626,571,True,8,8,observed
1N8Z,1,3,target,C,C,550,550,,550,GLY,550,572,P04626,572,True,4,4,observed
1N8Z,1,3,target,C,C,551,551,,551,SER,551,573,P04626,573,True,6,6,observed
1N8Z,1,3,target,C,C,552,552,,552,VAL,552,574,P04626,574,True,7,7,observed
1N8Z,1,3,target,C,C,553,553,,553,THR,553,575,P04626,575,True,7,7,observed
1N8Z,1,3,target,C,C,554,554,,554,CYS,554,576,P04626,576,True,6,6,observed
1N8Z,1,3,target,C,C,555,555,,555,PHE,555,577,P04626,577,True,11,11,observed
1N8Z,1,3,target,C,C,556,556,,556,GLY,556,578,P04626,578,True,4,4,observed
1N8Z,1,3,target,C,C,557,557,,557,PRO,557,579,P04626,579,True,7,7,observed
1N8Z,1,3,target,C,C,558,558,,558,GLU,558,580,P04626,580,True,9,9,observed
1N8Z,1,3,target,C,C,559,559,,559,ALA,559,581,P04626,581,True,5,5,observed
1N8Z,1,3,target,C,C,560,560,,560,ASP,560,582,P04626,582,True,8,8,observed
1N8Z,1,3,target,C,C,561,561,,561,GLN,561,583,P04626,583,True,9,9,observed
1N8Z,1,3,target,C,C,562,562,,562,CYS,562,584,P04626,584,True,6,6,observed
1N8Z,1,3,target,C,C,563,563,,563,VAL,563,585,P04626,585,True,7,7,observed
1N8Z,1,3,target,C,C,564,564,,564,ALA,564,586,P04626,586,True,5,5,observed
1N8Z,1,3,target,C,C,565,565,,565,CYS,565,587,P04626,587,True,6,6,observed
1N8Z,1,3,target,C,C,566,566,,566,ALA,566,588,P04626,588,True,5,5,observed
1N8Z,1,3,target,C,C,567,567,,567,HIS,567,589,P04626,589,True,10,10,observed
1N8Z,1,3,target,C,C,568,568,,568,TYR,568,590,P04626,590,True,12,12,observed
1N8Z,1,3,target,C,C,569,569,,569,LYS,569,591,P04626,591,True,9,9,observed
1N8Z,1,3,target,C,C,570,570,,570,ASP,570,592,P04626,592,True,8,8,observed
1N8Z,1,3,target,C,C,571,571,,571,PRO,571,593,P04626,593,True,7,7,observed
1N8Z,1,3,target,C,C,572,572,,572,PRO,572,594,P04626,594,True,7,7,observed
1N8Z,1,3,target,C,C,573,573,,573,PHE,573,595,P04626,595,True,11,11,observed
1N8Z,1,3,target,C,C,574,574,,574,CYS,574,596,P04626,596,True,6,6,observed
1N8Z,1,3,target,C,C,575,575,,575,VAL,575,597,P04626,597,True,7,7,observed
1N8Z,1,3,target,C,C,576,576,,576,ALA,576,598,P04626,598,True,5,5,observed
1N8Z,1,3,target,C,C,577,577,,577,ARG,577,599,P04626,599,True,11,11,observed
1N8Z,1,3,target,C,C,578,578,,578,CYS,578,600,P04626,600,True,6,6,observed
1N8Z,1,3,target,C,C,579,579,,579,PRO,579,601,P04626,601,True,7,7,observed
1N8Z,1,3,target,C,C,580,580,,580,SER,580,602,P04626,602,True,6,6,observed
1N8Z,1,3,target,C,C,581,581,,,GLY,581,603,P04626,603,False,0,0,unobserved
1N8Z,1,3,target,C,C,582,582,,,VAL,582,604,P04626,604,False,0,0,unobserved
1N8Z,1,3,target,C,C,583,583,,,LYS,583,605,P04626,605,False,0,0,unobserved
1N8Z,1,3,target,C,C,584,584,,,PRO,584,606,P04626,606,False,0,0,unobserved
1N8Z,1,3,target,C,C,585,585,,,ASP,585,607,P04626,607,False,0,0,unobserved
1N8Z,1,3,target,C,C,586,586,,,LEU,586,608,P04626,608,False,0,0,unobserved
1N8Z,1,3,target,C,C,587,587,,,SER,587,609,P04626,609,False,0,0,unobserved
1N8Z,1,3,target,C,C,588,588,,,TYR,588,610,P04626,610,False,0,0,unobserved
1N8Z,1,3,target,C,C,589,589,,,MET,589,611,P04626,611,False,0,0,unobserved
1N8Z,1,3,target,C,C,590,590,,,PRO,590,612,P04626,612,False,0,0,unobserved
1N8Z,1,3,target,C,C,591,591,,591,ILE,591,613,P04626,613,True,8,8,observed
1N8Z,1,3,target,C,C,592,592,,592,TRP,592,614,P04626,614,True,14,14,observed
1N8Z,1,3,target,C,C,593,593,,593,LYS,593,615,P04626,615,True,9,9,observed
1N8Z,1,3,target,C,C,594,594,,594,PHE,594,616,P04626,616,True,11,11,observed
1N8Z,1,3,target,C,C,595,595,,595,PRO,595,617,P04626,617,True,7,7,observed
1N8Z,1,3,target,C,C,596,596,,596,ASP,596,618,P04626,618,True,8,8,observed
1N8Z,1,3,target,C,C,597,597,,597,GLU,597,619,P04626,619,True,9,9,observed
1N8Z,1,3,target,C,C,598,598,,598,GLU,598,620,P04626,620,True,9,9,observed
1N8Z,1,3,target,C,C,599,599,,599,GLY,599,621,P04626,621,True,4,4,observed
1N8Z,1,3,target,C,C,600,600,,600,ALA,600,622,P04626,622,True,5,5,observed
1N8Z,1,3,target,C,C,601,601,,601,CYS,601,623,P04626,623,True,6,6,observed
1N8Z,1,3,target,C,C,602,602,,602,GLN,602,624,P04626,624,True,9,9,observed
1N8Z,1,3,target,C,C,603,603,,603,PRO,603,625,P04626,625,True,7,7,observed
1N8Z,1,3,target,C,C,604,604,,604,CYS,604,626,P04626,626,True,6,6,observed
1N8Z,1,3,target,C,C,605,605,,605,PRO,605,627,P04626,627,True,7,7,observed
1N8Z,1,3,target,C,C,606,606,,606,ILE,606,628,P04626,628,True,8,8,observed
1N8Z,1,3,target,C,C,607,607,,607,ASN,607,629,P04626,629,True,9,9,observed
1N8Z,1,4,context,D,C,,766,,,NAG,,,,,True,14,14,observed
1N8Z,1,4,context,E,C,,738,,,NAG,,,,,True,14,14,observed
1N8Z,1,5,other,F,C,,1001,,,SO4,,,,,True,5,5,observed
1N8Z,1,6,other,G,A,,215,,,HOH,,,,,True,1,1,observed
1N8Z,1,6,other,G,A,,216,,,HOH,,,,,True,1,1,observed
1N8Z,1,6,other,G,A,,217,,,HOH,,,,,True,1,1,observed
1N8Z,1,6,other,G,A,,218,,,HOH,,,,,True,1,1,observed
1N8Z,1,6,other,G,A,,219,,,HOH,,,,,True,1,1,observed
1N8Z,1,6,other,G,A,,220,,,HOH,,,,,True,1,1,observed
1N8Z,1,6,other,G,A,,221,,,HOH,,,,,True,1,1,observed
1N8Z,1,6,other,G,A,,222,,,HOH,,,,,True,1,1,observed
1N8Z,1,6,other,G,A,,223,,,HOH,,,,,True,1,1,observed
1N8Z,1,6,other,G,A,,224,,,HOH,,,,,True,1,1,observed
1N8Z,1,6,other,G,A,,225,,,HOH,,,,,True,1,1,observed
1N8Z,1,6,other,G,A,,226,,,HOH,,,,,True,1,1,observed
1N8Z,1,6,other,G,A,,227,,,HOH,,,,,True,1,1,observed
1N8Z,1,6,other,G,A,,228,,,HOH,,,,,True,1,1,observed
1N8Z,1,6,other,G,A,,229,,,HOH,,,,,True,1,1,observed
1N8Z,1,6,other,G,A,,230,,,HOH,,,,,True,1,1,observed
1N8Z,1,6,other,G,A,,231,,,HOH,,,,,True,1,1,observed
1N8Z,1,6,other,G,A,,232,,,HOH,,,,,True,1,1,observed
1N8Z,1,6,other,G,A,,233,,,HOH,,,,,True,1,1,observed
1N8Z,1,6,other,H,B,,221,,,HOH,,,,,True,1,1,observed
1N8Z,1,6,other,H,B,,222,,,HOH,,,,,True,1,1,observed
1N8Z,1,6,other,H,B,,223,,,HOH,,,,,True,1,1,observed
1N8Z,1,6,other,H,B,,224,,,HOH,,,,,True,1,1,observed
1N8Z,1,6,other,H,B,,225,,,HOH,,,,,True,1,1,observed
1N8Z,1,6,other,H,B,,226,,,HOH,,,,,True,1,1,observed
1N8Z,1,6,other,H,B,,227,,,HOH,,,,,True,1,1,observed
1N8Z,1,6,other,H,B,,228,,,HOH,,,,,True,1,1,observed
1N8Z,1,6,other,H,B,,229,,,HOH,,,,,True,1,1,observed
1N8Z,1,6,other,H,B,,230,,,HOH,,,,,True,1,1,observed
1N8Z,1,6,other,H,B,,231,,,HOH,,,,,True,1,1,observed
1N8Z,1,6,other,H,B,,232,,,HOH,,,,,True,1,1,observed
1N8Z,1,6,other,H,B,,233,,,HOH,,,,,True,1,1,observed
1N8Z,1,6,other,I,C,,1002,,,HOH,,,,,True,1,1,observed
1N8Z,1,6,other,I,C,,1003,,,HOH,,,,,True,1,1,observed
1N8Z,1,6,other,I,C,,1004,,,HOH,,,,,True,1,1,observed
1N8Z,1,6,other,I,C,,1005,,,HOH,,,,,True,1,1,observed
1N8Z,1,6,other,I,C,,1006,,,HOH,,,,,True,1,1,observed
1N8Z,1,6,other,I,C,,1007,,,HOH,,,,,True,1,1,observed
1N8Z,1,6,other,I,C,,1008,,,HOH,,,,,True,1,1,observed
1N8Z,1,6,other,I,C,,1009,,,HOH,,,,,True,1,1,observed
1N8Z,1,6,other,I,C,,1010,,,HOH,,,,,True,1,1,observed
1N8Z,1,6,other,I,C,,1011,,,HOH,,,,,True,1,1,observed
1N8Z,1,6,other,I,C,,1012,,,HOH,,,,,True,1,1,observed
1N8Z,1,6,other,I,C,,1013,,,HOH,,,,,True,1,1,observed
1N8Z,1,6,other,I,C,,1014,,,HOH,,,,,True,1,1,observed
1N8Z,1,6,other,I,C,,1015,,,HOH,,,,,True,1,1,observed
1N8Z,1,6,other,I,C,,1016,,,HOH,,,,,True,1,1,observed
1N8Z,1,6,other,I,C,,1017,,,HOH,,,,,True,1,1,observed
1N8Z,1,6,other,I,C,,1018,,,HOH,,,,,True,1,1,observed
1N8Z,1,6,other,I,C,,1019,,,HOH,,,,,True,1,1,observed
1N8Z,1,6,other,I,C,,1020,,,HOH,,,,,True,1,1,observed
1N8Z,1,6,other,I,C,,1021,,,HOH,,,,,True,1,1,observed
1N8Z,1,6,other,I,C,,1022,,,HOH,,,,,True,1,1,observed
1N8Z,1,6,other,I,C,,1023,,,HOH,,,,,True,1,1,observed
1N8Z,1,6,other,I,C,,1024,,,HOH,,,,,True,1,1,observed
1N8Z,1,6,other,I,C,,1025,,,HOH,,,,,True,1,1,observed
1N8Z,1,6,other,I,C,,1026,,,HOH,,,,,True,1,1,observed
1N8Z,1,6,other,I,C,,1027,,,HOH,,,,,True,1,1,observed
1N8Z,1,6,other,I,C,,1028,,,HOH,,,,,True,1,1,observed
1N8Z,1,6,other,I,C,,1029,,,HOH,,,,,True,1,1,observed
1N8Z,1,6,other,I,C,,1030,,,HOH,,,,,True,1,1,observed
1N8Z,1,6,other,I,C,,1031,,,HOH,,,,,True,1,1,observed
1N8Z,1,6,other,I,C,,1032,,,HOH,,,,,True,1,1,observed
1N8Z,1,6,other,I,C,,1033,,,HOH,,,,,True,1,1,observed
1N8Z,1,6,other,I,C,,1034,,,HOH,,,,,True,1,1,observed
1N8Z,1,6,other,I,C,,1035,,,HOH,,,,,True,1,1,observed
1N8Z,1,6,other,I,C,,1036,,,HOH,,,,,True,1,1,observed
1N8Z,1,6,other,I,C,,1037,,,HOH,,,,,True,1,1,observed
1N8Z,1,6,other,I,C,,1038,,,HOH,,,,,True,1,1,observed
1N8Z,1,6,other,I,C,,1039,,,HOH,,,,,True,1,1,observed
1N8Z,1,6,other,I,C,,1040,,,HOH,,,,,True,1,1,observed
1N8Z,1,6,other,I,C,,1041,,,HOH,,,,,True,1,1,observed
1N8Z,1,6,other,I,C,,1042,,,HOH,,,,,True,1,1,observed
1N8Z,1,6,other,I,C,,1043,,,HOH,,,,,True,1,1,observed
1N8Z,1,6,other,I,C,,1044,,,HOH,,,,,True,1,1,observed
1N8Z,1,6,other,I,C,,1045,,,HOH,,,,,True,1,1,observed
1N8Z,1,6,other,I,C,,1046,,,HOH,,,,,True,1,1,observed
1N8Z,1,6,other,I,C,,1047,,,HOH,,,,,True,1,1,observed
1N8Z,1,6,other,I,C,,1048,,,HOH,,,,,True,1,1,observed
1S78,1,1,target,A,A,1,1,,1,THR,1,23,P04626,23,True,7,7,observed
1S78,1,1,target,A,A,2,2,,2,GLN,2,24,P04626,24,True,9,9,observed
1S78,1,1,target,A,A,3,3,,3,VAL,3,25,P04626,25,True,7,7,observed
1S78,1,1,target,A,A,4,4,,4,CYS,4,26,P04626,26,True,6,6,observed
1S78,1,1,target,A,A,5,5,,5,THR,5,27,P04626,27,True,7,7,observed
1S78,1,1,target,A,A,6,6,,6,GLY,6,28,P04626,28,True,4,4,observed
1S78,1,1,target,A,A,7,7,,7,THR,7,29,P04626,29,True,7,7,observed
1S78,1,1,target,A,A,8,8,,8,ASP,8,30,P04626,30,True,8,8,observed
1S78,1,1,target,A,A,9,9,,9,MET,9,31,P04626,31,True,8,8,observed
1S78,1,1,target,A,A,10,10,,10,LYS,10,32,P04626,32,True,9,9,observed
1S78,1,1,target,A,A,11,11,,11,LEU,11,33,P04626,33,True,8,8,observed
1S78,1,1,target,A,A,12,12,,12,ARG,12,34,P04626,34,True,11,11,observed
1S78,1,1,target,A,A,13,13,,13,LEU,13,35,P04626,35,True,8,8,observed
1S78,1,1,target,A,A,14,14,,14,PRO,14,36,P04626,36,True,7,7,observed
1S78,1,1,target,A,A,15,15,,15,ALA,15,37,P04626,37,True,5,5,observed
1S78,1,1,target,A,A,16,16,,16,SER,16,38,P04626,38,True,6,6,observed
1S78,1,1,target,A,A,17,17,,17,PRO,17,39,P04626,39,True,7,7,observed
1S78,1,1,target,A,A,18,18,,18,GLU,18,40,P04626,40,True,9,9,observed
1S78,1,1,target,A,A,19,19,,19,THR,19,41,P04626,41,True,7,7,observed
1S78,1,1,target,A,A,20,20,,20,HIS,20,42,P04626,42,True,10,10,observed
1S78,1,1,target,A,A,21,21,,21,LEU,21,43,P04626,43,True,8,8,observed
1S78,1,1,target,A,A,22,22,,22,ASP,22,44,P04626,44,True,8,8,observed
1S78,1,1,target,A,A,23,23,,23,MET,23,45,P04626,45,True,8,8,observed
1S78,1,1,target,A,A,24,24,,24,LEU,24,46,P04626,46,True,8,8,observed
1S78,1,1,target,A,A,25,25,,25,ARG,25,47,P04626,47,True,11,11,observed
1S78,1,1,target,A,A,26,26,,26,HIS,26,48,P04626,48,True,10,10,observed
1S78,1,1,target,A,A,27,27,,27,LEU,27,49,P04626,49,True,8,8,observed
1S78,1,1,target,A,A,28,28,,28,TYR,28,50,P04626,50,True,12,12,observed
1S78,1,1,target,A,A,29,29,,29,GLN,29,51,P04626,51,True,9,9,observed
1S78,1,1,target,A,A,30,30,,30,GLY,30,52,P04626,52,True,4,4,observed
1S78,1,1,target,A,A,31,31,,31,CYS,31,53,P04626,53,True,6,6,observed
1S78,1,1,target,A,A,32,32,,32,GLN,32,54,P04626,54,True,9,9,observed
1S78,1,1,target,A,A,33,33,,33,VAL,33,55,P04626,55,True,7,7,observed
1S78,1,1,target,A,A,34,34,,34,VAL,34,56,P04626,56,True,7,7,observed
1S78,1,1,target,A,A,35,35,,35,GLN,35,57,P04626,57,True,9,9,observed
1S78,1,1,target,A,A,36,36,,36,GLY,36,58,P04626,58,True,4,4,observed
1S78,1,1,target,A,A,37,37,,37,ASN,37,59,P04626,59,True,8,8,observed
1S78,1,1,target,A,A,38,38,,38,LEU,38,60,P04626,60,True,8,8,observed
1S78,1,1,target,A,A,39,39,,39,GLU,39,61,P04626,61,True,9,9,observed
1S78,1,1,target,A,A,40,40,,40,LEU,40,62,P04626,62,True,8,8,observed
1S78,1,1,target,A,A,41,41,,41,THR,41,63,P04626,63,True,7,7,observed
1S78,1,1,target,A,A,42,42,,42,TYR,42,64,P04626,64,True,12,12,observed
1S78,1,1,target,A,A,43,43,,43,LEU,43,65,P04626,65,True,8,8,observed
1S78,1,1,target,A,A,44,44,,44,PRO,44,66,P04626,66,True,7,7,observed
1S78,1,1,target,A,A,45,45,,45,THR,45,67,P04626,67,True,7,7,observed
1S78,1,1,target,A,A,46,46,,46,ASN,46,68,P04626,68,True,8,8,observed
1S78,1,1,target,A,A,47,47,,47,ALA,47,69,P04626,69,True,5,5,observed
1S78,1,1,target,A,A,48,48,,48,SER,48,70,P04626,70,True,6,6,observed
1S78,1,1,target,A,A,49,49,,49,LEU,49,71,P04626,71,True,8,8,observed
1S78,1,1,target,A,A,50,50,,50,SER,50,72,P04626,72,True,6,6,observed
1S78,1,1,target,A,A,51,51,,51,PHE,51,73,P04626,73,True,11,11,observed
1S78,1,1,target,A,A,52,52,,52,LEU,52,74,P04626,74,True,8,8,observed
1S78,1,1,target,A,A,53,53,,53,GLN,53,75,P04626,75,True,9,9,observed
1S78,1,1,target,A,A,54,54,,54,ASP,54,76,P04626,76,True,8,8,observed
1S78,1,1,target,A,A,55,55,,55,ILE,55,77,P04626,77,True,8,8,observed
1S78,1,1,target,A,A,56,56,,56,GLN,56,78,P04626,78,True,9,9,observed
1S78,1,1,target,A,A,57,57,,57,GLU,57,79,P04626,79,True,9,9,observed
1S78,1,1,target,A,A,58,58,,58,VAL,58,80,P04626,80,True,7,7,observed
1S78,1,1,target,A,A,59,59,,59,GLN,59,81,P04626,81,True,9,9,observed
1S78,1,1,target,A,A,60,60,,60,GLY,60,82,P04626,82,True,4,4,observed
1S78,1,1,target,A,A,61,61,,61,TYR,61,83,P04626,83,True,12,12,observed
1S78,1,1,target,A,A,62,62,,62,VAL,62,84,P04626,84,True,7,7,observed
1S78,1,1,target,A,A,63,63,,63,LEU,63,85,P04626,85,True,8,8,observed
1S78,1,1,target,A,A,64,64,,64,ILE,64,86,P04626,86,True,8,8,observed
1S78,1,1,target,A,A,65,65,,65,ALA,65,87,P04626,87,True,5,5,observed
1S78,1,1,target,A,A,66,66,,66,HIS,66,88,P04626,88,True,10,10,observed
1S78,1,1,target,A,A,67,67,,67,ASN,67,89,P04626,89,True,8,8,observed
1S78,1,1,target,A,A,68,68,,68,GLN,68,90,P04626,90,True,9,9,observed
1S78,1,1,target,A,A,69,69,,69,VAL,69,91,P04626,91,True,7,7,observed
1S78,1,1,target,A,A,70,70,,70,ARG,70,92,P04626,92,True,11,11,observed
1S78,1,1,target,A,A,71,71,,71,GLN,71,93,P04626,93,True,9,9,observed
1S78,1,1,target,A,A,72,72,,72,VAL,72,94,P04626,94,True,7,7,observed
1S78,1,1,target,A,A,73,73,,73,PRO,73,95,P04626,95,True,7,7,observed
1S78,1,1,target,A,A,74,74,,74,LEU,74,96,P04626,96,True,8,8,observed
1S78,1,1,target,A,A,75,75,,75,GLN,75,97,P04626,97,True,9,9,observed
1S78,1,1,target,A,A,76,76,,76,ARG,76,98,P04626,98,True,11,11,observed
1S78,1,1,target,A,A,77,77,,77,LEU,77,99,P04626,99,True,8,8,observed
1S78,1,1,target,A,A,78,78,,78,ARG,78,100,P04626,100,True,11,11,observed
1S78,1,1,target,A,A,79,79,,79,ILE,79,101,P04626,101,True,8,8,observed
1S78,1,1,target,A,A,80,80,,80,VAL,80,102,P04626,102,True,7,7,observed
1S78,1,1,target,A,A,81,81,,81,ARG,81,103,P04626,103,True,11,11,observed
1S78,1,1,target,A,A,82,82,,82,GLY,82,104,P04626,104,True,4,4,observed
1S78,1,1,target,A,A,83,83,,83,THR,83,105,P04626,105,True,7,7,observed
1S78,1,1,target,A,A,84,84,,84,GLN,84,106,P04626,106,True,9,9,observed
1S78,1,1,target,A,A,85,85,,85,LEU,85,107,P04626,107,True,8,8,observed
1S78,1,1,target,A,A,86,86,,86,PHE,86,108,P04626,108,True,11,11,observed
1S78,1,1,target,A,A,87,87,,87,GLU,87,109,P04626,109,True,9,9,observed
1S78,1,1,target,A,A,88,88,,88,ASP,88,110,P04626,110,True,8,8,observed
1S78,1,1,target,A,A,89,89,,89,ASN,89,111,P04626,111,True,8,8,observed
1S78,1,1,target,A,A,90,90,,90,TYR,90,112,P04626,112,True,12,12,observed
1S78,1,1,target,A,A,91,91,,91,ALA,91,113,P04626,113,True,5,5,observed
1S78,1,1,target,A,A,92,92,,92,LEU,92,114,P04626,114,True,8,8,observed
1S78,1,1,target,A,A,93,93,,93,ALA,93,115,P04626,115,True,5,5,observed
1S78,1,1,target,A,A,94,94,,94,VAL,94,116,P04626,116,True,7,7,observed
1S78,1,1,target,A,A,95,95,,95,LEU,95,117,P04626,117,True,8,8,observed
1S78,1,1,target,A,A,96,96,,96,ASP,96,118,P04626,118,True,8,8,observed
1S78,1,1,target,A,A,97,97,,97,ASN,97,119,P04626,119,True,8,8,observed
1S78,1,1,target,A,A,98,98,,98,GLY,98,120,P04626,120,True,4,4,observed
1S78,1,1,target,A,A,99,99,,99,ASP,99,121,P04626,121,True,8,8,observed
1S78,1,1,target,A,A,100,100,,100,PRO,100,122,P04626,122,True,7,7,observed
1S78,1,1,target,A,A,101,101,,101,LEU,101,123,P04626,123,True,8,8,observed
1S78,1,1,target,A,A,102,102,,,ASN,102,124,P04626,124,False,0,0,unobserved
1S78,1,1,target,A,A,103,103,,,ASN,103,125,P04626,125,False,0,0,unobserved
1S78,1,1,target,A,A,104,104,,,THR,104,126,P04626,126,False,0,0,unobserved
1S78,1,1,target,A,A,105,105,,,THR,105,127,P04626,127,False,0,0,unobserved
1S78,1,1,target,A,A,106,106,,,PRO,106,128,P04626,128,False,0,0,unobserved
1S78,1,1,target,A,A,107,107,,,VAL,107,129,P04626,129,False,0,0,unobserved
1S78,1,1,target,A,A,108,108,,,THR,108,130,P04626,130,False,0,0,unobserved
1S78,1,1,target,A,A,109,109,,,GLY,109,131,P04626,131,False,0,0,unobserved
1S78,1,1,target,A,A,110,110,,,ALA,110,132,P04626,132,False,0,0,unobserved
1S78,1,1,target,A,A,111,111,,111,SER,111,133,P04626,133,True,6,6,observed
1S78,1,1,target,A,A,112,112,,112,PRO,112,134,P04626,134,True,7,7,observed
1S78,1,1,target,A,A,113,113,,113,GLY,113,135,P04626,135,True,4,4,observed
1S78,1,1,target,A,A,114,114,,114,GLY,114,136,P04626,136,True,4,4,observed
1S78,1,1,target,A,A,115,115,,115,LEU,115,137,P04626,137,True,8,8,observed
1S78,1,1,target,A,A,116,116,,116,ARG,116,138,P04626,138,True,11,11,observed
1S78,1,1,target,A,A,117,117,,117,GLU,117,139,P04626,139,True,9,9,observed
1S78,1,1,target,A,A,118,118,,118,LEU,118,140,P04626,140,True,8,8,observed
1S78,1,1,target,A,A,119,119,,119,GLN,119,141,P04626,141,True,9,9,observed
1S78,1,1,target,A,A,120,120,,120,LEU,120,142,P04626,142,True,8,8,observed
1S78,1,1,target,A,A,121,121,,121,ARG,121,143,P04626,143,True,11,11,observed
1S78,1,1,target,A,A,122,122,,122,SER,122,144,P04626,144,True,6,6,observed
1S78,1,1,target,A,A,123,123,,123,LEU,123,145,P04626,145,True,8,8,observed
1S78,1,1,target,A,A,124,124,,124,THR,124,146,P04626,146,True,7,7,observed
1S78,1,1,target,A,A,125,125,,125,GLU,125,147,P04626,147,True,9,9,observed
1S78,1,1,target,A,A,126,126,,126,ILE,126,148,P04626,148,True,8,8,observed
1S78,1,1,target,A,A,127,127,,127,LEU,127,149,P04626,149,True,8,8,observed
1S78,1,1,target,A,A,128,128,,128,LYS,128,150,P04626,150,True,9,9,observed
1S78,1,1,target,A,A,129,129,,129,GLY,129,151,P04626,151,True,4,4,observed
1S78,1,1,target,A,A,130,130,,130,GLY,130,152,P04626,152,True,4,4,observed
1S78,1,1,target,A,A,131,131,,131,VAL,131,153,P04626,153,True,7,7,observed
1S78,1,1,target,A,A,132,132,,132,LEU,132,154,P04626,154,True,8,8,observed
1S78,1,1,target,A,A,133,133,,133,ILE,133,155,P04626,155,True,8,8,observed
1S78,1,1,target,A,A,134,134,,134,GLN,134,156,P04626,156,True,9,9,observed
1S78,1,1,target,A,A,135,135,,135,ARG,135,157,P04626,157,True,11,11,observed
1S78,1,1,target,A,A,136,136,,136,ASN,136,158,P04626,158,True,8,8,observed
1S78,1,1,target,A,A,137,137,,137,PRO,137,159,P04626,159,True,7,7,observed
1S78,1,1,target,A,A,138,138,,138,GLN,138,160,P04626,160,True,9,9,observed
1S78,1,1,target,A,A,139,139,,139,LEU,139,161,P04626,161,True,8,8,observed
1S78,1,1,target,A,A,140,140,,140,CYS,140,162,P04626,162,True,6,6,observed
1S78,1,1,target,A,A,141,141,,141,TYR,141,163,P04626,163,True,12,12,observed
1S78,1,1,target,A,A,142,142,,142,GLN,142,164,P04626,164,True,9,9,observed
1S78,1,1,target,A,A,143,143,,143,ASP,143,165,P04626,165,True,8,8,observed
1S78,1,1,target,A,A,144,144,,144,THR,144,166,P04626,166,True,7,7,observed
1S78,1,1,target,A,A,145,145,,145,ILE,145,167,P04626,167,True,8,8,observed
1S78,1,1,target,A,A,146,146,,146,LEU,146,168,P04626,168,True,8,8,observed
1S78,1,1,target,A,A,147,147,,147,TRP,147,169,P04626,169,True,14,14,observed
1S78,1,1,target,A,A,148,148,,148,LYS,148,170,P04626,170,True,9,9,observed
1S78,1,1,target,A,A,149,149,,149,ASP,149,171,P04626,171,True,8,8,observed
1S78,1,1,target,A,A,150,150,,150,ILE,150,172,P04626,172,True,8,8,observed
1S78,1,1,target,A,A,151,151,,151,PHE,151,173,P04626,173,True,11,11,observed
1S78,1,1,target,A,A,152,152,,152,HIS,152,174,P04626,174,True,10,10,observed
1S78,1,1,target,A,A,153,153,,153,LYS,153,175,P04626,175,True,9,9,observed
1S78,1,1,target,A,A,154,154,,154,ASN,154,176,P04626,176,True,8,8,observed
1S78,1,1,target,A,A,155,155,,155,ASN,155,177,P04626,177,True,8,8,observed
1S78,1,1,target,A,A,156,156,,156,GLN,156,178,P04626,178,True,9,9,observed
1S78,1,1,target,A,A,157,157,,157,LEU,157,179,P04626,179,True,8,8,observed
1S78,1,1,target,A,A,158,158,,158,ALA,158,180,P04626,180,True,5,5,observed
1S78,1,1,target,A,A,159,159,,159,LEU,159,181,P04626,181,True,8,8,observed
1S78,1,1,target,A,A,160,160,,160,THR,160,182,P04626,182,True,7,7,observed
1S78,1,1,target,A,A,161,161,,161,LEU,161,183,P04626,183,True,8,8,observed
1S78,1,1,target,A,A,162,162,,162,ILE,162,184,P04626,184,True,8,8,observed
1S78,1,1,target,A,A,163,163,,163,ASP,163,185,P04626,185,True,8,8,observed
1S78,1,1,target,A,A,164,164,,164,THR,164,186,P04626,186,True,7,7,observed
1S78,1,1,target,A,A,165,165,,165,ASN,165,187,P04626,187,True,8,8,observed
1S78,1,1,target,A,A,166,166,,166,ARG,166,188,P04626,188,True,11,11,observed
1S78,1,1,target,A,A,167,167,,167,SER,167,189,P04626,189,True,6,6,observed
1S78,1,1,target,A,A,168,168,,168,ARG,168,190,P04626,190,True,11,11,observed
1S78,1,1,target,A,A,169,169,,169,ALA,169,191,P04626,191,True,5,5,observed
1S78,1,1,target,A,A,170,170,,170,CYS,170,192,P04626,192,True,6,6,observed
1S78,1,1,target,A,A,171,171,,171,HIS,171,193,P04626,193,True,10,10,observed
1S78,1,1,target,A,A,172,172,,172,PRO,172,194,P04626,194,True,7,7,observed
1S78,1,1,target,A,A,173,173,,173,CYS,173,195,P04626,195,True,6,6,observed
1S78,1,1,target,A,A,174,174,,174,SER,174,196,P04626,196,True,6,6,observed
1S78,1,1,target,A,A,175,175,,175,PRO,175,197,P04626,197,True,7,7,observed
1S78,1,1,target,A,A,176,176,,176,MET,176,198,P04626,198,True,8,8,observed
1S78,1,1,target,A,A,177,177,,177,CYS,177,199,P04626,199,True,6,6,observed
1S78,1,1,target,A,A,178,178,,178,LYS,178,200,P04626,200,True,9,9,observed
1S78,1,1,target,A,A,179,179,,179,GLY,179,201,P04626,201,True,4,4,observed
1S78,1,1,target,A,A,180,180,,180,SER,180,202,P04626,202,True,6,6,observed
1S78,1,1,target,A,A,181,181,,181,ARG,181,203,P04626,203,True,11,11,observed
1S78,1,1,target,A,A,182,182,,182,CYS,182,204,P04626,204,True,6,6,observed
1S78,1,1,target,A,A,183,183,,183,TRP,183,205,P04626,205,True,14,14,observed
1S78,1,1,target,A,A,184,184,,184,GLY,184,206,P04626,206,True,4,4,observed
1S78,1,1,target,A,A,185,185,,185,GLU,185,207,P04626,207,True,9,9,observed
1S78,1,1,target,A,A,186,186,,186,SER,186,208,P04626,208,True,6,6,observed
1S78,1,1,target,A,A,187,187,,187,SER,187,209,P04626,209,True,6,6,observed
1S78,1,1,target,A,A,188,188,,188,GLU,188,210,P04626,210,True,9,9,observed
1S78,1,1,target,A,A,189,189,,189,ASP,189,211,P04626,211,True,8,8,observed
1S78,1,1,target,A,A,190,190,,190,CYS,190,212,P04626,212,True,6,6,observed
1S78,1,1,target,A,A,191,191,,191,GLN,191,213,P04626,213,True,9,9,observed
1S78,1,1,target,A,A,192,192,,192,SER,192,214,P04626,214,True,6,6,observed
1S78,1,1,target,A,A,193,193,,193,LEU,193,215,P04626,215,True,8,8,observed
1S78,1,1,target,A,A,194,194,,194,THR,194,216,P04626,216,True,7,7,observed
1S78,1,1,target,A,A,195,195,,195,ARG,195,217,P04626,217,True,11,11,observed
1S78,1,1,target,A,A,196,196,,196,THR,196,218,P04626,218,True,7,7,observed
1S78,1,1,target,A,A,197,197,,197,VAL,197,219,P04626,219,True,7,7,observed
1S78,1,1,target,A,A,198,198,,198,CYS,198,220,P04626,220,True,6,6,observed
1S78,1,1,target,A,A,199,199,,199,ALA,199,221,P04626,221,True,5,5,observed
1S78,1,1,target,A,A,200,200,,200,GLY,200,222,P04626,222,True,4,4,observed
1S78,1,1,target,A,A,201,201,,201,GLY,201,223,P04626,223,True,4,4,observed
1S78,1,1,target,A,A,202,202,,202,CYS,202,224,P04626,224,True,6,6,observed
1S78,1,1,target,A,A,203,203,,203,ALA,203,225,P04626,225,True,5,5,observed
1S78,1,1,target,A,A,204,204,,204,ARG,204,226,P04626,226,True,11,11,observed
1S78,1,1,target,A,A,205,205,,205,CYS,205,227,P04626,227,True,6,6,observed
1S78,1,1,target,A,A,206,206,,206,LYS,206,228,P04626,228,True,9,9,observed
1S78,1,1,target,A,A,207,207,,207,GLY,207,229,P04626,229,True,4,4,observed
1S78,1,1,target,A,A,208,208,,208,PRO,208,230,P04626,230,True,7,7,observed
1S78,1,1,target,A,A,209,209,,209,LEU,209,231,P04626,231,True,8,8,observed
1S78,1,1,target,A,A,210,210,,210,PRO,210,232,P04626,232,True,7,7,observed
1S78,1,1,target,A,A,211,211,,211,THR,211,233,P04626,233,True,7,7,observed
1S78,1,1,target,A,A,212,212,,212,ASP,212,234,P04626,234,True,8,8,observed
1S78,1,1,target,A,A,213,213,,213,CYS,213,235,P04626,235,True,6,6,observed
1S78,1,1,target,A,A,214,214,,214,CYS,214,236,P04626,236,True,6,6,observed
1S78,1,1,target,A,A,215,215,,215,HIS,215,237,P04626,237,True,10,10,observed
1S78,1,1,target,A,A,216,216,,216,GLU,216,238,P04626,238,True,9,9,observed
1S78,1,1,target,A,A,217,217,,217,GLN,217,239,P04626,239,True,9,9,observed
1S78,1,1,target,A,A,218,218,,218,CYS,218,240,P04626,240,True,6,6,observed
1S78,1,1,target,A,A,219,219,,219,ALA,219,241,P04626,241,True,5,5,observed
1S78,1,1,target,A,A,220,220,,220,ALA,220,242,P04626,242,True,5,5,observed
1S78,1,1,target,A,A,221,221,,221,GLY,221,243,P04626,243,True,4,4,observed
1S78,1,1,target,A,A,222,222,,222,CYS,222,244,P04626,244,True,6,6,observed
1S78,1,1,target,A,A,223,223,,223,THR,223,245,P04626,245,True,7,7,observed
1S78,1,1,target,A,A,224,224,,224,GLY,224,246,P04626,246,True,4,4,observed
1S78,1,1,target,A,A,225,225,,225,PRO,225,247,P04626,247,True,7,7,observed
1S78,1,1,target,A,A,226,226,,226,LYS,226,248,P04626,248,True,9,9,observed
1S78,1,1,target,A,A,227,227,,227,HIS,227,249,P04626,249,True,10,10,observed
1S78,1,1,target,A,A,228,228,,228,SER,228,250,P04626,250,True,6,6,observed
1S78,1,1,target,A,A,229,229,,229,ASP,229,251,P04626,251,True,8,8,observed
1S78,1,1,target,A,A,230,230,,230,CYS,230,252,P04626,252,True,6,6,observed
1S78,1,1,target,A,A,231,231,,231,LEU,231,253,P04626,253,True,8,8,observed
1S78,1,1,target,A,A,232,232,,232,ALA,232,254,P04626,254,True,5,5,observed
1S78,1,1,target,A,A,233,233,,233,CYS,233,255,P04626,255,True,6,6,observed
1S78,1,1,target,A,A,234,234,,234,LEU,234,256,P04626,256,True,8,8,observed
1S78,1,1,target,A,A,235,235,,235,HIS,235,257,P04626,257,True,10,10,observed
1S78,1,1,target,A,A,236,236,,236,PHE,236,258,P04626,258,True,11,11,observed
1S78,1,1,target,A,A,237,237,,237,ASN,237,259,P04626,259,True,8,8,observed
1S78,1,1,target,A,A,238,238,,238,HIS,238,260,P04626,260,True,10,10,observed
1S78,1,1,target,A,A,239,239,,239,SER,239,261,P04626,261,True,6,6,observed
1S78,1,1,target,A,A,240,240,,240,GLY,240,262,P04626,262,True,4,4,observed
1S78,1,1,target,A,A,241,241,,241,ILE,241,263,P04626,263,True,8,8,observed
1S78,1,1,target,A,A,242,242,,242,CYS,242,264,P04626,264,True,6,6,observed
1S78,1,1,target,A,A,243,243,,243,GLU,243,265,P04626,265,True,9,9,observed
1S78,1,1,target,A,A,244,244,,244,LEU,244,266,P04626,266,True,8,8,observed
1S78,1,1,target,A,A,245,245,,245,HIS,245,267,P04626,267,True,10,10,observed
1S78,1,1,target,A,A,246,246,,246,CYS,246,268,P04626,268,True,6,6,observed
1S78,1,1,target,A,A,247,247,,247,PRO,247,269,P04626,269,True,7,7,observed
1S78,1,1,target,A,A,248,248,,248,ALA,248,270,P04626,270,True,5,5,observed
1S78,1,1,target,A,A,249,249,,249,LEU,249,271,P04626,271,True,8,8,observed
1S78,1,1,target,A,A,250,250,,250,VAL,250,272,P04626,272,True,7,7,observed
1S78,1,1,target,A,A,251,251,,251,THR,251,273,P04626,273,True,7,7,observed
1S78,1,1,target,A,A,252,252,,252,TYR,252,274,P04626,274,True,12,12,observed
1S78,1,1,target,A,A,253,253,,253,ASN,253,275,P04626,275,True,8,8,observed
1S78,1,1,target,A,A,254,254,,254,THR,254,276,P04626,276,True,7,7,observed
1S78,1,1,target,A,A,255,255,,255,ASP,255,277,P04626,277,True,8,8,observed
1S78,1,1,target,A,A,256,256,,256,THR,256,278,P04626,278,True,7,7,observed
1S78,1,1,target,A,A,257,257,,257,PHE,257,279,P04626,279,True,11,11,observed
1S78,1,1,target,A,A,258,258,,258,GLU,258,280,P04626,280,True,9,9,observed
1S78,1,1,target,A,A,259,259,,259,SER,259,281,P04626,281,True,6,6,observed
1S78,1,1,target,A,A,260,260,,260,MET,260,282,P04626,282,True,8,8,observed
1S78,1,1,target,A,A,261,261,,261,PRO,261,283,P04626,283,True,7,7,observed
1S78,1,1,target,A,A,262,262,,262,ASN,262,284,P04626,284,True,8,8,observed
1S78,1,1,target,A,A,263,263,,263,PRO,263,285,P04626,285,True,7,7,observed
1S78,1,1,target,A,A,264,264,,264,GLU,264,286,P04626,286,True,9,9,observed
1S78,1,1,target,A,A,265,265,,265,GLY,265,287,P04626,287,True,4,4,observed
1S78,1,1,target,A,A,266,266,,266,ARG,266,288,P04626,288,True,11,11,observed
1S78,1,1,target,A,A,267,267,,267,TYR,267,289,P04626,289,True,12,12,observed
1S78,1,1,target,A,A,268,268,,268,THR,268,290,P04626,290,True,7,7,observed
1S78,1,1,target,A,A,269,269,,269,PHE,269,291,P04626,291,True,11,11,observed
1S78,1,1,target,A,A,270,270,,270,GLY,270,292,P04626,292,True,4,4,observed
1S78,1,1,target,A,A,271,271,,271,ALA,271,293,P04626,293,True,5,5,observed
1S78,1,1,target,A,A,272,272,,272,SER,272,294,P04626,294,True,6,6,observed
1S78,1,1,target,A,A,273,273,,273,CYS,273,295,P04626,295,True,6,6,observed
1S78,1,1,target,A,A,274,274,,274,VAL,274,296,P04626,296,True,7,7,observed
1S78,1,1,target,A,A,275,275,,275,THR,275,297,P04626,297,True,7,7,observed
1S78,1,1,target,A,A,276,276,,276,ALA,276,298,P04626,298,True,5,5,observed
1S78,1,1,target,A,A,277,277,,277,CYS,277,299,P04626,299,True,6,6,observed
1S78,1,1,target,A,A,278,278,,278,PRO,278,300,P04626,300,True,7,7,observed
1S78,1,1,target,A,A,279,279,,279,TYR,279,301,P04626,301,True,12,12,observed
1S78,1,1,target,A,A,280,280,,280,ASN,280,302,P04626,302,True,8,8,observed
1S78,1,1,target,A,A,281,281,,281,TYR,281,303,P04626,303,True,12,12,observed
1S78,1,1,target,A,A,282,282,,282,LEU,282,304,P04626,304,True,8,8,observed
1S78,1,1,target,A,A,283,283,,283,SER,283,305,P04626,305,True,6,6,observed
1S78,1,1,target,A,A,284,284,,284,THR,284,306,P04626,306,True,7,7,observed
1S78,1,1,target,A,A,285,285,,285,ASP,285,307,P04626,307,True,8,8,observed
1S78,1,1,target,A,A,286,286,,286,VAL,286,308,P04626,308,True,7,7,observed
1S78,1,1,target,A,A,287,287,,287,GLY,287,309,P04626,309,True,4,4,observed
1S78,1,1,target,A,A,288,288,,288,SER,288,310,P04626,310,True,6,6,observed
1S78,1,1,target,A,A,289,289,,289,CYS,289,311,P04626,311,True,6,6,observed
1S78,1,1,target,A,A,290,290,,290,THR,290,312,P04626,312,True,7,7,observed
1S78,1,1,target,A,A,291,291,,291,LEU,291,313,P04626,313,True,8,8,observed
1S78,1,1,target,A,A,292,292,,292,VAL,292,314,P04626,314,True,7,7,observed
1S78,1,1,target,A,A,293,293,,293,CYS,293,315,P04626,315,True,6,6,observed
1S78,1,1,target,A,A,294,294,,294,PRO,294,316,P04626,316,True,7,7,observed
1S78,1,1,target,A,A,295,295,,295,LEU,295,317,P04626,317,True,8,8,observed
1S78,1,1,target,A,A,296,296,,296,HIS,296,318,P04626,318,True,10,10,observed
1S78,1,1,target,A,A,297,297,,297,ASN,297,319,P04626,319,True,8,8,observed
1S78,1,1,target,A,A,298,298,,298,GLN,298,320,P04626,320,True,9,9,observed
1S78,1,1,target,A,A,299,299,,299,GLU,299,321,P04626,321,True,9,9,observed
1S78,1,1,target,A,A,300,300,,300,VAL,300,322,P04626,322,True,7,7,observed
1S78,1,1,target,A,A,301,301,,301,THR,301,323,P04626,323,True,7,7,observed
1S78,1,1,target,A,A,302,302,,302,ALA,302,324,P04626,324,True,5,5,observed
1S78,1,1,target,A,A,303,303,,303,GLU,303,325,P04626,325,True,9,9,observed
1S78,1,1,target,A,A,304,304,,304,ASP,304,326,P04626,326,True,8,8,observed
1S78,1,1,target,A,A,305,305,,305,GLY,305,327,P04626,327,True,4,4,observed
1S78,1,1,target,A,A,306,306,,306,THR,306,328,P04626,328,True,7,7,observed
1S78,1,1,target,A,A,307,307,,307,GLN,307,329,P04626,329,True,9,9,observed
1S78,1,1,target,A,A,308,308,,308,ARG,308,330,P04626,330,True,11,11,observed
1S78,1,1,target,A,A,309,309,,309,CYS,309,331,P04626,331,True,6,6,observed
1S78,1,1,target,A,A,310,310,,310,GLU,310,332,P04626,332,True,9,9,observed
1S78,1,1,target,A,A,311,311,,311,LYS,311,333,P04626,333,True,9,9,observed
1S78,1,1,target,A,A,312,312,,312,CYS,312,334,P04626,334,True,6,6,observed
1S78,1,1,target,A,A,313,313,,313,SER,313,335,P04626,335,True,6,6,observed
1S78,1,1,target,A,A,314,314,,314,LYS,314,336,P04626,336,True,9,9,observed
1S78,1,1,target,A,A,315,315,,315,PRO,315,337,P04626,337,True,7,7,observed
1S78,1,1,target,A,A,316,316,,316,CYS,316,338,P04626,338,True,6,6,observed
1S78,1,1,target,A,A,317,317,,317,ALA,317,339,P04626,339,True,5,5,observed
1S78,1,1,target,A,A,318,318,,318,ARG,318,340,P04626,340,True,11,11,observed
1S78,1,1,target,A,A,319,319,,319,VAL,319,341,P04626,341,True,7,7,observed
1S78,1,1,target,A,A,320,320,,320,CYS,320,342,P04626,342,True,6,6,observed
1S78,1,1,target,A,A,321,321,,321,TYR,321,343,P04626,343,True,12,12,observed
1S78,1,1,target,A,A,322,322,,322,GLY,322,344,P04626,344,True,4,4,observed
1S78,1,1,target,A,A,323,323,,323,LEU,323,345,P04626,345,True,8,8,observed
1S78,1,1,target,A,A,324,324,,324,GLY,324,346,P04626,346,True,4,4,observed
1S78,1,1,target,A,A,325,325,,325,MET,325,347,P04626,347,True,8,8,observed
1S78,1,1,target,A,A,326,326,,326,GLU,326,348,P04626,348,True,9,9,observed
1S78,1,1,target,A,A,327,327,,327,HIS,327,349,P04626,349,True,10,10,observed
1S78,1,1,target,A,A,328,328,,328,LEU,328,350,P04626,350,True,8,8,observed
1S78,1,1,target,A,A,329,329,,329,ARG,329,351,P04626,351,True,11,11,observed
1S78,1,1,target,A,A,330,330,,330,GLU,330,352,P04626,352,True,9,9,observed
1S78,1,1,target,A,A,331,331,,331,VAL,331,353,P04626,353,True,7,7,observed
1S78,1,1,target,A,A,332,332,,332,ARG,332,354,P04626,354,True,11,11,observed
1S78,1,1,target,A,A,333,333,,333,ALA,333,355,P04626,355,True,5,5,observed
1S78,1,1,target,A,A,334,334,,334,VAL,334,356,P04626,356,True,7,7,observed
1S78,1,1,target,A,A,335,335,,335,THR,335,357,P04626,357,True,7,7,observed
1S78,1,1,target,A,A,336,336,,336,SER,336,358,P04626,358,True,6,6,observed
1S78,1,1,target,A,A,337,337,,337,ALA,337,359,P04626,359,True,5,5,observed
1S78,1,1,target,A,A,338,338,,338,ASN,338,360,P04626,360,True,8,8,observed
1S78,1,1,target,A,A,339,339,,339,ILE,339,361,P04626,361,True,8,8,observed
1S78,1,1,target,A,A,340,340,,340,GLN,340,362,P04626,362,True,9,9,observed
1S78,1,1,target,A,A,341,341,,341,GLU,341,363,P04626,363,True,9,9,observed
1S78,1,1,target,A,A,342,342,,342,PHE,342,364,P04626,364,True,11,11,observed
1S78,1,1,target,A,A,343,343,,343,ALA,343,365,P04626,365,True,5,5,observed
1S78,1,1,target,A,A,344,344,,344,GLY,344,366,P04626,366,True,4,4,observed
1S78,1,1,target,A,A,345,345,,345,CYS,345,367,P04626,367,True,6,6,observed
1S78,1,1,target,A,A,346,346,,346,LYS,346,368,P04626,368,True,9,9,observed
1S78,1,1,target,A,A,347,347,,347,LYS,347,369,P04626,369,True,9,9,observed
1S78,1,1,target,A,A,348,348,,348,ILE,348,370,P04626,370,True,8,8,observed
1S78,1,1,target,A,A,349,349,,349,PHE,349,371,P04626,371,True,11,11,observed
1S78,1,1,target,A,A,350,350,,350,GLY,350,372,P04626,372,True,4,4,observed
1S78,1,1,target,A,A,351,351,,351,SER,351,373,P04626,373,True,6,6,observed
1S78,1,1,target,A,A,352,352,,352,LEU,352,374,P04626,374,True,8,8,observed
1S78,1,1,target,A,A,353,353,,353,ALA,353,375,P04626,375,True,5,5,observed
1S78,1,1,target,A,A,354,354,,354,PHE,354,376,P04626,376,True,11,11,observed
1S78,1,1,target,A,A,355,355,,355,LEU,355,377,P04626,377,True,8,8,observed
1S78,1,1,target,A,A,356,356,,356,PRO,356,378,P04626,378,True,7,7,observed
1S78,1,1,target,A,A,357,357,,357,GLU,357,379,P04626,379,True,9,9,observed
1S78,1,1,target,A,A,358,358,,358,SER,358,380,P04626,380,True,6,6,observed
1S78,1,1,target,A,A,359,359,,359,PHE,359,381,P04626,381,True,11,11,observed
1S78,1,1,target,A,A,360,360,,360,ASP,360,382,P04626,382,True,8,8,observed
1S78,1,1,target,A,A,361,361,,361,GLY,361,383,P04626,383,True,4,4,observed
1S78,1,1,target,A,A,362,362,,362,ASP,362,384,P04626,384,True,8,8,observed
1S78,1,1,target,A,A,363,363,,363,PRO,363,385,P04626,385,True,7,7,observed
1S78,1,1,target,A,A,364,364,,364,ALA,364,386,P04626,386,True,5,5,observed
1S78,1,1,target,A,A,365,365,,365,SER,365,387,P04626,387,True,6,6,observed
1S78,1,1,target,A,A,366,366,,366,ASN,366,388,P04626,388,True,8,8,observed
1S78,1,1,target,A,A,367,367,,367,THR,367,389,P04626,389,True,7,7,observed
1S78,1,1,target,A,A,368,368,,368,ALA,368,390,P04626,390,True,5,5,observed
1S78,1,1,target,A,A,369,369,,369,PRO,369,391,P04626,391,True,7,7,observed
1S78,1,1,target,A,A,370,370,,370,LEU,370,392,P04626,392,True,8,8,observed
1S78,1,1,target,A,A,371,371,,371,GLN,371,393,P04626,393,True,9,9,observed
1S78,1,1,target,A,A,372,372,,372,PRO,372,394,P04626,394,True,7,7,observed
1S78,1,1,target,A,A,373,373,,373,GLU,373,395,P04626,395,True,9,9,observed
1S78,1,1,target,A,A,374,374,,374,GLN,374,396,P04626,396,True,9,9,observed
1S78,1,1,target,A,A,375,375,,375,LEU,375,397,P04626,397,True,8,8,observed
1S78,1,1,target,A,A,376,376,,376,GLN,376,398,P04626,398,True,9,9,observed
1S78,1,1,target,A,A,377,377,,377,VAL,377,399,P04626,399,True,7,7,observed
1S78,1,1,target,A,A,378,378,,378,PHE,378,400,P04626,400,True,11,11,observed
1S78,1,1,target,A,A,379,379,,379,GLU,379,401,P04626,401,True,9,9,observed
1S78,1,1,target,A,A,380,380,,380,THR,380,402,P04626,402,True,7,7,observed
1S78,1,1,target,A,A,381,381,,381,LEU,381,403,P04626,403,True,8,8,observed
1S78,1,1,target,A,A,382,382,,382,GLU,382,404,P04626,404,True,9,9,observed
1S78,1,1,target,A,A,383,383,,383,GLU,383,405,P04626,405,True,9,9,observed
1S78,1,1,target,A,A,384,384,,384,ILE,384,406,P04626,406,True,8,8,observed
1S78,1,1,target,A,A,385,385,,385,THR,385,407,P04626,407,True,7,7,observed
1S78,1,1,target,A,A,386,386,,386,GLY,386,408,P04626,408,True,4,4,observed
1S78,1,1,target,A,A,387,387,,387,TYR,387,409,P04626,409,True,12,12,observed
1S78,1,1,target,A,A,388,388,,388,LEU,388,410,P04626,410,True,8,8,observed
1S78,1,1,target,A,A,389,389,,389,TYR,389,411,P04626,411,True,12,12,observed
1S78,1,1,target,A,A,390,390,,390,ILE,390,412,P04626,412,True,8,8,observed
1S78,1,1,target,A,A,391,391,,391,SER,391,413,P04626,413,True,6,6,observed
1S78,1,1,target,A,A,392,392,,392,ALA,392,414,P04626,414,True,5,5,observed
1S78,1,1,target,A,A,393,393,,393,TRP,393,415,P04626,415,True,14,14,observed
1S78,1,1,target,A,A,394,394,,394,PRO,394,416,P04626,416,True,7,7,observed
1S78,1,1,target,A,A,395,395,,395,ASP,395,417,P04626,417,True,8,8,observed
1S78,1,1,target,A,A,396,396,,396,SER,396,418,P04626,418,True,6,6,observed
1S78,1,1,target,A,A,397,397,,397,LEU,397,419,P04626,419,True,8,8,observed
1S78,1,1,target,A,A,398,398,,398,PRO,398,420,P04626,420,True,7,7,observed
1S78,1,1,target,A,A,399,399,,399,ASP,399,421,P04626,421,True,8,8,observed
1S78,1,1,target,A,A,400,400,,400,LEU,400,422,P04626,422,True,8,8,observed
1S78,1,1,target,A,A,401,401,,401,SER,401,423,P04626,423,True,6,6,observed
1S78,1,1,target,A,A,402,402,,402,VAL,402,424,P04626,424,True,7,7,observed
1S78,1,1,target,A,A,403,403,,403,PHE,403,425,P04626,425,True,11,11,observed
1S78,1,1,target,A,A,404,404,,404,GLN,404,426,P04626,426,True,9,9,observed
1S78,1,1,target,A,A,405,405,,405,ASN,405,427,P04626,427,True,8,8,observed
1S78,1,1,target,A,A,406,406,,406,LEU,406,428,P04626,428,True,8,8,observed
1S78,1,1,target,A,A,407,407,,407,GLN,407,429,P04626,429,True,9,9,observed
1S78,1,1,target,A,A,408,408,,408,VAL,408,430,P04626,430,True,7,7,observed
1S78,1,1,target,A,A,409,409,,409,ILE,409,431,P04626,431,True,8,8,observed
1S78,1,1,target,A,A,410,410,,410,ARG,410,432,P04626,432,True,11,11,observed
1S78,1,1,target,A,A,411,411,,411,GLY,411,433,P04626,433,True,4,4,observed
1S78,1,1,target,A,A,412,412,,412,ARG,412,434,P04626,434,True,11,11,observed
1S78,1,1,target,A,A,413,413,,413,ILE,413,435,P04626,435,True,8,8,observed
1S78,1,1,target,A,A,414,414,,414,LEU,414,436,P04626,436,True,8,8,observed
1S78,1,1,target,A,A,415,415,,415,HIS,415,437,P04626,437,True,10,10,observed
1S78,1,1,target,A,A,416,416,,416,ASN,416,438,P04626,438,True,8,8,observed
1S78,1,1,target,A,A,417,417,,417,GLY,417,439,P04626,439,True,4,4,observed
1S78,1,1,target,A,A,418,418,,418,ALA,418,440,P04626,440,True,5,5,observed
1S78,1,1,target,A,A,419,419,,419,TYR,419,441,P04626,441,True,12,12,observed
1S78,1,1,target,A,A,420,420,,420,SER,420,442,P04626,442,True,6,6,observed
1S78,1,1,target,A,A,421,421,,421,LEU,421,443,P04626,443,True,8,8,observed
1S78,1,1,target,A,A,422,422,,422,THR,422,444,P04626,444,True,7,7,observed
1S78,1,1,target,A,A,423,423,,423,LEU,423,445,P04626,445,True,8,8,observed
1S78,1,1,target,A,A,424,424,,424,GLN,424,446,P04626,446,True,9,9,observed
1S78,1,1,target,A,A,425,425,,425,GLY,425,447,P04626,447,True,4,4,observed
1S78,1,1,target,A,A,426,426,,426,LEU,426,448,P04626,448,True,8,8,observed
1S78,1,1,target,A,A,427,427,,427,GLY,427,449,P04626,449,True,4,4,observed
1S78,1,1,target,A,A,428,428,,428,ILE,428,450,P04626,450,True,8,8,observed
1S78,1,1,target,A,A,429,429,,429,SER,429,451,P04626,451,True,6,6,observed
1S78,1,1,target,A,A,430,430,,430,TRP,430,452,P04626,452,True,14,14,observed
1S78,1,1,target,A,A,431,431,,431,LEU,431,453,P04626,453,True,8,8,observed
1S78,1,1,target,A,A,432,432,,432,GLY,432,454,P04626,454,True,4,4,observed
1S78,1,1,target,A,A,433,433,,433,LEU,433,455,P04626,455,True,8,8,observed
1S78,1,1,target,A,A,434,434,,434,ARG,434,456,P04626,456,True,11,11,observed
1S78,1,1,target,A,A,435,435,,435,SER,435,457,P04626,457,True,6,6,observed
1S78,1,1,target,A,A,436,436,,436,LEU,436,458,P04626,458,True,8,8,observed
1S78,1,1,target,A,A,437,437,,437,ARG,437,459,P04626,459,True,11,11,observed
1S78,1,1,target,A,A,438,438,,438,GLU,438,460,P04626,460,True,9,9,observed
1S78,1,1,target,A,A,439,439,,439,LEU,439,461,P04626,461,True,8,8,observed
1S78,1,1,target,A,A,440,440,,440,GLY,440,462,P04626,462,True,4,4,observed
1S78,1,1,target,A,A,441,441,,441,SER,441,463,P04626,463,True,6,6,observed
1S78,1,1,target,A,A,442,442,,442,GLY,442,464,P04626,464,True,4,4,observed
1S78,1,1,target,A,A,443,443,,443,LEU,443,465,P04626,465,True,8,8,observed
1S78,1,1,target,A,A,444,444,,444,ALA,444,466,P04626,466,True,5,5,observed
1S78,1,1,target,A,A,445,445,,445,LEU,445,467,P04626,467,True,8,8,observed
1S78,1,1,target,A,A,446,446,,446,ILE,446,468,P04626,468,True,8,8,observed
1S78,1,1,target,A,A,447,447,,447,HIS,447,469,P04626,469,True,10,10,observed
1S78,1,1,target,A,A,448,448,,448,HIS,448,470,P04626,470,True,10,10,observed
1S78,1,1,target,A,A,449,449,,449,ASN,449,471,P04626,471,True,8,8,observed
1S78,1,1,target,A,A,450,450,,450,THR,450,472,P04626,472,True,7,7,observed
1S78,1,1,target,A,A,451,451,,451,HIS,451,473,P04626,473,True,10,10,observed
1S78,1,1,target,A,A,452,452,,452,LEU,452,474,P04626,474,True,8,8,observed
1S78,1,1,target,A,A,453,453,,453,CYS,453,475,P04626,475,True,6,6,observed
1S78,1,1,target,A,A,454,454,,454,PHE,454,476,P04626,476,True,11,11,observed
1S78,1,1,target,A,A,455,455,,455,VAL,455,477,P04626,477,True,7,7,observed
1S78,1,1,target,A,A,456,456,,456,HIS,456,478,P04626,478,True,10,10,observed
1S78,1,1,target,A,A,457,457,,457,THR,457,479,P04626,479,True,7,7,observed
1S78,1,1,target,A,A,458,458,,458,VAL,458,480,P04626,480,True,7,7,observed
1S78,1,1,target,A,A,459,459,,459,PRO,459,481,P04626,481,True,7,7,observed
1S78,1,1,target,A,A,460,460,,460,TRP,460,482,P04626,482,True,14,14,observed
1S78,1,1,target,A,A,461,461,,461,ASP,461,483,P04626,483,True,8,8,observed
1S78,1,1,target,A,A,462,462,,462,GLN,462,484,P04626,484,True,9,9,observed
1S78,1,1,target,A,A,463,463,,463,LEU,463,485,P04626,485,True,8,8,observed
1S78,1,1,target,A,A,464,464,,464,PHE,464,486,P04626,486,True,11,11,observed
1S78,1,1,target,A,A,465,465,,465,ARG,465,487,P04626,487,True,11,11,observed
1S78,1,1,target,A,A,466,466,,466,ASN,466,488,P04626,488,True,8,8,observed
1S78,1,1,target,A,A,467,467,,467,PRO,467,489,P04626,489,True,7,7,observed
1S78,1,1,target,A,A,468,468,,468,HIS,468,490,P04626,490,True,10,10,observed
1S78,1,1,target,A,A,469,469,,469,GLN,469,491,P04626,491,True,9,9,observed
1S78,1,1,target,A,A,470,470,,470,ALA,470,492,P04626,492,True,5,5,observed
1S78,1,1,target,A,A,471,471,,471,LEU,471,493,P04626,493,True,8,8,observed
1S78,1,1,target,A,A,472,472,,472,LEU,472,494,P04626,494,True,8,8,observed
1S78,1,1,target,A,A,473,473,,473,HIS,473,495,P04626,495,True,10,10,observed
1S78,1,1,target,A,A,474,474,,474,THR,474,496,P04626,496,True,7,7,observed
1S78,1,1,target,A,A,475,475,,475,ALA,475,497,P04626,497,True,5,5,observed
1S78,1,1,target,A,A,476,476,,476,ASN,476,498,P04626,498,True,8,8,observed
1S78,1,1,target,A,A,477,477,,477,ARG,477,499,P04626,499,True,11,11,observed
1S78,1,1,target,A,A,478,478,,478,PRO,478,500,P04626,500,True,7,7,observed
1S78,1,1,target,A,A,479,479,,479,GLU,479,501,P04626,501,True,9,9,observed
1S78,1,1,target,A,A,480,480,,480,ASP,480,502,P04626,502,True,8,8,observed
1S78,1,1,target,A,A,481,481,,481,GLU,481,503,P04626,503,True,9,9,observed
1S78,1,1,target,A,A,482,482,,482,CYS,482,504,P04626,504,True,6,6,observed
1S78,1,1,target,A,A,483,483,,483,VAL,483,505,P04626,505,True,7,7,observed
1S78,1,1,target,A,A,484,484,,484,GLY,484,506,P04626,506,True,4,4,observed
1S78,1,1,target,A,A,485,485,,485,GLU,485,507,P04626,507,True,9,9,observed
1S78,1,1,target,A,A,486,486,,486,GLY,486,508,P04626,508,True,4,4,observed
1S78,1,1,target,A,A,487,487,,487,LEU,487,509,P04626,509,True,8,8,observed
1S78,1,1,target,A,A,488,488,,488,ALA,488,510,P04626,510,True,5,5,observed
1S78,1,1,target,A,A,489,489,,489,CYS,489,511,P04626,511,True,6,6,observed
1S78,1,1,target,A,A,490,490,,490,HIS,490,512,P04626,512,True,10,10,observed
1S78,1,1,target,A,A,491,491,,491,GLN,491,513,P04626,513,True,9,9,observed
1S78,1,1,target,A,A,492,492,,492,LEU,492,514,P04626,514,True,8,8,observed
1S78,1,1,target,A,A,493,493,,493,CYS,493,515,P04626,515,True,6,6,observed
1S78,1,1,target,A,A,494,494,,494,ALA,494,516,P04626,516,True,5,5,observed
1S78,1,1,target,A,A,495,495,,495,ARG,495,517,P04626,517,True,11,11,observed
1S78,1,1,target,A,A,496,496,,496,GLY,496,518,P04626,518,True,4,4,observed
1S78,1,1,target,A,A,497,497,,497,HIS,497,519,P04626,519,True,10,10,observed
1S78,1,1,target,A,A,498,498,,498,CYS,498,520,P04626,520,True,6,6,observed
1S78,1,1,target,A,A,499,499,,499,TRP,499,521,P04626,521,True,14,14,observed
1S78,1,1,target,A,A,500,500,,500,GLY,500,522,P04626,522,True,4,4,observed
1S78,1,1,target,A,A,501,501,,501,PRO,501,523,P04626,523,True,7,7,observed
1S78,1,1,target,A,A,502,502,,502,GLY,502,524,P04626,524,True,4,4,observed
1S78,1,1,target,A,A,503,503,,503,PRO,503,525,P04626,525,True,7,7,observed
1S78,1,1,target,A,A,504,504,,504,THR,504,526,P04626,526,True,7,7,observed
1S78,1,1,target,A,A,505,505,,505,GLN,505,527,P04626,527,True,9,9,observed
1S78,1,1,target,A,A,506,506,,506,CYS,506,528,P04626,528,True,6,6,observed
1S78,1,1,target,A,A,507,507,,507,VAL,507,529,P04626,529,True,7,7,observed
1S78,1,1,target,A,A,508,508,,508,ASN,508,530,P04626,530,True,8,8,observed
1S78,1,1,target,A,A,509,509,,509,CYS,509,531,P04626,531,True,6,6,observed
1S78,1,1,target,A,A,510,510,,510,SER,510,532,P04626,532,True,6,6,observed
1S78,1,1,target,A,A,511,511,,511,GLN,511,533,P04626,533,True,9,9,observed
1S78,1,1,target,A,A,512,512,,512,PHE,512,534,P04626,534,True,11,11,observed
1S78,1,1,target,A,A,513,513,,513,LEU,513,535,P04626,535,True,8,8,observed
1S78,1,1,target,A,A,514,514,,514,ARG,514,536,P04626,536,True,11,11,observed
1S78,1,1,target,A,A,515,515,,515,GLY,515,537,P04626,537,True,4,4,observed
1S78,1,1,target,A,A,516,516,,516,GLN,516,538,P04626,538,True,9,9,observed
1S78,1,1,target,A,A,517,517,,517,GLU,517,539,P04626,539,True,9,9,observed
1S78,1,1,target,A,A,518,518,,518,CYS,518,540,P04626,540,True,6,6,observed
1S78,1,1,target,A,A,519,519,,519,VAL,519,541,P04626,541,True,7,7,observed
1S78,1,1,target,A,A,520,520,,520,GLU,520,542,P04626,542,True,9,9,observed
1S78,1,1,target,A,A,521,521,,521,GLU,521,543,P04626,543,True,9,9,observed
1S78,1,1,target,A,A,522,522,,522,CYS,522,544,P04626,544,True,6,6,observed
1S78,1,1,target,A,A,523,523,,523,ARG,523,545,P04626,545,True,11,11,observed
1S78,1,1,target,A,A,524,524,,524,VAL,524,546,P04626,546,True,7,7,observed
1S78,1,1,target,A,A,525,525,,525,LEU,525,547,P04626,547,True,8,8,observed
1S78,1,1,target,A,A,526,526,,526,GLN,526,548,P04626,548,True,9,9,observed
1S78,1,1,target,A,A,527,527,,527,GLY,527,549,P04626,549,True,4,4,observed
1S78,1,1,target,A,A,528,528,,528,LEU,528,550,P04626,550,True,8,8,observed
1S78,1,1,target,A,A,529,529,,529,PRO,529,551,P04626,551,True,7,7,observed
1S78,1,1,target,A,A,530,530,,530,ARG,530,552,P04626,552,True,11,11,observed
1S78,1,1,target,A,A,531,531,,531,GLU,531,553,P04626,553,True,9,9,observed
1S78,1,1,target,A,A,532,532,,532,TYR,532,554,P04626,554,True,12,12,observed
1S78,1,1,target,A,A,533,533,,533,VAL,533,555,P04626,555,True,7,7,observed
1S78,1,1,target,A,A,534,534,,534,ASN,534,556,P04626,556,True,8,8,observed
1S78,1,1,target,A,A,535,535,,535,ALA,535,557,P04626,557,True,5,5,observed
1S78,1,1,target,A,A,536,536,,536,ARG,536,558,P04626,558,True,11,11,observed
1S78,1,1,target,A,A,537,537,,537,HIS,537,559,P04626,559,True,10,10,observed
1S78,1,1,target,A,A,538,538,,538,CYS,538,560,P04626,560,True,6,6,observed
1S78,1,1,target,A,A,539,539,,539,LEU,539,561,P04626,561,True,8,8,observed
1S78,1,1,target,A,A,540,540,,540,PRO,540,562,P04626,562,True,7,7,observed
1S78,1,1,target,A,A,541,541,,541,CYS,541,563,P04626,563,True,6,6,observed
1S78,1,1,target,A,A,542,542,,542,HIS,542,564,P04626,564,True,10,10,observed
1S78,1,1,target,A,A,543,543,,543,PRO,543,565,P04626,565,True,7,7,observed
1S78,1,1,target,A,A,544,544,,544,GLU,544,566,P04626,566,True,9,9,observed
1S78,1,1,target,A,A,545,545,,545,CYS,545,567,P04626,567,True,6,6,observed
1S78,1,1,target,A,A,546,546,,546,GLN,546,568,P04626,568,True,9,9,observed
1S78,1,1,target,A,A,547,547,,547,PRO,547,569,P04626,569,True,7,7,observed
1S78,1,1,target,A,A,548,548,,548,GLN,548,570,P04626,570,True,9,9,observed
1S78,1,1,target,A,A,549,549,,549,ASN,549,571,P04626,571,True,8,8,observed
1S78,1,1,target,A,A,550,550,,550,GLY,550,572,P04626,572,True,4,4,observed
1S78,1,1,target,A,A,551,551,,551,SER,551,573,P04626,573,True,6,6,observed
1S78,1,1,target,A,A,552,552,,552,VAL,552,574,P04626,574,True,7,7,observed
1S78,1,1,target,A,A,553,553,,553,THR,553,575,P04626,575,True,7,7,observed
1S78,1,1,target,A,A,554,554,,554,CYS,554,576,P04626,576,True,6,6,observed
1S78,1,1,target,A,A,555,555,,555,PHE,555,577,P04626,577,True,11,11,observed
1S78,1,1,target,A,A,556,556,,556,GLY,556,578,P04626,578,True,4,4,observed
1S78,1,1,target,A,A,557,557,,557,PRO,557,579,P04626,579,True,7,7,observed
1S78,1,1,target,A,A,558,558,,558,GLU,558,580,P04626,580,True,9,9,observed
1S78,1,1,target,A,A,559,559,,559,ALA,559,581,P04626,581,True,5,5,observed
1S78,1,1,target,A,A,560,560,,560,ASP,560,582,P04626,582,True,8,8,observed
1S78,1,1,target,A,A,561,561,,561,GLN,561,583,P04626,583,True,9,9,observed
1S78,1,1,target,A,A,562,562,,562,CYS,562,584,P04626,584,True,6,6,observed
1S78,1,1,target,A,A,563,563,,563,VAL,563,585,P04626,585,True,7,7,observed
1S78,1,1,target,A,A,564,564,,564,ALA,564,586,P04626,586,True,5,5,observed
1S78,1,1,target,A,A,565,565,,,CYS,565,587,P04626,587,False,0,0,unobserved
1S78,1,1,target,A,A,566,566,,,ALA,566,588,P04626,588,False,0,0,unobserved
1S78,1,1,target,A,A,567,567,,,HIS,567,589,P04626,589,False,0,0,unobserved
1S78,1,1,target,A,A,568,568,,,TYR,568,590,P04626,590,False,0,0,unobserved
1S78,1,1,target,A,A,569,569,,,LYS,569,591,P04626,591,False,0,0,unobserved
1S78,1,1,target,A,A,570,570,,,ASP,570,592,P04626,592,False,0,0,unobserved
1S78,1,1,target,A,A,571,571,,,PRO,571,593,P04626,593,False,0,0,unobserved
1S78,1,1,target,A,A,572,572,,,PRO,572,594,P04626,594,False,0,0,unobserved
1S78,1,1,target,A,A,573,573,,,PHE,573,595,P04626,595,False,0,0,unobserved
1S78,1,1,target,A,A,574,574,,,CYS,574,596,P04626,596,False,0,0,unobserved
1S78,1,1,target,A,A,575,575,,,VAL,575,597,P04626,597,False,0,0,unobserved
1S78,1,1,target,A,A,576,576,,,ALA,576,598,P04626,598,False,0,0,unobserved
1S78,1,1,target,A,A,577,577,,,ARG,577,599,P04626,599,False,0,0,unobserved
1S78,1,1,target,A,A,578,578,,,CYS,578,600,P04626,600,False,0,0,unobserved
1S78,1,1,target,A,A,579,579,,,PRO,579,601,P04626,601,False,0,0,unobserved
1S78,1,1,target,A,A,580,580,,,SER,580,602,P04626,602,False,0,0,unobserved
1S78,1,1,target,A,A,581,581,,,GLY,581,603,P04626,603,False,0,0,unobserved
1S78,1,1,target,A,A,582,582,,,VAL,582,604,P04626,604,False,0,0,unobserved
1S78,1,1,target,A,A,583,583,,,LYS,583,605,P04626,605,False,0,0,unobserved
1S78,1,1,target,A,A,584,584,,,PRO,584,606,P04626,606,False,0,0,unobserved
1S78,1,1,target,A,A,585,585,,,ASP,585,607,P04626,607,False,0,0,unobserved
1S78,1,1,target,A,A,586,586,,,LEU,586,608,P04626,608,False,0,0,unobserved
1S78,1,1,target,A,A,587,587,,,SER,587,609,P04626,609,False,0,0,unobserved
1S78,1,1,target,A,A,588,588,,,TYR,588,610,P04626,610,False,0,0,unobserved
1S78,1,1,target,A,A,589,589,,,MET,589,611,P04626,611,False,0,0,unobserved
1S78,1,1,target,A,A,590,590,,,PRO,590,612,P04626,612,False,0,0,unobserved
1S78,1,1,target,A,A,591,591,,,ILE,591,613,P04626,613,False,0,0,unobserved
1S78,1,1,target,A,A,592,592,,,TRP,592,614,P04626,614,False,0,0,unobserved
1S78,1,1,target,A,A,593,593,,,LYS,593,615,P04626,615,False,0,0,unobserved
1S78,1,1,target,A,A,594,594,,,PHE,594,616,P04626,616,False,0,0,unobserved
1S78,1,1,target,A,A,595,595,,,PRO,595,617,P04626,617,False,0,0,unobserved
1S78,1,1,target,A,A,596,596,,,ASP,596,618,P04626,618,False,0,0,unobserved
1S78,1,1,target,A,A,597,597,,,GLU,597,619,P04626,619,False,0,0,unobserved
1S78,1,1,target,A,A,598,598,,,GLU,598,620,P04626,620,False,0,0,unobserved
1S78,1,1,target,A,A,599,599,,,GLY,599,621,P04626,621,False,0,0,unobserved
1S78,1,1,target,A,A,600,600,,,ALA,600,622,P04626,622,False,0,0,unobserved
1S78,1,1,target,A,A,601,601,,,CYS,601,623,P04626,623,False,0,0,unobserved
1S78,1,1,target,A,A,602,602,,,GLN,602,624,P04626,624,False,0,0,unobserved
1S78,1,1,target,A,A,603,603,,,PRO,603,625,P04626,625,False,0,0,unobserved
1S78,1,1,target,A,A,604,604,,,CYS,604,626,P04626,626,False,0,0,unobserved
1S78,1,1,target,A,A,605,605,,,PRO,605,627,P04626,627,False,0,0,unobserved
1S78,1,1,target,A,A,606,606,,,ILE,606,628,P04626,628,False,0,0,unobserved
1S78,1,1,target,A,A,607,607,,,ASN,607,629,P04626,629,False,0,0,unobserved
1S78,1,1,target,A,A,608,608,,,CYS,608,630,P04626,630,False,0,0,unobserved
1S78,1,1,target,A,A,609,609,,,THR,609,631,P04626,631,False,0,0,unobserved
1S78,1,1,target,A,A,610,610,,,HIS,610,632,P04626,632,False,0,0,unobserved
1S78,1,1,target,A,A,611,611,,,SER,611,633,P04626,633,False,0,0,unobserved
1S78,1,1,target,A,A,612,612,,,CYS,612,634,P04626,634,False,0,0,unobserved
1S78,1,1,target,A,A,613,613,,,VAL,613,635,P04626,635,False,0,0,unobserved
1S78,1,1,target,A,A,614,614,,,ASP,614,636,P04626,636,False,0,0,unobserved
1S78,1,1,target,A,A,615,615,,,LEU,615,637,P04626,637,False,0,0,unobserved
1S78,1,1,target,A,A,616,616,,,ASP,616,638,P04626,638,False,0,0,unobserved
1S78,1,1,target,A,A,617,617,,,ASP,617,639,P04626,639,False,0,0,unobserved
1S78,1,1,target,A,A,618,618,,,LYS,618,640,P04626,640,False,0,0,unobserved
1S78,1,1,target,A,A,619,619,,,GLY,619,641,P04626,641,False,0,0,unobserved
1S78,1,1,target,A,A,620,620,,,CYS,620,642,P04626,642,False,0,0,unobserved
1S78,1,1,target,A,A,621,621,,,PRO,621,643,P04626,643,False,0,0,unobserved
1S78,1,1,target,A,A,622,622,,,ALA,622,644,P04626,644,False,0,0,unobserved
1S78,1,1,target,A,A,623,623,,,GLU,623,645,P04626,645,False,0,0,unobserved
1S78,1,1,target,A,A,624,624,,,GLN,624,646,P04626,646,False,0,0,unobserved
1S78,1,1,target,B,B,1,1,,1,THR,1,23,P04626,23,True,7,7,observed
1S78,1,1,target,B,B,2,2,,2,GLN,2,24,P04626,24,True,9,9,observed
1S78,1,1,target,B,B,3,3,,3,VAL,3,25,P04626,25,True,7,7,observed
1S78,1,1,target,B,B,4,4,,4,CYS,4,26,P04626,26,True,6,6,observed
1S78,1,1,target,B,B,5,5,,5,THR,5,27,P04626,27,True,7,7,observed
1S78,1,1,target,B,B,6,6,,6,GLY,6,28,P04626,28,True,4,4,observed
1S78,1,1,target,B,B,7,7,,7,THR,7,29,P04626,29,True,7,7,observed
1S78,1,1,target,B,B,8,8,,8,ASP,8,30,P04626,30,True,8,8,observed
1S78,1,1,target,B,B,9,9,,9,MET,9,31,P04626,31,True,8,8,observed
1S78,1,1,target,B,B,10,10,,10,LYS,10,32,P04626,32,True,9,9,observed
1S78,1,1,target,B,B,11,11,,11,LEU,11,33,P04626,33,True,8,8,observed
1S78,1,1,target,B,B,12,12,,12,ARG,12,34,P04626,34,True,11,11,observed
1S78,1,1,target,B,B,13,13,,13,LEU,13,35,P04626,35,True,8,8,observed
1S78,1,1,target,B,B,14,14,,14,PRO,14,36,P04626,36,True,7,7,observed
1S78,1,1,target,B,B,15,15,,15,ALA,15,37,P04626,37,True,5,5,observed
1S78,1,1,target,B,B,16,16,,16,SER,16,38,P04626,38,True,6,6,observed
1S78,1,1,target,B,B,17,17,,17,PRO,17,39,P04626,39,True,7,7,observed
1S78,1,1,target,B,B,18,18,,18,GLU,18,40,P04626,40,True,9,9,observed
1S78,1,1,target,B,B,19,19,,19,THR,19,41,P04626,41,True,7,7,observed
1S78,1,1,target,B,B,20,20,,20,HIS,20,42,P04626,42,True,10,10,observed
1S78,1,1,target,B,B,21,21,,21,LEU,21,43,P04626,43,True,8,8,observed
1S78,1,1,target,B,B,22,22,,22,ASP,22,44,P04626,44,True,8,8,observed
1S78,1,1,target,B,B,23,23,,23,MET,23,45,P04626,45,True,8,8,observed
1S78,1,1,target,B,B,24,24,,24,LEU,24,46,P04626,46,True,8,8,observed
1S78,1,1,target,B,B,25,25,,25,ARG,25,47,P04626,47,True,11,11,observed
1S78,1,1,target,B,B,26,26,,26,HIS,26,48,P04626,48,True,10,10,observed
1S78,1,1,target,B,B,27,27,,27,LEU,27,49,P04626,49,True,8,8,observed
1S78,1,1,target,B,B,28,28,,28,TYR,28,50,P04626,50,True,12,12,observed
1S78,1,1,target,B,B,29,29,,29,GLN,29,51,P04626,51,True,9,9,observed
1S78,1,1,target,B,B,30,30,,30,GLY,30,52,P04626,52,True,4,4,observed
1S78,1,1,target,B,B,31,31,,31,CYS,31,53,P04626,53,True,6,6,observed
1S78,1,1,target,B,B,32,32,,32,GLN,32,54,P04626,54,True,9,9,observed
1S78,1,1,target,B,B,33,33,,33,VAL,33,55,P04626,55,True,7,7,observed
1S78,1,1,target,B,B,34,34,,34,VAL,34,56,P04626,56,True,7,7,observed
1S78,1,1,target,B,B,35,35,,35,GLN,35,57,P04626,57,True,9,9,observed
1S78,1,1,target,B,B,36,36,,36,GLY,36,58,P04626,58,True,4,4,observed
1S78,1,1,target,B,B,37,37,,37,ASN,37,59,P04626,59,True,8,8,observed
1S78,1,1,target,B,B,38,38,,38,LEU,38,60,P04626,60,True,8,8,observed
1S78,1,1,target,B,B,39,39,,39,GLU,39,61,P04626,61,True,9,9,observed
1S78,1,1,target,B,B,40,40,,40,LEU,40,62,P04626,62,True,8,8,observed
1S78,1,1,target,B,B,41,41,,41,THR,41,63,P04626,63,True,7,7,observed
1S78,1,1,target,B,B,42,42,,42,TYR,42,64,P04626,64,True,12,12,observed
1S78,1,1,target,B,B,43,43,,43,LEU,43,65,P04626,65,True,8,8,observed
1S78,1,1,target,B,B,44,44,,44,PRO,44,66,P04626,66,True,7,7,observed
1S78,1,1,target,B,B,45,45,,45,THR,45,67,P04626,67,True,7,7,observed
1S78,1,1,target,B,B,46,46,,46,ASN,46,68,P04626,68,True,8,8,observed
1S78,1,1,target,B,B,47,47,,47,ALA,47,69,P04626,69,True,5,5,observed
1S78,1,1,target,B,B,48,48,,48,SER,48,70,P04626,70,True,6,6,observed
1S78,1,1,target,B,B,49,49,,49,LEU,49,71,P04626,71,True,8,8,observed
1S78,1,1,target,B,B,50,50,,50,SER,50,72,P04626,72,True,6,6,observed
1S78,1,1,target,B,B,51,51,,51,PHE,51,73,P04626,73,True,11,11,observed
1S78,1,1,target,B,B,52,52,,52,LEU,52,74,P04626,74,True,8,8,observed
1S78,1,1,target,B,B,53,53,,53,GLN,53,75,P04626,75,True,9,9,observed
1S78,1,1,target,B,B,54,54,,54,ASP,54,76,P04626,76,True,8,8,observed
1S78,1,1,target,B,B,55,55,,55,ILE,55,77,P04626,77,True,8,8,observed
1S78,1,1,target,B,B,56,56,,56,GLN,56,78,P04626,78,True,9,9,observed
1S78,1,1,target,B,B,57,57,,57,GLU,57,79,P04626,79,True,9,9,observed
1S78,1,1,target,B,B,58,58,,58,VAL,58,80,P04626,80,True,7,7,observed
1S78,1,1,target,B,B,59,59,,59,GLN,59,81,P04626,81,True,9,9,observed
1S78,1,1,target,B,B,60,60,,60,GLY,60,82,P04626,82,True,4,4,observed
1S78,1,1,target,B,B,61,61,,61,TYR,61,83,P04626,83,True,12,12,observed
1S78,1,1,target,B,B,62,62,,62,VAL,62,84,P04626,84,True,7,7,observed
1S78,1,1,target,B,B,63,63,,63,LEU,63,85,P04626,85,True,8,8,observed
1S78,1,1,target,B,B,64,64,,64,ILE,64,86,P04626,86,True,8,8,observed
1S78,1,1,target,B,B,65,65,,65,ALA,65,87,P04626,87,True,5,5,observed
1S78,1,1,target,B,B,66,66,,66,HIS,66,88,P04626,88,True,10,10,observed
1S78,1,1,target,B,B,67,67,,67,ASN,67,89,P04626,89,True,8,8,observed
1S78,1,1,target,B,B,68,68,,68,GLN,68,90,P04626,90,True,9,9,observed
1S78,1,1,target,B,B,69,69,,69,VAL,69,91,P04626,91,True,7,7,observed
1S78,1,1,target,B,B,70,70,,70,ARG,70,92,P04626,92,True,11,11,observed
1S78,1,1,target,B,B,71,71,,71,GLN,71,93,P04626,93,True,9,9,observed
1S78,1,1,target,B,B,72,72,,72,VAL,72,94,P04626,94,True,7,7,observed
1S78,1,1,target,B,B,73,73,,73,PRO,73,95,P04626,95,True,7,7,observed
1S78,1,1,target,B,B,74,74,,74,LEU,74,96,P04626,96,True,8,8,observed
1S78,1,1,target,B,B,75,75,,75,GLN,75,97,P04626,97,True,9,9,observed
1S78,1,1,target,B,B,76,76,,76,ARG,76,98,P04626,98,True,11,11,observed
1S78,1,1,target,B,B,77,77,,77,LEU,77,99,P04626,99,True,8,8,observed
1S78,1,1,target,B,B,78,78,,78,ARG,78,100,P04626,100,True,11,11,observed
1S78,1,1,target,B,B,79,79,,79,ILE,79,101,P04626,101,True,8,8,observed
1S78,1,1,target,B,B,80,80,,80,VAL,80,102,P04626,102,True,7,7,observed
1S78,1,1,target,B,B,81,81,,81,ARG,81,103,P04626,103,True,11,11,observed
1S78,1,1,target,B,B,82,82,,82,GLY,82,104,P04626,104,True,4,4,observed
1S78,1,1,target,B,B,83,83,,83,THR,83,105,P04626,105,True,7,7,observed
1S78,1,1,target,B,B,84,84,,84,GLN,84,106,P04626,106,True,9,9,observed
1S78,1,1,target,B,B,85,85,,85,LEU,85,107,P04626,107,True,8,8,observed
1S78,1,1,target,B,B,86,86,,86,PHE,86,108,P04626,108,True,11,11,observed
1S78,1,1,target,B,B,87,87,,87,GLU,87,109,P04626,109,True,9,9,observed
1S78,1,1,target,B,B,88,88,,88,ASP,88,110,P04626,110,True,8,8,observed
1S78,1,1,target,B,B,89,89,,89,ASN,89,111,P04626,111,True,8,8,observed
1S78,1,1,target,B,B,90,90,,90,TYR,90,112,P04626,112,True,12,12,observed
1S78,1,1,target,B,B,91,91,,91,ALA,91,113,P04626,113,True,5,5,observed
1S78,1,1,target,B,B,92,92,,92,LEU,92,114,P04626,114,True,8,8,observed
1S78,1,1,target,B,B,93,93,,93,ALA,93,115,P04626,115,True,5,5,observed
1S78,1,1,target,B,B,94,94,,94,VAL,94,116,P04626,116,True,7,7,observed
1S78,1,1,target,B,B,95,95,,95,LEU,95,117,P04626,117,True,8,8,observed
1S78,1,1,target,B,B,96,96,,96,ASP,96,118,P04626,118,True,8,8,observed
1S78,1,1,target,B,B,97,97,,97,ASN,97,119,P04626,119,True,8,8,observed
1S78,1,1,target,B,B,98,98,,98,GLY,98,120,P04626,120,True,4,4,observed
1S78,1,1,target,B,B,99,99,,99,ASP,99,121,P04626,121,True,8,8,observed
1S78,1,1,target,B,B,100,100,,100,PRO,100,122,P04626,122,True,7,7,observed
1S78,1,1,target,B,B,101,101,,101,LEU,101,123,P04626,123,True,8,8,observed
1S78,1,1,target,B,B,102,102,,,ASN,102,124,P04626,124,False,0,0,unobserved
1S78,1,1,target,B,B,103,103,,,ASN,103,125,P04626,125,False,0,0,unobserved
1S78,1,1,target,B,B,104,104,,,THR,104,126,P04626,126,False,0,0,unobserved
1S78,1,1,target,B,B,105,105,,,THR,105,127,P04626,127,False,0,0,unobserved
1S78,1,1,target,B,B,106,106,,,PRO,106,128,P04626,128,False,0,0,unobserved
1S78,1,1,target,B,B,107,107,,,VAL,107,129,P04626,129,False,0,0,unobserved
1S78,1,1,target,B,B,108,108,,,THR,108,130,P04626,130,False,0,0,unobserved
1S78,1,1,target,B,B,109,109,,,GLY,109,131,P04626,131,False,0,0,unobserved
1S78,1,1,target,B,B,110,110,,,ALA,110,132,P04626,132,False,0,0,unobserved
1S78,1,1,target,B,B,111,111,,111,SER,111,133,P04626,133,True,6,6,observed
1S78,1,1,target,B,B,112,112,,112,PRO,112,134,P04626,134,True,7,7,observed
1S78,1,1,target,B,B,113,113,,113,GLY,113,135,P04626,135,True,4,4,observed
1S78,1,1,target,B,B,114,114,,114,GLY,114,136,P04626,136,True,4,4,observed
1S78,1,1,target,B,B,115,115,,115,LEU,115,137,P04626,137,True,8,8,observed
1S78,1,1,target,B,B,116,116,,116,ARG,116,138,P04626,138,True,11,11,observed
1S78,1,1,target,B,B,117,117,,117,GLU,117,139,P04626,139,True,9,9,observed
1S78,1,1,target,B,B,118,118,,118,LEU,118,140,P04626,140,True,8,8,observed
1S78,1,1,target,B,B,119,119,,119,GLN,119,141,P04626,141,True,9,9,observed
1S78,1,1,target,B,B,120,120,,120,LEU,120,142,P04626,142,True,8,8,observed
1S78,1,1,target,B,B,121,121,,121,ARG,121,143,P04626,143,True,11,11,observed
1S78,1,1,target,B,B,122,122,,122,SER,122,144,P04626,144,True,6,6,observed
1S78,1,1,target,B,B,123,123,,123,LEU,123,145,P04626,145,True,8,8,observed
1S78,1,1,target,B,B,124,124,,124,THR,124,146,P04626,146,True,7,7,observed
1S78,1,1,target,B,B,125,125,,125,GLU,125,147,P04626,147,True,9,9,observed
1S78,1,1,target,B,B,126,126,,126,ILE,126,148,P04626,148,True,8,8,observed
1S78,1,1,target,B,B,127,127,,127,LEU,127,149,P04626,149,True,8,8,observed
1S78,1,1,target,B,B,128,128,,128,LYS,128,150,P04626,150,True,9,9,observed
1S78,1,1,target,B,B,129,129,,129,GLY,129,151,P04626,151,True,4,4,observed
1S78,1,1,target,B,B,130,130,,130,GLY,130,152,P04626,152,True,4,4,observed
1S78,1,1,target,B,B,131,131,,131,VAL,131,153,P04626,153,True,7,7,observed
1S78,1,1,target,B,B,132,132,,132,LEU,132,154,P04626,154,True,8,8,observed
1S78,1,1,target,B,B,133,133,,133,ILE,133,155,P04626,155,True,8,8,observed
1S78,1,1,target,B,B,134,134,,134,GLN,134,156,P04626,156,True,9,9,observed
1S78,1,1,target,B,B,135,135,,135,ARG,135,157,P04626,157,True,11,11,observed
1S78,1,1,target,B,B,136,136,,136,ASN,136,158,P04626,158,True,8,8,observed
1S78,1,1,target,B,B,137,137,,137,PRO,137,159,P04626,159,True,7,7,observed
1S78,1,1,target,B,B,138,138,,138,GLN,138,160,P04626,160,True,9,9,observed
1S78,1,1,target,B,B,139,139,,139,LEU,139,161,P04626,161,True,8,8,observed
1S78,1,1,target,B,B,140,140,,140,CYS,140,162,P04626,162,True,6,6,observed
1S78,1,1,target,B,B,141,141,,141,TYR,141,163,P04626,163,True,12,12,observed
1S78,1,1,target,B,B,142,142,,142,GLN,142,164,P04626,164,True,9,9,observed
1S78,1,1,target,B,B,143,143,,143,ASP,143,165,P04626,165,True,8,8,observed
1S78,1,1,target,B,B,144,144,,144,THR,144,166,P04626,166,True,7,7,observed
1S78,1,1,target,B,B,145,145,,145,ILE,145,167,P04626,167,True,8,8,observed
1S78,1,1,target,B,B,146,146,,146,LEU,146,168,P04626,168,True,8,8,observed
1S78,1,1,target,B,B,147,147,,147,TRP,147,169,P04626,169,True,14,14,observed
1S78,1,1,target,B,B,148,148,,148,LYS,148,170,P04626,170,True,9,9,observed
1S78,1,1,target,B,B,149,149,,149,ASP,149,171,P04626,171,True,8,8,observed
1S78,1,1,target,B,B,150,150,,150,ILE,150,172,P04626,172,True,8,8,observed
1S78,1,1,target,B,B,151,151,,151,PHE,151,173,P04626,173,True,11,11,observed
1S78,1,1,target,B,B,152,152,,152,HIS,152,174,P04626,174,True,10,10,observed
1S78,1,1,target,B,B,153,153,,153,LYS,153,175,P04626,175,True,9,9,observed
1S78,1,1,target,B,B,154,154,,154,ASN,154,176,P04626,176,True,8,8,observed
1S78,1,1,target,B,B,155,155,,155,ASN,155,177,P04626,177,True,8,8,observed
1S78,1,1,target,B,B,156,156,,156,GLN,156,178,P04626,178,True,9,9,observed
1S78,1,1,target,B,B,157,157,,157,LEU,157,179,P04626,179,True,8,8,observed
1S78,1,1,target,B,B,158,158,,158,ALA,158,180,P04626,180,True,5,5,observed
1S78,1,1,target,B,B,159,159,,159,LEU,159,181,P04626,181,True,8,8,observed
1S78,1,1,target,B,B,160,160,,160,THR,160,182,P04626,182,True,7,7,observed
1S78,1,1,target,B,B,161,161,,161,LEU,161,183,P04626,183,True,8,8,observed
1S78,1,1,target,B,B,162,162,,162,ILE,162,184,P04626,184,True,8,8,observed
1S78,1,1,target,B,B,163,163,,163,ASP,163,185,P04626,185,True,8,8,observed
1S78,1,1,target,B,B,164,164,,164,THR,164,186,P04626,186,True,7,7,observed
1S78,1,1,target,B,B,165,165,,165,ASN,165,187,P04626,187,True,8,8,observed
1S78,1,1,target,B,B,166,166,,166,ARG,166,188,P04626,188,True,11,11,observed
1S78,1,1,target,B,B,167,167,,167,SER,167,189,P04626,189,True,6,6,observed
1S78,1,1,target,B,B,168,168,,168,ARG,168,190,P04626,190,True,11,11,observed
1S78,1,1,target,B,B,169,169,,169,ALA,169,191,P04626,191,True,5,5,observed
1S78,1,1,target,B,B,170,170,,170,CYS,170,192,P04626,192,True,6,6,observed
1S78,1,1,target,B,B,171,171,,171,HIS,171,193,P04626,193,True,10,10,observed
1S78,1,1,target,B,B,172,172,,172,PRO,172,194,P04626,194,True,7,7,observed
1S78,1,1,target,B,B,173,173,,173,CYS,173,195,P04626,195,True,6,6,observed
1S78,1,1,target,B,B,174,174,,174,SER,174,196,P04626,196,True,6,6,observed
1S78,1,1,target,B,B,175,175,,175,PRO,175,197,P04626,197,True,7,7,observed
1S78,1,1,target,B,B,176,176,,176,MET,176,198,P04626,198,True,8,8,observed
1S78,1,1,target,B,B,177,177,,177,CYS,177,199,P04626,199,True,6,6,observed
1S78,1,1,target,B,B,178,178,,178,LYS,178,200,P04626,200,True,9,9,observed
1S78,1,1,target,B,B,179,179,,179,GLY,179,201,P04626,201,True,4,4,observed
1S78,1,1,target,B,B,180,180,,180,SER,180,202,P04626,202,True,6,6,observed
1S78,1,1,target,B,B,181,181,,181,ARG,181,203,P04626,203,True,11,11,observed
1S78,1,1,target,B,B,182,182,,182,CYS,182,204,P04626,204,True,6,6,observed
1S78,1,1,target,B,B,183,183,,183,TRP,183,205,P04626,205,True,14,14,observed
1S78,1,1,target,B,B,184,184,,184,GLY,184,206,P04626,206,True,4,4,observed
1S78,1,1,target,B,B,185,185,,185,GLU,185,207,P04626,207,True,9,9,observed
1S78,1,1,target,B,B,186,186,,186,SER,186,208,P04626,208,True,6,6,observed
1S78,1,1,target,B,B,187,187,,187,SER,187,209,P04626,209,True,6,6,observed
1S78,1,1,target,B,B,188,188,,188,GLU,188,210,P04626,210,True,9,9,observed
1S78,1,1,target,B,B,189,189,,189,ASP,189,211,P04626,211,True,8,8,observed
1S78,1,1,target,B,B,190,190,,190,CYS,190,212,P04626,212,True,6,6,observed
1S78,1,1,target,B,B,191,191,,191,GLN,191,213,P04626,213,True,9,9,observed
1S78,1,1,target,B,B,192,192,,192,SER,192,214,P04626,214,True,6,6,observed
1S78,1,1,target,B,B,193,193,,193,LEU,193,215,P04626,215,True,8,8,observed
1S78,1,1,target,B,B,194,194,,194,THR,194,216,P04626,216,True,7,7,observed
1S78,1,1,target,B,B,195,195,,195,ARG,195,217,P04626,217,True,11,11,observed
1S78,1,1,target,B,B,196,196,,196,THR,196,218,P04626,218,True,7,7,observed
1S78,1,1,target,B,B,197,197,,197,VAL,197,219,P04626,219,True,7,7,observed
1S78,1,1,target,B,B,198,198,,198,CYS,198,220,P04626,220,True,6,6,observed
1S78,1,1,target,B,B,199,199,,199,ALA,199,221,P04626,221,True,5,5,observed
1S78,1,1,target,B,B,200,200,,200,GLY,200,222,P04626,222,True,4,4,observed
1S78,1,1,target,B,B,201,201,,201,GLY,201,223,P04626,223,True,4,4,observed
1S78,1,1,target,B,B,202,202,,202,CYS,202,224,P04626,224,True,6,6,observed
1S78,1,1,target,B,B,203,203,,203,ALA,203,225,P04626,225,True,5,5,observed
1S78,1,1,target,B,B,204,204,,204,ARG,204,226,P04626,226,True,11,11,observed
1S78,1,1,target,B,B,205,205,,205,CYS,205,227,P04626,227,True,6,6,observed
1S78,1,1,target,B,B,206,206,,206,LYS,206,228,P04626,228,True,9,9,observed
1S78,1,1,target,B,B,207,207,,207,GLY,207,229,P04626,229,True,4,4,observed
1S78,1,1,target,B,B,208,208,,208,PRO,208,230,P04626,230,True,7,7,observed
1S78,1,1,target,B,B,209,209,,209,LEU,209,231,P04626,231,True,8,8,observed
1S78,1,1,target,B,B,210,210,,210,PRO,210,232,P04626,232,True,7,7,observed
1S78,1,1,target,B,B,211,211,,211,THR,211,233,P04626,233,True,7,7,observed
1S78,1,1,target,B,B,212,212,,212,ASP,212,234,P04626,234,True,8,8,observed
1S78,1,1,target,B,B,213,213,,213,CYS,213,235,P04626,235,True,6,6,observed
1S78,1,1,target,B,B,214,214,,214,CYS,214,236,P04626,236,True,6,6,observed
1S78,1,1,target,B,B,215,215,,215,HIS,215,237,P04626,237,True,10,10,observed
1S78,1,1,target,B,B,216,216,,216,GLU,216,238,P04626,238,True,9,9,observed
1S78,1,1,target,B,B,217,217,,217,GLN,217,239,P04626,239,True,9,9,observed
1S78,1,1,target,B,B,218,218,,218,CYS,218,240,P04626,240,True,6,6,observed
1S78,1,1,target,B,B,219,219,,219,ALA,219,241,P04626,241,True,5,5,observed
1S78,1,1,target,B,B,220,220,,220,ALA,220,242,P04626,242,True,5,5,observed
1S78,1,1,target,B,B,221,221,,221,GLY,221,243,P04626,243,True,4,4,observed
1S78,1,1,target,B,B,222,222,,222,CYS,222,244,P04626,244,True,6,6,observed
1S78,1,1,target,B,B,223,223,,223,THR,223,245,P04626,245,True,7,7,observed
1S78,1,1,target,B,B,224,224,,224,GLY,224,246,P04626,246,True,4,4,observed
1S78,1,1,target,B,B,225,225,,225,PRO,225,247,P04626,247,True,7,7,observed
1S78,1,1,target,B,B,226,226,,226,LYS,226,248,P04626,248,True,9,9,observed
1S78,1,1,target,B,B,227,227,,227,HIS,227,249,P04626,249,True,10,10,observed
1S78,1,1,target,B,B,228,228,,228,SER,228,250,P04626,250,True,6,6,observed
1S78,1,1,target,B,B,229,229,,229,ASP,229,251,P04626,251,True,8,8,observed
1S78,1,1,target,B,B,230,230,,230,CYS,230,252,P04626,252,True,6,6,observed
1S78,1,1,target,B,B,231,231,,231,LEU,231,253,P04626,253,True,8,8,observed
1S78,1,1,target,B,B,232,232,,232,ALA,232,254,P04626,254,True,5,5,observed
1S78,1,1,target,B,B,233,233,,233,CYS,233,255,P04626,255,True,6,6,observed
1S78,1,1,target,B,B,234,234,,234,LEU,234,256,P04626,256,True,8,8,observed
1S78,1,1,target,B,B,235,235,,235,HIS,235,257,P04626,257,True,10,10,observed
1S78,1,1,target,B,B,236,236,,236,PHE,236,258,P04626,258,True,11,11,observed
1S78,1,1,target,B,B,237,237,,237,ASN,237,259,P04626,259,True,8,8,observed
1S78,1,1,target,B,B,238,238,,238,HIS,238,260,P04626,260,True,10,10,observed
1S78,1,1,target,B,B,239,239,,239,SER,239,261,P04626,261,True,6,6,observed
1S78,1,1,target,B,B,240,240,,240,GLY,240,262,P04626,262,True,4,4,observed
1S78,1,1,target,B,B,241,241,,241,ILE,241,263,P04626,263,True,8,8,observed
1S78,1,1,target,B,B,242,242,,242,CYS,242,264,P04626,264,True,6,6,observed
1S78,1,1,target,B,B,243,243,,243,GLU,243,265,P04626,265,True,9,9,observed
1S78,1,1,target,B,B,244,244,,244,LEU,244,266,P04626,266,True,8,8,observed
1S78,1,1,target,B,B,245,245,,245,HIS,245,267,P04626,267,True,10,10,observed
1S78,1,1,target,B,B,246,246,,246,CYS,246,268,P04626,268,True,6,6,observed
1S78,1,1,target,B,B,247,247,,247,PRO,247,269,P04626,269,True,7,7,observed
1S78,1,1,target,B,B,248,248,,248,ALA,248,270,P04626,270,True,5,5,observed
1S78,1,1,target,B,B,249,249,,249,LEU,249,271,P04626,271,True,8,8,observed
1S78,1,1,target,B,B,250,250,,250,VAL,250,272,P04626,272,True,7,7,observed
1S78,1,1,target,B,B,251,251,,251,THR,251,273,P04626,273,True,7,7,observed
1S78,1,1,target,B,B,252,252,,252,TYR,252,274,P04626,274,True,12,12,observed
1S78,1,1,target,B,B,253,253,,253,ASN,253,275,P04626,275,True,8,8,observed
1S78,1,1,target,B,B,254,254,,254,THR,254,276,P04626,276,True,7,7,observed
1S78,1,1,target,B,B,255,255,,255,ASP,255,277,P04626,277,True,8,8,observed
1S78,1,1,target,B,B,256,256,,256,THR,256,278,P04626,278,True,7,7,observed
1S78,1,1,target,B,B,257,257,,257,PHE,257,279,P04626,279,True,11,11,observed
1S78,1,1,target,B,B,258,258,,258,GLU,258,280,P04626,280,True,9,9,observed
1S78,1,1,target,B,B,259,259,,259,SER,259,281,P04626,281,True,6,6,observed
1S78,1,1,target,B,B,260,260,,260,MET,260,282,P04626,282,True,8,8,observed
1S78,1,1,target,B,B,261,261,,261,PRO,261,283,P04626,283,True,7,7,observed
1S78,1,1,target,B,B,262,262,,262,ASN,262,284,P04626,284,True,8,8,observed
1S78,1,1,target,B,B,263,263,,263,PRO,263,285,P04626,285,True,7,7,observed
1S78,1,1,target,B,B,264,264,,264,GLU,264,286,P04626,286,True,9,9,observed
1S78,1,1,target,B,B,265,265,,265,GLY,265,287,P04626,287,True,4,4,observed
1S78,1,1,target,B,B,266,266,,266,ARG,266,288,P04626,288,True,11,11,observed
1S78,1,1,target,B,B,267,267,,267,TYR,267,289,P04626,289,True,12,12,observed
1S78,1,1,target,B,B,268,268,,268,THR,268,290,P04626,290,True,7,7,observed
1S78,1,1,target,B,B,269,269,,269,PHE,269,291,P04626,291,True,11,11,observed
1S78,1,1,target,B,B,270,270,,270,GLY,270,292,P04626,292,True,4,4,observed
1S78,1,1,target,B,B,271,271,,271,ALA,271,293,P04626,293,True,5,5,observed
1S78,1,1,target,B,B,272,272,,272,SER,272,294,P04626,294,True,6,6,observed
1S78,1,1,target,B,B,273,273,,273,CYS,273,295,P04626,295,True,6,6,observed
1S78,1,1,target,B,B,274,274,,274,VAL,274,296,P04626,296,True,7,7,observed
1S78,1,1,target,B,B,275,275,,275,THR,275,297,P04626,297,True,7,7,observed
1S78,1,1,target,B,B,276,276,,276,ALA,276,298,P04626,298,True,5,5,observed
1S78,1,1,target,B,B,277,277,,277,CYS,277,299,P04626,299,True,6,6,observed
1S78,1,1,target,B,B,278,278,,278,PRO,278,300,P04626,300,True,7,7,observed
1S78,1,1,target,B,B,279,279,,279,TYR,279,301,P04626,301,True,12,12,observed
1S78,1,1,target,B,B,280,280,,280,ASN,280,302,P04626,302,True,8,8,observed
1S78,1,1,target,B,B,281,281,,281,TYR,281,303,P04626,303,True,12,12,observed
1S78,1,1,target,B,B,282,282,,282,LEU,282,304,P04626,304,True,8,8,observed
1S78,1,1,target,B,B,283,283,,283,SER,283,305,P04626,305,True,6,6,observed
1S78,1,1,target,B,B,284,284,,284,THR,284,306,P04626,306,True,7,7,observed
1S78,1,1,target,B,B,285,285,,285,ASP,285,307,P04626,307,True,8,8,observed
1S78,1,1,target,B,B,286,286,,286,VAL,286,308,P04626,308,True,7,7,observed
1S78,1,1,target,B,B,287,287,,287,GLY,287,309,P04626,309,True,4,4,observed
1S78,1,1,target,B,B,288,288,,288,SER,288,310,P04626,310,True,6,6,observed
1S78,1,1,target,B,B,289,289,,289,CYS,289,311,P04626,311,True,6,6,observed
1S78,1,1,target,B,B,290,290,,290,THR,290,312,P04626,312,True,7,7,observed
1S78,1,1,target,B,B,291,291,,291,LEU,291,313,P04626,313,True,8,8,observed
1S78,1,1,target,B,B,292,292,,292,VAL,292,314,P04626,314,True,7,7,observed
1S78,1,1,target,B,B,293,293,,293,CYS,293,315,P04626,315,True,6,6,observed
1S78,1,1,target,B,B,294,294,,294,PRO,294,316,P04626,316,True,7,7,observed
1S78,1,1,target,B,B,295,295,,295,LEU,295,317,P04626,317,True,8,8,observed
1S78,1,1,target,B,B,296,296,,296,HIS,296,318,P04626,318,True,10,10,observed
1S78,1,1,target,B,B,297,297,,297,ASN,297,319,P04626,319,True,8,8,observed
1S78,1,1,target,B,B,298,298,,298,GLN,298,320,P04626,320,True,9,9,observed
1S78,1,1,target,B,B,299,299,,299,GLU,299,321,P04626,321,True,9,9,observed
1S78,1,1,target,B,B,300,300,,300,VAL,300,322,P04626,322,True,7,7,observed
1S78,1,1,target,B,B,301,301,,301,THR,301,323,P04626,323,True,7,7,observed
1S78,1,1,target,B,B,302,302,,302,ALA,302,324,P04626,324,True,5,5,observed
1S78,1,1,target,B,B,303,303,,303,GLU,303,325,P04626,325,True,9,9,observed
1S78,1,1,target,B,B,304,304,,304,ASP,304,326,P04626,326,True,8,8,observed
1S78,1,1,target,B,B,305,305,,305,GLY,305,327,P04626,327,True,4,4,observed
1S78,1,1,target,B,B,306,306,,306,THR,306,328,P04626,328,True,7,7,observed
1S78,1,1,target,B,B,307,307,,307,GLN,307,329,P04626,329,True,9,9,observed
1S78,1,1,target,B,B,308,308,,308,ARG,308,330,P04626,330,True,11,11,observed
1S78,1,1,target,B,B,309,309,,309,CYS,309,331,P04626,331,True,6,6,observed
1S78,1,1,target,B,B,310,310,,310,GLU,310,332,P04626,332,True,9,9,observed
1S78,1,1,target,B,B,311,311,,311,LYS,311,333,P04626,333,True,9,9,observed
1S78,1,1,target,B,B,312,312,,312,CYS,312,334,P04626,334,True,6,6,observed
1S78,1,1,target,B,B,313,313,,313,SER,313,335,P04626,335,True,6,6,observed
1S78,1,1,target,B,B,314,314,,314,LYS,314,336,P04626,336,True,9,9,observed
1S78,1,1,target,B,B,315,315,,315,PRO,315,337,P04626,337,True,7,7,observed
1S78,1,1,target,B,B,316,316,,316,CYS,316,338,P04626,338,True,6,6,observed
1S78,1,1,target,B,B,317,317,,317,ALA,317,339,P04626,339,True,5,5,observed
1S78,1,1,target,B,B,318,318,,318,ARG,318,340,P04626,340,True,11,11,observed
1S78,1,1,target,B,B,319,319,,319,VAL,319,341,P04626,341,True,7,7,observed
1S78,1,1,target,B,B,320,320,,320,CYS,320,342,P04626,342,True,6,6,observed
1S78,1,1,target,B,B,321,321,,321,TYR,321,343,P04626,343,True,12,12,observed
1S78,1,1,target,B,B,322,322,,322,GLY,322,344,P04626,344,True,4,4,observed
1S78,1,1,target,B,B,323,323,,323,LEU,323,345,P04626,345,True,8,8,observed
1S78,1,1,target,B,B,324,324,,324,GLY,324,346,P04626,346,True,4,4,observed
1S78,1,1,target,B,B,325,325,,325,MET,325,347,P04626,347,True,8,8,observed
1S78,1,1,target,B,B,326,326,,326,GLU,326,348,P04626,348,True,9,9,observed
1S78,1,1,target,B,B,327,327,,327,HIS,327,349,P04626,349,True,10,10,observed
1S78,1,1,target,B,B,328,328,,328,LEU,328,350,P04626,350,True,8,8,observed
1S78,1,1,target,B,B,329,329,,329,ARG,329,351,P04626,351,True,11,11,observed
1S78,1,1,target,B,B,330,330,,330,GLU,330,352,P04626,352,True,9,9,observed
1S78,1,1,target,B,B,331,331,,331,VAL,331,353,P04626,353,True,7,7,observed
1S78,1,1,target,B,B,332,332,,332,ARG,332,354,P04626,354,True,11,11,observed
1S78,1,1,target,B,B,333,333,,333,ALA,333,355,P04626,355,True,5,5,observed
1S78,1,1,target,B,B,334,334,,334,VAL,334,356,P04626,356,True,7,7,observed
1S78,1,1,target,B,B,335,335,,335,THR,335,357,P04626,357,True,7,7,observed
1S78,1,1,target,B,B,336,336,,336,SER,336,358,P04626,358,True,6,6,observed
1S78,1,1,target,B,B,337,337,,337,ALA,337,359,P04626,359,True,5,5,observed
1S78,1,1,target,B,B,338,338,,338,ASN,338,360,P04626,360,True,8,8,observed
1S78,1,1,target,B,B,339,339,,339,ILE,339,361,P04626,361,True,8,8,observed
1S78,1,1,target,B,B,340,340,,340,GLN,340,362,P04626,362,True,9,9,observed
1S78,1,1,target,B,B,341,341,,341,GLU,341,363,P04626,363,True,9,9,observed
1S78,1,1,target,B,B,342,342,,342,PHE,342,364,P04626,364,True,11,11,observed
1S78,1,1,target,B,B,343,343,,343,ALA,343,365,P04626,365,True,5,5,observed
1S78,1,1,target,B,B,344,344,,344,GLY,344,366,P04626,366,True,4,4,observed
1S78,1,1,target,B,B,345,345,,345,CYS,345,367,P04626,367,True,6,6,observed
1S78,1,1,target,B,B,346,346,,346,LYS,346,368,P04626,368,True,9,9,observed
1S78,1,1,target,B,B,347,347,,347,LYS,347,369,P04626,369,True,9,9,observed
1S78,1,1,target,B,B,348,348,,348,ILE,348,370,P04626,370,True,8,8,observed
1S78,1,1,target,B,B,349,349,,349,PHE,349,371,P04626,371,True,11,11,observed
1S78,1,1,target,B,B,350,350,,350,GLY,350,372,P04626,372,True,4,4,observed
1S78,1,1,target,B,B,351,351,,351,SER,351,373,P04626,373,True,6,6,observed
1S78,1,1,target,B,B,352,352,,352,LEU,352,374,P04626,374,True,8,8,observed
1S78,1,1,target,B,B,353,353,,353,ALA,353,375,P04626,375,True,5,5,observed
1S78,1,1,target,B,B,354,354,,354,PHE,354,376,P04626,376,True,11,11,observed
1S78,1,1,target,B,B,355,355,,355,LEU,355,377,P04626,377,True,8,8,observed
1S78,1,1,target,B,B,356,356,,356,PRO,356,378,P04626,378,True,7,7,observed
1S78,1,1,target,B,B,357,357,,357,GLU,357,379,P04626,379,True,9,9,observed
1S78,1,1,target,B,B,358,358,,358,SER,358,380,P04626,380,True,6,6,observed
1S78,1,1,target,B,B,359,359,,359,PHE,359,381,P04626,381,True,11,11,observed
1S78,1,1,target,B,B,360,360,,360,ASP,360,382,P04626,382,True,8,8,observed
1S78,1,1,target,B,B,361,361,,361,GLY,361,383,P04626,383,True,4,4,observed
1S78,1,1,target,B,B,362,362,,362,ASP,362,384,P04626,384,True,8,8,observed
1S78,1,1,target,B,B,363,363,,363,PRO,363,385,P04626,385,True,7,7,observed
1S78,1,1,target,B,B,364,364,,364,ALA,364,386,P04626,386,True,5,5,observed
1S78,1,1,target,B,B,365,365,,365,SER,365,387,P04626,387,True,6,6,observed
1S78,1,1,target,B,B,366,366,,366,ASN,366,388,P04626,388,True,8,8,observed
1S78,1,1,target,B,B,367,367,,367,THR,367,389,P04626,389,True,7,7,observed
1S78,1,1,target,B,B,368,368,,368,ALA,368,390,P04626,390,True,5,5,observed
1S78,1,1,target,B,B,369,369,,369,PRO,369,391,P04626,391,True,7,7,observed
1S78,1,1,target,B,B,370,370,,370,LEU,370,392,P04626,392,True,8,8,observed
1S78,1,1,target,B,B,371,371,,371,GLN,371,393,P04626,393,True,9,9,observed
1S78,1,1,target,B,B,372,372,,372,PRO,372,394,P04626,394,True,7,7,observed
1S78,1,1,target,B,B,373,373,,373,GLU,373,395,P04626,395,True,9,9,observed
1S78,1,1,target,B,B,374,374,,374,GLN,374,396,P04626,396,True,9,9,observed
1S78,1,1,target,B,B,375,375,,375,LEU,375,397,P04626,397,True,8,8,observed
1S78,1,1,target,B,B,376,376,,376,GLN,376,398,P04626,398,True,9,9,observed
1S78,1,1,target,B,B,377,377,,377,VAL,377,399,P04626,399,True,7,7,observed
1S78,1,1,target,B,B,378,378,,378,PHE,378,400,P04626,400,True,11,11,observed
1S78,1,1,target,B,B,379,379,,379,GLU,379,401,P04626,401,True,9,9,observed
1S78,1,1,target,B,B,380,380,,380,THR,380,402,P04626,402,True,7,7,observed
1S78,1,1,target,B,B,381,381,,381,LEU,381,403,P04626,403,True,8,8,observed
1S78,1,1,target,B,B,382,382,,382,GLU,382,404,P04626,404,True,9,9,observed
1S78,1,1,target,B,B,383,383,,383,GLU,383,405,P04626,405,True,9,9,observed
1S78,1,1,target,B,B,384,384,,384,ILE,384,406,P04626,406,True,8,8,observed
1S78,1,1,target,B,B,385,385,,385,THR,385,407,P04626,407,True,7,7,observed
1S78,1,1,target,B,B,386,386,,386,GLY,386,408,P04626,408,True,4,4,observed
1S78,1,1,target,B,B,387,387,,387,TYR,387,409,P04626,409,True,12,12,observed
1S78,1,1,target,B,B,388,388,,388,LEU,388,410,P04626,410,True,8,8,observed
1S78,1,1,target,B,B,389,389,,389,TYR,389,411,P04626,411,True,12,12,observed
1S78,1,1,target,B,B,390,390,,390,ILE,390,412,P04626,412,True,8,8,observed
1S78,1,1,target,B,B,391,391,,391,SER,391,413,P04626,413,True,6,6,observed
1S78,1,1,target,B,B,392,392,,392,ALA,392,414,P04626,414,True,5,5,observed
1S78,1,1,target,B,B,393,393,,393,TRP,393,415,P04626,415,True,14,14,observed
1S78,1,1,target,B,B,394,394,,394,PRO,394,416,P04626,416,True,7,7,observed
1S78,1,1,target,B,B,395,395,,395,ASP,395,417,P04626,417,True,8,8,observed
1S78,1,1,target,B,B,396,396,,396,SER,396,418,P04626,418,True,6,6,observed
1S78,1,1,target,B,B,397,397,,397,LEU,397,419,P04626,419,True,8,8,observed
1S78,1,1,target,B,B,398,398,,398,PRO,398,420,P04626,420,True,7,7,observed
1S78,1,1,target,B,B,399,399,,399,ASP,399,421,P04626,421,True,8,8,observed
1S78,1,1,target,B,B,400,400,,400,LEU,400,422,P04626,422,True,8,8,observed
1S78,1,1,target,B,B,401,401,,401,SER,401,423,P04626,423,True,6,6,observed
1S78,1,1,target,B,B,402,402,,402,VAL,402,424,P04626,424,True,7,7,observed
1S78,1,1,target,B,B,403,403,,403,PHE,403,425,P04626,425,True,11,11,observed
1S78,1,1,target,B,B,404,404,,404,GLN,404,426,P04626,426,True,9,9,observed
1S78,1,1,target,B,B,405,405,,405,ASN,405,427,P04626,427,True,8,8,observed
1S78,1,1,target,B,B,406,406,,406,LEU,406,428,P04626,428,True,8,8,observed
1S78,1,1,target,B,B,407,407,,407,GLN,407,429,P04626,429,True,9,9,observed
1S78,1,1,target,B,B,408,408,,408,VAL,408,430,P04626,430,True,7,7,observed
1S78,1,1,target,B,B,409,409,,409,ILE,409,431,P04626,431,True,8,8,observed
1S78,1,1,target,B,B,410,410,,410,ARG,410,432,P04626,432,True,11,11,observed
1S78,1,1,target,B,B,411,411,,411,GLY,411,433,P04626,433,True,4,4,observed
1S78,1,1,target,B,B,412,412,,412,ARG,412,434,P04626,434,True,11,11,observed
1S78,1,1,target,B,B,413,413,,413,ILE,413,435,P04626,435,True,8,8,observed
1S78,1,1,target,B,B,414,414,,414,LEU,414,436,P04626,436,True,8,8,observed
1S78,1,1,target,B,B,415,415,,415,HIS,415,437,P04626,437,True,10,10,observed
1S78,1,1,target,B,B,416,416,,416,ASN,416,438,P04626,438,True,8,8,observed
1S78,1,1,target,B,B,417,417,,417,GLY,417,439,P04626,439,True,4,4,observed
1S78,1,1,target,B,B,418,418,,418,ALA,418,440,P04626,440,True,5,5,observed
1S78,1,1,target,B,B,419,419,,419,TYR,419,441,P04626,441,True,12,12,observed
1S78,1,1,target,B,B,420,420,,420,SER,420,442,P04626,442,True,6,6,observed
1S78,1,1,target,B,B,421,421,,421,LEU,421,443,P04626,443,True,8,8,observed
1S78,1,1,target,B,B,422,422,,422,THR,422,444,P04626,444,True,7,7,observed
1S78,1,1,target,B,B,423,423,,423,LEU,423,445,P04626,445,True,8,8,observed
1S78,1,1,target,B,B,424,424,,424,GLN,424,446,P04626,446,True,9,9,observed
1S78,1,1,target,B,B,425,425,,425,GLY,425,447,P04626,447,True,4,4,observed
1S78,1,1,target,B,B,426,426,,426,LEU,426,448,P04626,448,True,8,8,observed
1S78,1,1,target,B,B,427,427,,427,GLY,427,449,P04626,449,True,4,4,observed
1S78,1,1,target,B,B,428,428,,428,ILE,428,450,P04626,450,True,8,8,observed
1S78,1,1,target,B,B,429,429,,429,SER,429,451,P04626,451,True,6,6,observed
1S78,1,1,target,B,B,430,430,,430,TRP,430,452,P04626,452,True,14,14,observed
1S78,1,1,target,B,B,431,431,,431,LEU,431,453,P04626,453,True,8,8,observed
1S78,1,1,target,B,B,432,432,,432,GLY,432,454,P04626,454,True,4,4,observed
1S78,1,1,target,B,B,433,433,,433,LEU,433,455,P04626,455,True,8,8,observed
1S78,1,1,target,B,B,434,434,,434,ARG,434,456,P04626,456,True,11,11,observed
1S78,1,1,target,B,B,435,435,,435,SER,435,457,P04626,457,True,6,6,observed
1S78,1,1,target,B,B,436,436,,436,LEU,436,458,P04626,458,True,8,8,observed
1S78,1,1,target,B,B,437,437,,437,ARG,437,459,P04626,459,True,11,11,observed
1S78,1,1,target,B,B,438,438,,438,GLU,438,460,P04626,460,True,9,9,observed
1S78,1,1,target,B,B,439,439,,439,LEU,439,461,P04626,461,True,8,8,observed
1S78,1,1,target,B,B,440,440,,440,GLY,440,462,P04626,462,True,4,4,observed
1S78,1,1,target,B,B,441,441,,441,SER,441,463,P04626,463,True,6,6,observed
1S78,1,1,target,B,B,442,442,,442,GLY,442,464,P04626,464,True,4,4,observed
1S78,1,1,target,B,B,443,443,,443,LEU,443,465,P04626,465,True,8,8,observed
1S78,1,1,target,B,B,444,444,,444,ALA,444,466,P04626,466,True,5,5,observed
1S78,1,1,target,B,B,445,445,,445,LEU,445,467,P04626,467,True,8,8,observed
1S78,1,1,target,B,B,446,446,,446,ILE,446,468,P04626,468,True,8,8,observed
1S78,1,1,target,B,B,447,447,,447,HIS,447,469,P04626,469,True,10,10,observed
1S78,1,1,target,B,B,448,448,,448,HIS,448,470,P04626,470,True,10,10,observed
1S78,1,1,target,B,B,449,449,,449,ASN,449,471,P04626,471,True,8,8,observed
1S78,1,1,target,B,B,450,450,,450,THR,450,472,P04626,472,True,7,7,observed
1S78,1,1,target,B,B,451,451,,451,HIS,451,473,P04626,473,True,10,10,observed
1S78,1,1,target,B,B,452,452,,452,LEU,452,474,P04626,474,True,8,8,observed
1S78,1,1,target,B,B,453,453,,453,CYS,453,475,P04626,475,True,6,6,observed
1S78,1,1,target,B,B,454,454,,454,PHE,454,476,P04626,476,True,11,11,observed
1S78,1,1,target,B,B,455,455,,455,VAL,455,477,P04626,477,True,7,7,observed
1S78,1,1,target,B,B,456,456,,456,HIS,456,478,P04626,478,True,10,10,observed
1S78,1,1,target,B,B,457,457,,457,THR,457,479,P04626,479,True,7,7,observed
1S78,1,1,target,B,B,458,458,,458,VAL,458,480,P04626,480,True,7,7,observed
1S78,1,1,target,B,B,459,459,,459,PRO,459,481,P04626,481,True,7,7,observed
1S78,1,1,target,B,B,460,460,,460,TRP,460,482,P04626,482,True,14,14,observed
1S78,1,1,target,B,B,461,461,,461,ASP,461,483,P04626,483,True,8,8,observed
1S78,1,1,target,B,B,462,462,,462,GLN,462,484,P04626,484,True,9,9,observed
1S78,1,1,target,B,B,463,463,,463,LEU,463,485,P04626,485,True,8,8,observed
1S78,1,1,target,B,B,464,464,,464,PHE,464,486,P04626,486,True,11,11,observed
1S78,1,1,target,B,B,465,465,,465,ARG,465,487,P04626,487,True,11,11,observed
1S78,1,1,target,B,B,466,466,,466,ASN,466,488,P04626,488,True,8,8,observed
1S78,1,1,target,B,B,467,467,,467,PRO,467,489,P04626,489,True,7,7,observed
1S78,1,1,target,B,B,468,468,,468,HIS,468,490,P04626,490,True,10,10,observed
1S78,1,1,target,B,B,469,469,,469,GLN,469,491,P04626,491,True,9,9,observed
1S78,1,1,target,B,B,470,470,,470,ALA,470,492,P04626,492,True,5,5,observed
1S78,1,1,target,B,B,471,471,,471,LEU,471,493,P04626,493,True,8,8,observed
1S78,1,1,target,B,B,472,472,,472,LEU,472,494,P04626,494,True,8,8,observed
1S78,1,1,target,B,B,473,473,,473,HIS,473,495,P04626,495,True,10,10,observed
1S78,1,1,target,B,B,474,474,,474,THR,474,496,P04626,496,True,7,7,observed
1S78,1,1,target,B,B,475,475,,475,ALA,475,497,P04626,497,True,5,5,observed
1S78,1,1,target,B,B,476,476,,476,ASN,476,498,P04626,498,True,8,8,observed
1S78,1,1,target,B,B,477,477,,477,ARG,477,499,P04626,499,True,11,11,observed
1S78,1,1,target,B,B,478,478,,478,PRO,478,500,P04626,500,True,7,7,observed
1S78,1,1,target,B,B,479,479,,479,GLU,479,501,P04626,501,True,9,9,observed
1S78,1,1,target,B,B,480,480,,480,ASP,480,502,P04626,502,True,8,8,observed
1S78,1,1,target,B,B,481,481,,481,GLU,481,503,P04626,503,True,9,9,observed
1S78,1,1,target,B,B,482,482,,482,CYS,482,504,P04626,504,True,6,6,observed
1S78,1,1,target,B,B,483,483,,483,VAL,483,505,P04626,505,True,7,7,observed
1S78,1,1,target,B,B,484,484,,484,GLY,484,506,P04626,506,True,4,4,observed
1S78,1,1,target,B,B,485,485,,485,GLU,485,507,P04626,507,True,9,9,observed
1S78,1,1,target,B,B,486,486,,486,GLY,486,508,P04626,508,True,4,4,observed
1S78,1,1,target,B,B,487,487,,487,LEU,487,509,P04626,509,True,8,8,observed
1S78,1,1,target,B,B,488,488,,488,ALA,488,510,P04626,510,True,5,5,observed
1S78,1,1,target,B,B,489,489,,489,CYS,489,511,P04626,511,True,6,6,observed
1S78,1,1,target,B,B,490,490,,490,HIS,490,512,P04626,512,True,10,10,observed
1S78,1,1,target,B,B,491,491,,491,GLN,491,513,P04626,513,True,9,9,observed
1S78,1,1,target,B,B,492,492,,492,LEU,492,514,P04626,514,True,8,8,observed
1S78,1,1,target,B,B,493,493,,493,CYS,493,515,P04626,515,True,6,6,observed
1S78,1,1,target,B,B,494,494,,494,ALA,494,516,P04626,516,True,5,5,observed
1S78,1,1,target,B,B,495,495,,495,ARG,495,517,P04626,517,True,11,11,observed
1S78,1,1,target,B,B,496,496,,496,GLY,496,518,P04626,518,True,4,4,observed
1S78,1,1,target,B,B,497,497,,497,HIS,497,519,P04626,519,True,10,10,observed
1S78,1,1,target,B,B,498,498,,498,CYS,498,520,P04626,520,True,6,6,observed
1S78,1,1,target,B,B,499,499,,499,TRP,499,521,P04626,521,True,14,14,observed
1S78,1,1,target,B,B,500,500,,500,GLY,500,522,P04626,522,True,4,4,observed
1S78,1,1,target,B,B,501,501,,501,PRO,501,523,P04626,523,True,7,7,observed
1S78,1,1,target,B,B,502,502,,502,GLY,502,524,P04626,524,True,4,4,observed
1S78,1,1,target,B,B,503,503,,503,PRO,503,525,P04626,525,True,7,7,observed
1S78,1,1,target,B,B,504,504,,504,THR,504,526,P04626,526,True,7,7,observed
1S78,1,1,target,B,B,505,505,,505,GLN,505,527,P04626,527,True,9,9,observed
1S78,1,1,target,B,B,506,506,,506,CYS,506,528,P04626,528,True,6,6,observed
1S78,1,1,target,B,B,507,507,,507,VAL,507,529,P04626,529,True,7,7,observed
1S78,1,1,target,B,B,508,508,,508,ASN,508,530,P04626,530,True,8,8,observed
1S78,1,1,target,B,B,509,509,,509,CYS,509,531,P04626,531,True,6,6,observed
1S78,1,1,target,B,B,510,510,,510,SER,510,532,P04626,532,True,6,6,observed
1S78,1,1,target,B,B,511,511,,511,GLN,511,533,P04626,533,True,9,9,observed
1S78,1,1,target,B,B,512,512,,512,PHE,512,534,P04626,534,True,11,11,observed
1S78,1,1,target,B,B,513,513,,513,LEU,513,535,P04626,535,True,8,8,observed
1S78,1,1,target,B,B,514,514,,514,ARG,514,536,P04626,536,True,11,11,observed
1S78,1,1,target,B,B,515,515,,515,GLY,515,537,P04626,537,True,4,4,observed
1S78,1,1,target,B,B,516,516,,516,GLN,516,538,P04626,538,True,9,9,observed
1S78,1,1,target,B,B,517,517,,517,GLU,517,539,P04626,539,True,9,9,observed
1S78,1,1,target,B,B,518,518,,518,CYS,518,540,P04626,540,True,6,6,observed
1S78,1,1,target,B,B,519,519,,519,VAL,519,541,P04626,541,True,7,7,observed
1S78,1,1,target,B,B,520,520,,520,GLU,520,542,P04626,542,True,9,9,observed
1S78,1,1,target,B,B,521,521,,521,GLU,521,543,P04626,543,True,9,9,observed
1S78,1,1,target,B,B,522,522,,522,CYS,522,544,P04626,544,True,6,6,observed
1S78,1,1,target,B,B,523,523,,523,ARG,523,545,P04626,545,True,11,11,observed
1S78,1,1,target,B,B,524,524,,524,VAL,524,546,P04626,546,True,7,7,observed
1S78,1,1,target,B,B,525,525,,525,LEU,525,547,P04626,547,True,8,8,observed
1S78,1,1,target,B,B,526,526,,526,GLN,526,548,P04626,548,True,9,9,observed
1S78,1,1,target,B,B,527,527,,527,GLY,527,549,P04626,549,True,4,4,observed
1S78,1,1,target,B,B,528,528,,528,LEU,528,550,P04626,550,True,8,8,observed
1S78,1,1,target,B,B,529,529,,529,PRO,529,551,P04626,551,True,7,7,observed
1S78,1,1,target,B,B,530,530,,530,ARG,530,552,P04626,552,True,11,11,observed
1S78,1,1,target,B,B,531,531,,531,GLU,531,553,P04626,553,True,9,9,observed
1S78,1,1,target,B,B,532,532,,532,TYR,532,554,P04626,554,True,12,12,observed
1S78,1,1,target,B,B,533,533,,533,VAL,533,555,P04626,555,True,7,7,observed
1S78,1,1,target,B,B,534,534,,534,ASN,534,556,P04626,556,True,8,8,observed
1S78,1,1,target,B,B,535,535,,535,ALA,535,557,P04626,557,True,5,5,observed
1S78,1,1,target,B,B,536,536,,536,ARG,536,558,P04626,558,True,11,11,observed
1S78,1,1,target,B,B,537,537,,537,HIS,537,559,P04626,559,True,10,10,observed
1S78,1,1,target,B,B,538,538,,538,CYS,538,560,P04626,560,True,6,6,observed
1S78,1,1,target,B,B,539,539,,539,LEU,539,561,P04626,561,True,8,8,observed
1S78,1,1,target,B,B,540,540,,540,PRO,540,562,P04626,562,True,7,7,observed
1S78,1,1,target,B,B,541,541,,541,CYS,541,563,P04626,563,True,6,6,observed
1S78,1,1,target,B,B,542,542,,542,HIS,542,564,P04626,564,True,10,10,observed
1S78,1,1,target,B,B,543,543,,543,PRO,543,565,P04626,565,True,7,7,observed
1S78,1,1,target,B,B,544,544,,544,GLU,544,566,P04626,566,True,9,9,observed
1S78,1,1,target,B,B,545,545,,545,CYS,545,567,P04626,567,True,6,6,observed
1S78,1,1,target,B,B,546,546,,546,GLN,546,568,P04626,568,True,9,9,observed
1S78,1,1,target,B,B,547,547,,547,PRO,547,569,P04626,569,True,7,7,observed
1S78,1,1,target,B,B,548,548,,548,GLN,548,570,P04626,570,True,9,9,observed
1S78,1,1,target,B,B,549,549,,549,ASN,549,571,P04626,571,True,8,8,observed
1S78,1,1,target,B,B,550,550,,550,GLY,550,572,P04626,572,True,4,4,observed
1S78,1,1,target,B,B,551,551,,551,SER,551,573,P04626,573,True,6,6,observed
1S78,1,1,target,B,B,552,552,,552,VAL,552,574,P04626,574,True,7,7,observed
1S78,1,1,target,B,B,553,553,,553,THR,553,575,P04626,575,True,7,7,observed
1S78,1,1,target,B,B,554,554,,554,CYS,554,576,P04626,576,True,6,6,observed
1S78,1,1,target,B,B,555,555,,555,PHE,555,577,P04626,577,True,11,11,observed
1S78,1,1,target,B,B,556,556,,556,GLY,556,578,P04626,578,True,4,4,observed
1S78,1,1,target,B,B,557,557,,557,PRO,557,579,P04626,579,True,7,7,observed
1S78,1,1,target,B,B,558,558,,558,GLU,558,580,P04626,580,True,9,9,observed
1S78,1,1,target,B,B,559,559,,559,ALA,559,581,P04626,581,True,5,5,observed
1S78,1,1,target,B,B,560,560,,560,ASP,560,582,P04626,582,True,8,8,observed
1S78,1,1,target,B,B,561,561,,561,GLN,561,583,P04626,583,True,9,9,observed
1S78,1,1,target,B,B,562,562,,562,CYS,562,584,P04626,584,True,6,6,observed
1S78,1,1,target,B,B,563,563,,563,VAL,563,585,P04626,585,True,7,7,observed
1S78,1,1,target,B,B,564,564,,564,ALA,564,586,P04626,586,True,5,5,observed
1S78,1,1,target,B,B,565,565,,565,CYS,565,587,P04626,587,True,6,6,observed
1S78,1,1,target,B,B,566,566,,566,ALA,566,588,P04626,588,True,5,5,observed
1S78,1,1,target,B,B,567,567,,567,HIS,567,589,P04626,589,True,10,10,observed
1S78,1,1,target,B,B,568,568,,568,TYR,568,590,P04626,590,True,12,12,observed
1S78,1,1,target,B,B,569,569,,569,LYS,569,591,P04626,591,True,9,9,observed
1S78,1,1,target,B,B,570,570,,570,ASP,570,592,P04626,592,True,8,8,observed
1S78,1,1,target,B,B,571,571,,571,PRO,571,593,P04626,593,True,7,7,observed
1S78,1,1,target,B,B,572,572,,572,PRO,572,594,P04626,594,True,7,7,observed
1S78,1,1,target,B,B,573,573,,573,PHE,573,595,P04626,595,True,11,11,observed
1S78,1,1,target,B,B,574,574,,574,CYS,574,596,P04626,596,True,6,6,observed
1S78,1,1,target,B,B,575,575,,575,VAL,575,597,P04626,597,True,7,7,observed
1S78,1,1,target,B,B,576,576,,576,ALA,576,598,P04626,598,True,5,5,observed
1S78,1,1,target,B,B,577,577,,577,ARG,577,599,P04626,599,True,11,11,observed
1S78,1,1,target,B,B,578,578,,,CYS,578,600,P04626,600,False,0,0,unobserved
1S78,1,1,target,B,B,579,579,,,PRO,579,601,P04626,601,False,0,0,unobserved
1S78,1,1,target,B,B,580,580,,,SER,580,602,P04626,602,False,0,0,unobserved
1S78,1,1,target,B,B,581,581,,,GLY,581,603,P04626,603,False,0,0,unobserved
1S78,1,1,target,B,B,582,582,,,VAL,582,604,P04626,604,False,0,0,unobserved
1S78,1,1,target,B,B,583,583,,,LYS,583,605,P04626,605,False,0,0,unobserved
1S78,1,1,target,B,B,584,584,,,PRO,584,606,P04626,606,False,0,0,unobserved
1S78,1,1,target,B,B,585,585,,,ASP,585,607,P04626,607,False,0,0,unobserved
1S78,1,1,target,B,B,586,586,,,LEU,586,608,P04626,608,False,0,0,unobserved
1S78,1,1,target,B,B,587,587,,,SER,587,609,P04626,609,False,0,0,unobserved
1S78,1,1,target,B,B,588,588,,,TYR,588,610,P04626,610,False,0,0,unobserved
1S78,1,1,target,B,B,589,589,,,MET,589,611,P04626,611,False,0,0,unobserved
1S78,1,1,target,B,B,590,590,,,PRO,590,612,P04626,612,False,0,0,unobserved
1S78,1,1,target,B,B,591,591,,,ILE,591,613,P04626,613,False,0,0,unobserved
1S78,1,1,target,B,B,592,592,,,TRP,592,614,P04626,614,False,0,0,unobserved
1S78,1,1,target,B,B,593,593,,,LYS,593,615,P04626,615,False,0,0,unobserved
1S78,1,1,target,B,B,594,594,,,PHE,594,616,P04626,616,False,0,0,unobserved
1S78,1,1,target,B,B,595,595,,,PRO,595,617,P04626,617,False,0,0,unobserved
1S78,1,1,target,B,B,596,596,,,ASP,596,618,P04626,618,False,0,0,unobserved
1S78,1,1,target,B,B,597,597,,,GLU,597,619,P04626,619,False,0,0,unobserved
1S78,1,1,target,B,B,598,598,,,GLU,598,620,P04626,620,False,0,0,unobserved
1S78,1,1,target,B,B,599,599,,,GLY,599,621,P04626,621,False,0,0,unobserved
1S78,1,1,target,B,B,600,600,,,ALA,600,622,P04626,622,False,0,0,unobserved
1S78,1,1,target,B,B,601,601,,,CYS,601,623,P04626,623,False,0,0,unobserved
1S78,1,1,target,B,B,602,602,,,GLN,602,624,P04626,624,False,0,0,unobserved
1S78,1,1,target,B,B,603,603,,,PRO,603,625,P04626,625,False,0,0,unobserved
1S78,1,1,target,B,B,604,604,,,CYS,604,626,P04626,626,False,0,0,unobserved
1S78,1,1,target,B,B,605,605,,,PRO,605,627,P04626,627,False,0,0,unobserved
1S78,1,1,target,B,B,606,606,,,ILE,606,628,P04626,628,False,0,0,unobserved
1S78,1,1,target,B,B,607,607,,,ASN,607,629,P04626,629,False,0,0,unobserved
1S78,1,1,target,B,B,608,608,,,CYS,608,630,P04626,630,False,0,0,unobserved
1S78,1,1,target,B,B,609,609,,,THR,609,631,P04626,631,False,0,0,unobserved
1S78,1,1,target,B,B,610,610,,,HIS,610,632,P04626,632,False,0,0,unobserved
1S78,1,1,target,B,B,611,611,,,SER,611,633,P04626,633,False,0,0,unobserved
1S78,1,1,target,B,B,612,612,,,CYS,612,634,P04626,634,False,0,0,unobserved
1S78,1,1,target,B,B,613,613,,,VAL,613,635,P04626,635,False,0,0,unobserved
1S78,1,1,target,B,B,614,614,,,ASP,614,636,P04626,636,False,0,0,unobserved
1S78,1,1,target,B,B,615,615,,,LEU,615,637,P04626,637,False,0,0,unobserved
1S78,1,1,target,B,B,616,616,,,ASP,616,638,P04626,638,False,0,0,unobserved
1S78,1,1,target,B,B,617,617,,,ASP,617,639,P04626,639,False,0,0,unobserved
1S78,1,1,target,B,B,618,618,,,LYS,618,640,P04626,640,False,0,0,unobserved
1S78,1,1,target,B,B,619,619,,,GLY,619,641,P04626,641,False,0,0,unobserved
1S78,1,1,target,B,B,620,620,,,CYS,620,642,P04626,642,False,0,0,unobserved
1S78,1,1,target,B,B,621,621,,,PRO,621,643,P04626,643,False,0,0,unobserved
1S78,1,1,target,B,B,622,622,,,ALA,622,644,P04626,644,False,0,0,unobserved
1S78,1,1,target,B,B,623,623,,,GLU,623,645,P04626,645,False,0,0,unobserved
1S78,1,1,target,B,B,624,624,,,GLN,624,646,P04626,646,False,0,0,unobserved
1S78,1,2,light,C,C,1,1,,1,ASP,1,1,,,True,8,8,observed
1S78,1,2,light,C,C,2,2,,2,ILE,2,2,,,True,8,8,observed
1S78,1,2,light,C,C,3,3,,3,GLN,3,3,,,True,9,9,observed
1S78,1,2,light,C,C,4,4,,4,MET,4,4,,,True,8,8,observed
1S78,1,2,light,C,C,5,5,,5,THR,5,5,,,True,7,7,observed
1S78,1,2,light,C,C,6,6,,6,GLN,6,6,,,True,9,9,observed
1S78,1,2,light,C,C,7,7,,7,SER,7,7,,,True,6,6,observed
1S78,1,2,light,C,C,8,8,,8,PRO,8,8,,,True,7,7,observed
1S78,1,2,light,C,C,9,9,,9,SER,9,9,,,True,6,6,observed
1S78,1,2,light,C,C,10,10,,10,SER,10,10,,,True,6,6,observed
1S78,1,2,light,C,C,11,11,,11,LEU,11,11,,,True,8,8,observed
1S78,1,2,light,C,C,12,12,,12,SER,12,12,,,True,6,6,observed
1S78,1,2,light,C,C,13,13,,13,ALA,13,13,,,True,5,5,observed
1S78,1,2,light,C,C,14,14,,14,SER,14,14,,,True,6,6,observed
1S78,1,2,light,C,C,15,15,,15,VAL,15,15,,,True,7,7,observed
1S78,1,2,light,C,C,16,16,,16,GLY,16,16,,,True,4,4,observed
1S78,1,2,light,C,C,17,17,,17,ASP,17,17,,,True,8,8,observed
1S78,1,2,light,C,C,18,18,,18,ARG,18,18,,,True,11,11,observed
1S78,1,2,light,C,C,19,19,,19,VAL,19,19,,,True,7,7,observed
1S78,1,2,light,C,C,20,20,,20,THR,20,20,,,True,7,7,observed
1S78,1,2,light,C,C,21,21,,21,ILE,21,21,,,True,8,8,observed
1S78,1,2,light,C,C,22,22,,22,THR,22,22,,,True,7,7,observed
1S78,1,2,light,C,C,23,23,,23,CYS,23,23,,,True,6,6,observed
1S78,1,2,light,C,C,24,24,,24,LYS,24,24,,,True,9,9,observed
1S78,1,2,light,C,C,25,25,,25,ALA,25,25,,,True,5,5,observed
1S78,1,2,light,C,C,26,26,,26,SER,26,26,,,True,6,6,observed
1S78,1,2,light,C,C,27,27,,27,GLN,27,27,,,True,9,9,observed
1S78,1,2,light,C,C,28,28,,28,ASP,28,28,,,True,8,8,observed
1S78,1,2,light,C,C,29,29,,29,VAL,29,29,,,True,7,7,observed
1S78,1,2,light,C,C,30,30,,30,SER,30,30,,,True,6,6,observed
1S78,1,2,light,C,C,31,31,,31,ILE,31,31,,,True,8,8,observed
1S78,1,2,light,C,C,32,32,,32,GLY,32,32,,,True,4,4,observed
1S78,1,2,light,C,C,33,33,,33,VAL,33,33,,,True,7,7,observed
1S78,1,2,light,C,C,34,34,,34,ALA,34,34,,,True,5,5,observed
1S78,1,2,light,C,C,35,35,,35,TRP,35,35,,,True,14,14,observed
1S78,1,2,light,C,C,36,36,,36,TYR,36,36,,,True,12,12,observed
1S78,1,2,light,C,C,37,37,,37,GLN,37,37,,,True,9,9,observed
1S78,1,2,light,C,C,38,38,,38,GLN,38,38,,,True,9,9,observed
1S78,1,2,light,C,C,39,39,,39,LYS,39,39,,,True,9,9,observed
1S78,1,2,light,C,C,40,40,,40,PRO,40,40,,,True,7,7,observed
1S78,1,2,light,C,C,41,41,,41,GLY,41,41,,,True,4,4,observed
1S78,1,2,light,C,C,42,42,,42,LYS,42,42,,,True,9,9,observed
1S78,1,2,light,C,C,43,43,,43,ALA,43,43,,,True,5,5,observed
1S78,1,2,light,C,C,44,44,,44,PRO,44,44,,,True,7,7,observed
1S78,1,2,light,C,C,45,45,,45,LYS,45,45,,,True,9,9,observed
1S78,1,2,light,C,C,46,46,,46,LEU,46,46,,,True,8,8,observed
1S78,1,2,light,C,C,47,47,,47,LEU,47,47,,,True,8,8,observed
1S78,1,2,light,C,C,48,48,,48,ILE,48,48,,,True,8,8,observed
1S78,1,2,light,C,C,49,49,,49,TYR,49,49,,,True,12,12,observed
1S78,1,2,light,C,C,50,50,,50,SER,50,50,,,True,6,6,observed
1S78,1,2,light,C,C,51,51,,51,ALA,51,51,,,True,5,5,observed
1S78,1,2,light,C,C,52,52,,52,SER,52,52,,,True,6,6,observed
1S78,1,2,light,C,C,53,53,,53,TYR,53,53,,,True,12,12,observed
1S78,1,2,light,C,C,54,54,,54,ARG,54,54,,,True,11,11,observed
1S78,1,2,light,C,C,55,55,,55,TYR,55,55,,,True,12,12,observed
1S78,1,2,light,C,C,56,56,,56,THR,56,56,,,True,7,7,observed
1S78,1,2,light,C,C,57,57,,57,GLY,57,57,,,True,4,4,observed
1S78,1,2,light,C,C,58,58,,58,VAL,58,58,,,True,7,7,observed
1S78,1,2,light,C,C,59,59,,59,PRO,59,59,,,True,7,7,observed
1S78,1,2,light,C,C,60,60,,60,SER,60,60,,,True,6,6,observed
1S78,1,2,light,C,C,61,61,,61,ARG,61,61,,,True,11,11,observed
1S78,1,2,light,C,C,62,62,,62,PHE,62,62,,,True,11,11,observed
1S78,1,2,light,C,C,63,63,,63,SER,63,63,,,True,6,6,observed
1S78,1,2,light,C,C,64,64,,64,GLY,64,64,,,True,4,4,observed
1S78,1,2,light,C,C,65,65,,65,SER,65,65,,,True,6,6,observed
1S78,1,2,light,C,C,66,66,,66,GLY,66,66,,,True,4,4,observed
1S78,1,2,light,C,C,67,67,,67,SER,67,67,,,True,6,6,observed
1S78,1,2,light,C,C,68,68,,68,GLY,68,68,,,True,4,4,observed
1S78,1,2,light,C,C,69,69,,69,THR,69,69,,,True,7,7,observed
1S78,1,2,light,C,C,70,70,,70,ASP,70,70,,,True,8,8,observed
1S78,1,2,light,C,C,71,71,,71,PHE,71,71,,,True,11,11,observed
1S78,1,2,light,C,C,72,72,,72,THR,72,72,,,True,7,7,observed
1S78,1,2,light,C,C,73,73,,73,LEU,73,73,,,True,8,8,observed
1S78,1,2,light,C,C,74,74,,74,THR,74,74,,,True,7,7,observed
1S78,1,2,light,C,C,75,75,,75,ILE,75,75,,,True,8,8,observed
1S78,1,2,light,C,C,76,76,,76,SER,76,76,,,True,6,6,observed
1S78,1,2,light,C,C,77,77,,77,SER,77,77,,,True,6,6,observed
1S78,1,2,light,C,C,78,78,,78,LEU,78,78,,,True,8,8,observed
1S78,1,2,light,C,C,79,79,,79,GLN,79,79,,,True,9,9,observed
1S78,1,2,light,C,C,80,80,,80,PRO,80,80,,,True,7,7,observed
1S78,1,2,light,C,C,81,81,,81,GLU,81,81,,,True,9,9,observed
1S78,1,2,light,C,C,82,82,,82,ASP,82,82,,,True,8,8,observed
1S78,1,2,light,C,C,83,83,,83,PHE,83,83,,,True,11,11,observed
1S78,1,2,light,C,C,84,84,,84,ALA,84,84,,,True,5,5,observed
1S78,1,2,light,C,C,85,85,,85,THR,85,85,,,True,7,7,observed
1S78,1,2,light,C,C,86,86,,86,TYR,86,86,,,True,12,12,observed
1S78,1,2,light,C,C,87,87,,87,TYR,87,87,,,True,12,12,observed
1S78,1,2,light,C,C,88,88,,88,CYS,88,88,,,True,6,6,observed
1S78,1,2,light,C,C,89,89,,89,GLN,89,89,,,True,9,9,observed
1S78,1,2,light,C,C,90,90,,90,GLN,90,90,,,True,9,9,observed
1S78,1,2,light,C,C,91,91,,91,TYR,91,91,,,True,12,12,observed
1S78,1,2,light,C,C,92,92,,92,TYR,92,92,,,True,12,12,observed
1S78,1,2,light,C,C,93,93,,93,ILE,93,93,,,True,8,8,observed
1S78,1,2,light,C,C,94,94,,94,TYR,94,94,,,True,12,12,observed
1S78,1,2,light,C,C,95,95,,95,PRO,95,95,,,True,7,7,observed
1S78,1,2,light,C,C,96,96,,96,TYR,96,96,,,True,12,12,observed
1S78,1,2,light,C,C,97,97,,97,THR,97,97,,,True,7,7,observed
1S78,1,2,light,C,C,98,98,,98,PHE,98,98,,,True,11,11,observed
1S78,1,2,light,C,C,99,99,,99,GLY,99,99,,,True,4,4,observed
1S78,1,2,light,C,C,100,100,,100,GLN,100,100,,,True,9,9,observed
1S78,1,2,light,C,C,101,101,,101,GLY,101,101,,,True,4,4,observed
1S78,1,2,light,C,C,102,102,,102,THR,102,102,,,True,7,7,observed
1S78,1,2,light,C,C,103,103,,103,LYS,103,103,,,True,9,9,observed
1S78,1,2,light,C,C,104,104,,104,VAL,104,104,,,True,7,7,observed
1S78,1,2,light,C,C,105,105,,105,GLU,105,105,,,True,9,9,observed
1S78,1,2,light,C,C,106,106,,106,ILE,106,106,,,True,8,8,observed
1S78,1,2,light,C,C,107,107,,107,LYS,107,107,,,True,9,9,observed
1S78,1,2,light,C,C,108,108,,108,ARG,108,108,,,True,11,11,observed
1S78,1,2,light,C,C,109,109,,109,THR,109,109,,,True,7,7,observed
1S78,1,2,light,C,C,110,110,,110,VAL,110,110,,,True,7,7,observed
1S78,1,2,light,C,C,111,111,,111,ALA,111,111,,,True,5,5,observed
1S78,1,2,light,C,C,112,112,,112,ALA,112,112,,,True,5,5,observed
1S78,1,2,light,C,C,113,113,,113,PRO,113,113,,,True,7,7,observed
1S78,1,2,light,C,C,114,114,,114,SER,114,114,,,True,6,6,observed
1S78,1,2,light,C,C,115,115,,115,VAL,115,115,,,True,7,7,observed
1S78,1,2,light,C,C,116,116,,116,PHE,116,116,,,True,11,11,observed
1S78,1,2,light,C,C,117,117,,117,ILE,117,117,,,True,8,8,observed
1S78,1,2,light,C,C,118,118,,118,PHE,118,118,,,True,11,11,observed
1S78,1,2,light,C,C,119,119,,119,PRO,119,119,,,True,7,7,observed
1S78,1,2,light,C,C,120,120,,120,PRO,120,120,,,True,7,7,observed
1S78,1,2,light,C,C,121,121,,121,SER,121,121,,,True,6,6,observed
1S78,1,2,light,C,C,122,122,,122,ASP,122,122,,,True,8,8,observed
1S78,1,2,light,C,C,123,123,,123,GLU,123,123,,,True,9,9,observed
1S78,1,2,light,C,C,124,124,,124,GLN,124,124,,,True,9,9,observed
1S78,1,2,light,C,C,125,125,,125,LEU,125,125,,,True,8,8,observed
1S78,1,2,light,C,C,126,126,,126,LYS,126,126,,,True,9,9,observed
1S78,1,2,light,C,C,127,127,,127,SER,127,127,,,True,6,6,observed
1S78,1,2,light,C,C,128,128,,128,GLY,128,128,,,True,4,4,observed
1S78,1,2,light,C,C,129,129,,129,THR,129,129,,,True,7,7,observed
1S78,1,2,light,C,C,130,130,,130,ALA,130,130,,,True,5,5,observed
1S78,1,2,light,C,C,131,131,,131,SER,131,131,,,True,6,6,observed
1S78,1,2,light,C,C,132,132,,132,VAL,132,132,,,True,7,7,observed
1S78,1,2,light,C,C,133,133,,133,VAL,133,133,,,True,7,7,observed
1S78,1,2,light,C,C,134,134,,134,CYS,134,134,,,True,6,6,observed
1S78,1,2,light,C,C,135,135,,135,LEU,135,135,,,True,8,8,observed
1S78,1,2,light,C,C,136,136,,136,LEU,136,136,,,True,8,8,observed
1S78,1,2,light,C,C,137,137,,137,ASN,137,137,,,True,8,8,observed
1S78,1,2,light,C,C,138,138,,138,ASN,138,138,,,True,8,8,observed
1S78,1,2,light,C,C,139,139,,139,PHE,139,139,,,True,11,11,observed
1S78,1,2,light,C,C,140,140,,140,TYR,140,140,,,True,12,12,observed
1S78,1,2,light,C,C,141,141,,141,PRO,141,141,,,True,7,7,observed
1S78,1,2,light,C,C,142,142,,142,ARG,142,142,,,True,11,11,observed
1S78,1,2,light,C,C,143,143,,143,GLU,143,143,,,True,9,9,observed
1S78,1,2,light,C,C,144,144,,144,ALA,144,144,,,True,5,5,observed
1S78,1,2,light,C,C,145,145,,145,LYS,145,145,,,True,9,9,observed
1S78,1,2,light,C,C,146,146,,146,VAL,146,146,,,True,7,7,observed
1S78,1,2,light,C,C,147,147,,147,GLN,147,147,,,True,9,9,observed
1S78,1,2,light,C,C,148,148,,148,TRP,148,148,,,True,14,14,observed
1S78,1,2,light,C,C,149,149,,149,LYS,149,149,,,True,9,9,observed
1S78,1,2,light,C,C,150,150,,150,VAL,150,150,,,True,7,7,observed
1S78,1,2,light,C,C,151,151,,151,ASP,151,151,,,True,8,8,observed
1S78,1,2,light,C,C,152,152,,152,ASN,152,152,,,True,8,8,observed
1S78,1,2,light,C,C,153,153,,153,ALA,153,153,,,True,5,5,observed
1S78,1,2,light,C,C,154,154,,154,LEU,154,154,,,True,8,8,observed
1S78,1,2,light,C,C,155,155,,155,GLN,155,155,,,True,9,9,observed
1S78,1,2,light,C,C,156,156,,156,SER,156,156,,,True,6,6,observed
1S78,1,2,light,C,C,157,157,,157,GLY,157,157,,,True,4,4,observed
1S78,1,2,light,C,C,158,158,,158,ASN,158,158,,,True,8,8,observed
1S78,1,2,light,C,C,159,159,,159,SER,159,159,,,True,6,6,observed
1S78,1,2,light,C,C,160,160,,160,GLN,160,160,,,True,9,9,observed
1S78,1,2,light,C,C,161,161,,161,GLU,161,161,,,True,9,9,observed
1S78,1,2,light,C,C,162,162,,162,SER,162,162,,,True,6,6,observed
1S78,1,2,light,C,C,163,163,,163,VAL,163,163,,,True,7,7,observed
1S78,1,2,light,C,C,164,164,,164,THR,164,164,,,True,7,7,observed
1S78,1,2,light,C,C,165,165,,165,GLU,165,165,,,True,9,9,observed
1S78,1,2,light,C,C,166,166,,166,GLN,166,166,,,True,9,9,observed
1S78,1,2,light,C,C,167,167,,167,ASP,167,167,,,True,8,8,observed
1S78,1,2,light,C,C,168,168,,168,SER,168,168,,,True,6,6,observed
1S78,1,2,light,C,C,169,169,,169,LYS,169,169,,,True,9,9,observed
1S78,1,2,light,C,C,170,170,,170,ASP,170,170,,,True,8,8,observed
1S78,1,2,light,C,C,171,171,,171,SER,171,171,,,True,6,6,observed
1S78,1,2,light,C,C,172,172,,172,THR,172,172,,,True,7,7,observed
1S78,1,2,light,C,C,173,173,,173,TYR,173,173,,,True,12,12,observed
1S78,1,2,light,C,C,174,174,,174,SER,174,174,,,True,6,6,observed
1S78,1,2,light,C,C,175,175,,175,LEU,175,175,,,True,8,8,observed
1S78,1,2,light,C,C,176,176,,176,SER,176,176,,,True,6,6,observed
1S78,1,2,light,C,C,177,177,,177,SER,177,177,,,True,6,6,observed
1S78,1,2,light,C,C,178,178,,178,THR,178,178,,,True,7,7,observed
1S78,1,2,light,C,C,179,179,,179,LEU,179,179,,,True,8,8,observed
1S78,1,2,light,C,C,180,180,,180,THR,180,180,,,True,7,7,observed
1S78,1,2,light,C,C,181,181,,181,LEU,181,181,,,True,8,8,observed
1S78,1,2,light,C,C,182,182,,182,SER,182,182,,,True,6,6,observed
1S78,1,2,light,C,C,183,183,,183,LYS,183,183,,,True,9,9,observed
1S78,1,2,light,C,C,184,184,,184,ALA,184,184,,,True,5,5,observed
1S78,1,2,light,C,C,185,185,,185,ASP,185,185,,,True,8,8,observed
1S78,1,2,light,C,C,186,186,,186,TYR,186,186,,,True,12,12,observed
1S78,1,2,light,C,C,187,187,,187,GLU,187,187,,,True,9,9,observed
1S78,1,2,light,C,C,188,188,,188,LYS,188,188,,,True,9,9,observed
1S78,1,2,light,C,C,189,189,,189,HIS,189,189,,,True,10,10,observed
1S78,1,2,light,C,C,190,190,,190,LYS,190,190,,,True,9,9,observed
1S78,1,2,light,C,C,191,191,,191,VAL,191,191,,,True,7,7,observed
1S78,1,2,light,C,C,192,192,,192,TYR,192,192,,,True,12,12,observed
1S78,1,2,light,C,C,193,193,,193,ALA,193,193,,,True,5,5,observed
1S78,1,2,light,C,C,194,194,,194,CYS,194,194,,,True,6,6,observed
1S78,1,2,light,C,C,195,195,,195,GLU,195,195,,,True,9,9,observed
1S78,1,2,light,C,C,196,196,,196,VAL,196,196,,,True,7,7,observed
1S78,1,2,light,C,C,197,197,,197,THR,197,197,,,True,7,7,observed
1S78,1,2,light,C,C,198,198,,198,HIS,198,198,,,True,10,10,observed
1S78,1,2,light,C,C,199,199,,199,GLN,199,199,,,True,9,9,observed
1S78,1,2,light,C,C,200,200,,200,GLY,200,200,,,True,4,4,observed
1S78,1,2,light,C,C,201,201,,201,LEU,201,201,,,True,8,8,observed
1S78,1,2,light,C,C,202,202,,202,SER,202,202,,,True,6,6,observed
1S78,1,2,light,C,C,203,203,,203,SER,203,203,,,True,6,6,observed
1S78,1,2,light,C,C,204,204,,204,PRO,204,204,,,True,7,7,observed
1S78,1,2,light,C,C,205,205,,205,VAL,205,205,,,True,7,7,observed
1S78,1,2,light,C,C,206,206,,206,THR,206,206,,,True,7,7,observed
1S78,1,2,light,C,C,207,207,,207,LYS,207,207,,,True,9,9,observed
1S78,1,2,light,C,C,208,208,,208,SER,208,208,,,True,6,6,observed
1S78,1,2,light,C,C,209,209,,209,PHE,209,209,,,True,11,11,observed
1S78,1,2,light,C,C,210,210,,210,ASN,210,210,,,True,8,8,observed
1S78,1,2,light,C,C,211,211,,211,ARG,211,211,,,True,11,11,observed
1S78,1,2,light,C,C,212,212,,212,GLY,212,212,,,True,4,4,observed
1S78,1,2,light,C,C,213,213,,213,GLU,213,213,,,True,9,9,observed
1S78,1,2,light,C,C,214,214,,214,CYS,214,214,,,True,7,7,observed
1S78,1,3,heavy,D,D,1,1,,1,GLU,1,1,,,True,9,9,observed
1S78,1,3,heavy,D,D,2,2,,2,VAL,2,2,,,True,7,7,observed
1S78,1,3,heavy,D,D,3,3,,3,GLN,3,3,,,True,9,9,observed
1S78,1,3,heavy,D,D,4,4,,4,LEU,4,4,,,True,8,8,observed
1S78,1,3,heavy,D,D,5,5,,5,VAL,5,5,,,True,7,7,observed
1S78,1,3,heavy,D,D,6,6,,6,GLU,6,6,,,True,9,9,observed
1S78,1,3,heavy,D,D,7,7,,7,SER,7,7,,,True,6,6,observed
1S78,1,3,heavy,D,D,8,8,,8,GLY,8,8,,,True,4,4,observed
1S78,1,3,heavy,D,D,9,9,,9,GLY,9,9,,,True,4,4,observed
1S78,1,3,heavy,D,D,10,10,,10,GLY,10,10,,,True,4,4,observed
1S78,1,3,heavy,D,D,11,11,,11,LEU,11,11,,,True,8,8,observed
1S78,1,3,heavy,D,D,12,12,,12,VAL,12,12,,,True,7,7,observed
1S78,1,3,heavy,D,D,13,13,,13,GLN,13,13,,,True,9,9,observed
1S78,1,3,heavy,D,D,14,14,,14,PRO,14,14,,,True,7,7,observed
1S78,1,3,heavy,D,D,15,15,,15,GLY,15,15,,,True,4,4,observed
1S78,1,3,heavy,D,D,16,16,,16,GLY,16,16,,,True,4,4,observed
1S78,1,3,heavy,D,D,17,17,,17,SER,17,17,,,True,6,6,observed
1S78,1,3,heavy,D,D,18,18,,18,LEU,18,18,,,True,8,8,observed
1S78,1,3,heavy,D,D,19,19,,19,ARG,19,19,,,True,11,11,observed
1S78,1,3,heavy,D,D,20,20,,20,LEU,20,20,,,True,8,8,observed
1S78,1,3,heavy,D,D,21,21,,21,SER,21,21,,,True,6,6,observed
1S78,1,3,heavy,D,D,22,22,,22,CYS,22,22,,,True,6,6,observed
1S78,1,3,heavy,D,D,23,23,,23,ALA,23,23,,,True,5,5,observed
1S78,1,3,heavy,D,D,24,24,,24,ALA,24,24,,,True,5,5,observed
1S78,1,3,heavy,D,D,25,25,,25,SER,25,25,,,True,6,6,observed
1S78,1,3,heavy,D,D,26,26,,26,GLY,26,26,,,True,4,4,observed
1S78,1,3,heavy,D,D,27,27,,27,PHE,27,27,,,True,11,11,observed
1S78,1,3,heavy,D,D,28,28,,28,THR,28,28,,,True,7,7,observed
1S78,1,3,heavy,D,D,29,29,,29,PHE,29,29,,,True,11,11,observed
1S78,1,3,heavy,D,D,30,30,,30,THR,30,30,,,True,7,7,observed
1S78,1,3,heavy,D,D,31,31,,31,ASP,31,31,,,True,8,8,observed
1S78,1,3,heavy,D,D,32,32,,32,TYR,32,32,,,True,12,12,observed
1S78,1,3,heavy,D,D,33,33,,33,THR,33,33,,,True,7,7,observed
1S78,1,3,heavy,D,D,34,34,,34,MET,34,34,,,True,8,8,observed
1S78,1,3,heavy,D,D,35,35,,35,ASP,35,35,,,True,8,8,observed
1S78,1,3,heavy,D,D,36,36,,36,TRP,36,36,,,True,14,14,observed
1S78,1,3,heavy,D,D,37,37,,37,VAL,37,37,,,True,7,7,observed
1S78,1,3,heavy,D,D,38,38,,38,ARG,38,38,,,True,11,11,observed
1S78,1,3,heavy,D,D,39,39,,39,GLN,39,39,,,True,9,9,observed
1S78,1,3,heavy,D,D,40,40,,40,ALA,40,40,,,True,5,5,observed
1S78,1,3,heavy,D,D,41,41,,41,PRO,41,41,,,True,7,7,observed
1S78,1,3,heavy,D,D,42,42,,42,GLY,42,42,,,True,4,4,observed
1S78,1,3,heavy,D,D,43,43,,43,LYS,43,43,,,True,9,9,observed
1S78,1,3,heavy,D,D,44,44,,44,GLY,44,44,,,True,4,4,observed
1S78,1,3,heavy,D,D,45,45,,45,LEU,45,45,,,True,8,8,observed
1S78,1,3,heavy,D,D,46,46,,46,GLU,46,46,,,True,9,9,observed
1S78,1,3,heavy,D,D,47,47,,47,TRP,47,47,,,True,14,14,observed
1S78,1,3,heavy,D,D,48,48,,48,VAL,48,48,,,True,7,7,observed
1S78,1,3,heavy,D,D,49,49,,49,ALA,49,49,,,True,5,5,observed
1S78,1,3,heavy,D,D,50,50,,50,ASP,50,50,,,True,8,8,observed
1S78,1,3,heavy,D,D,51,51,,51,VAL,51,51,,,True,7,7,observed
1S78,1,3,heavy,D,D,52,52,,52,ASN,52,52,,,True,8,8,observed
1S78,1,3,heavy,D,D,53,52,A,52,PRO,53,53,,,True,7,7,observed
1S78,1,3,heavy,D,D,54,53,,53,ASN,54,54,,,True,8,8,observed
1S78,1,3,heavy,D,D,55,54,,54,SER,55,55,,,True,6,6,observed
1S78,1,3,heavy,D,D,56,55,,55,GLY,56,56,,,True,4,4,observed
1S78,1,3,heavy,D,D,57,56,,56,GLY,57,57,,,True,4,4,observed
1S78,1,3,heavy,D,D,58,57,,57,SER,58,58,,,True,6,6,observed
1S78,1,3,heavy,D,D,59,58,,58,ILE,59,59,,,True,8,8,observed
1S78,1,3,heavy,D,D,60,59,,59,TYR,60,60,,,True,12,12,observed
1S78,1,3,heavy,D,D,61,60,,60,ASN,61,61,,,True,8,8,observed
1S78,1,3,heavy,D,D,62,61,,61,GLN,62,62,,,True,9,9,observed
1S78,1,3,heavy,D,D,63,62,,62,ARG,63,63,,,True,11,11,observed
1S78,1,3,heavy,D,D,64,63,,63,PHE,64,64,,,True,11,11,observed
1S78,1,3,heavy,D,D,65,64,,64,LYS,65,65,,,True,9,9,observed
1S78,1,3,heavy,D,D,66,65,,65,GLY,66,66,,,True,4,4,observed
1S78,1,3,heavy,D,D,67,66,,66,ARG,67,67,,,True,11,11,observed
1S78,1,3,heavy,D,D,68,67,,67,PHE,68,68,,,True,11,11,observed
1S78,1,3,heavy,D,D,69,68,,68,THR,69,69,,,True,7,7,observed
1S78,1,3,heavy,D,D,70,69,,69,LEU,70,70,,,True,8,8,observed
1S78,1,3,heavy,D,D,71,70,,70,SER,71,71,,,True,6,6,observed
1S78,1,3,heavy,D,D,72,71,,71,VAL,72,72,,,True,7,7,observed
1S78,1,3,heavy,D,D,73,72,,72,ASP,73,73,,,True,8,8,observed
1S78,1,3,heavy,D,D,74,73,,73,ARG,74,74,,,True,11,11,observed
1S78,1,3,heavy,D,D,75,74,,74,SER,75,75,,,True,6,6,observed
1S78,1,3,heavy,D,D,76,75,,75,LYS,76,76,,,True,9,9,observed
1S78,1,3,heavy,D,D,77,76,,76,ASN,77,77,,,True,8,8,observed
1S78,1,3,heavy,D,D,78,77,,77,THR,78,78,,,True,7,7,observed
1S78,1,3,heavy,D,D,79,78,,78,LEU,79,79,,,True,8,8,observed
1S78,1,3,heavy,D,D,80,79,,79,TYR,80,80,,,True,12,12,observed
1S78,1,3,heavy,D,D,81,80,,80,LEU,81,81,,,True,8,8,observed
1S78,1,3,heavy,D,D,82,81,,81,GLN,82,82,,,True,9,9,observed
1S78,1,3,heavy,D,D,83,82,,82,MET,83,83,,,True,8,8,observed
1S78,1,3,heavy,D,D,84,82,A,82,ASN,84,84,,,True,8,8,observed
1S78,1,3,heavy,D,D,85,82,B,82,SER,85,85,,,True,6,6,observed
1S78,1,3,heavy,D,D,86,82,C,82,LEU,86,86,,,True,8,8,observed
1S78,1,3,heavy,D,D,87,83,,83,ARG,87,87,,,True,11,11,observed
1S78,1,3,heavy,D,D,88,84,,84,ALA,88,88,,,True,5,5,observed
1S78,1,3,heavy,D,D,89,85,,85,GLU,89,89,,,True,9,9,observed
1S78,1,3,heavy,D,D,90,86,,86,ASP,90,90,,,True,8,8,observed
1S78,1,3,heavy,D,D,91,87,,87,THR,91,91,,,True,7,7,observed
1S78,1,3,heavy,D,D,92,88,,88,ALA,92,92,,,True,5,5,observed
1S78,1,3,heavy,D,D,93,89,,89,VAL,93,93,,,True,7,7,observed
1S78,1,3,heavy,D,D,94,90,,90,TYR,94,94,,,True,12,12,observed
1S78,1,3,heavy,D,D,95,91,,91,TYR,95,95,,,True,12,12,observed
1S78,1,3,heavy,D,D,96,92,,92,CYS,96,96,,,True,6,6,observed
1S78,1,3,heavy,D,D,97,93,,93,ALA,97,97,,,True,5,5,observed
1S78,1,3,heavy,D,D,98,94,,94,ARG,98,98,,,True,11,11,observed
1S78,1,3,heavy,D,D,99,95,,95,ASN,99,99,,,True,8,8,observed
1S78,1,3,heavy,D,D,100,96,,96,LEU,100,100,,,True,8,8,observed
1S78,1,3,heavy,D,D,101,97,,97,GLY,101,101,,,True,4,4,observed
1S78,1,3,heavy,D,D,102,98,,98,PRO,102,102,,,True,7,7,observed
1S78,1,3,heavy,D,D,103,99,,99,SER,103,103,,,True,6,6,observed
1S78,1,3,heavy,D,D,104,99,A,99,PHE,104,104,,,True,11,11,observed
1S78,1,3,heavy,D,D,105,99,B,99,TYR,105,105,,,True,12,12,observed
1S78,1,3,heavy,D,D,106,100,,100,PHE,106,106,,,True,11,11,observed
1S78,1,3,heavy,D,D,107,101,,101,ASP,107,107,,,True,8,8,observed
1S78,1,3,heavy,D,D,108,102,,102,TYR,108,108,,,True,12,12,observed
1S78,1,3,heavy,D,D,109,103,,103,TRP,109,109,,,True,14,14,observed
1S78,1,3,heavy,D,D,110,104,,104,GLY,110,110,,,True,4,4,observed
1S78,1,3,heavy,D,D,111,105,,105,GLN,111,111,,,True,9,9,observed
1S78,1,3,heavy,D,D,112,106,,106,GLY,112,112,,,True,4,4,observed
1S78,1,3,heavy,D,D,113,107,,107,THR,113,113,,,True,7,7,observed
1S78,1,3,heavy,D,D,114,108,,108,LEU,114,114,,,True,8,8,observed
1S78,1,3,heavy,D,D,115,109,,109,VAL,115,115,,,True,7,7,observed
1S78,1,3,heavy,D,D,116,110,,110,THR,116,116,,,True,7,7,observed
1S78,1,3,heavy,D,D,117,111,,111,VAL,117,117,,,True,7,7,observed
1S78,1,3,heavy,D,D,118,112,,112,SER,118,118,,,True,6,6,observed
1S78,1,3,heavy,D,D,119,113,,113,SER,119,119,,,True,6,6,observed
1S78,1,3,heavy,D,D,120,114,,114,ALA,120,120,,,True,5,5,observed
1S78,1,3,heavy,D,D,121,115,,115,SER,121,121,,,True,6,6,observed
1S78,1,3,heavy,D,D,122,116,,116,THR,122,122,,,True,7,7,observed
1S78,1,3,heavy,D,D,123,117,,117,LYS,123,123,,,True,9,9,observed
1S78,1,3,heavy,D,D,124,118,,118,GLY,124,124,,,True,4,4,observed
1S78,1,3,heavy,D,D,125,119,,119,PRO,125,125,,,True,7,7,observed
1S78,1,3,heavy,D,D,126,120,,120,SER,126,126,,,True,6,6,observed
1S78,1,3,heavy,D,D,127,121,,121,VAL,127,127,,,True,7,7,observed
1S78,1,3,heavy,D,D,128,122,,122,PHE,128,128,,,True,11,11,observed
1S78,1,3,heavy,D,D,129,123,,123,PRO,129,129,,,True,7,7,observed
1S78,1,3,heavy,D,D,130,124,,124,LEU,130,130,,,True,8,8,observed
1S78,1,3,heavy,D,D,131,125,,125,ALA,131,131,,,True,5,5,observed
1S78,1,3,heavy,D,D,132,126,,126,PRO,132,132,,,True,7,7,observed
1S78,1,3,heavy,D,D,133,127,,127,SER,133,133,,,True,6,6,observed
1S78,1,3,heavy,D,D,134,128,,128,SER,134,134,,,True,6,6,observed
1S78,1,3,heavy,D,D,135,129,,129,LYS,135,135,,,True,9,9,observed
1S78,1,3,heavy,D,D,136,130,,130,SER,136,136,,,True,6,6,observed
1S78,1,3,heavy,D,D,137,131,,131,THR,137,137,,,True,7,7,observed
1S78,1,3,heavy,D,D,138,132,,132,SER,138,138,,,True,6,6,observed
1S78,1,3,heavy,D,D,139,133,,133,GLY,139,139,,,True,4,4,observed
1S78,1,3,heavy,D,D,140,134,,134,GLY,140,140,,,True,4,4,observed
1S78,1,3,heavy,D,D,141,135,,135,THR,141,141,,,True,7,7,observed
1S78,1,3,heavy,D,D,142,136,,136,ALA,142,142,,,True,5,5,observed
1S78,1,3,heavy,D,D,143,137,,137,ALA,143,143,,,True,5,5,observed
1S78,1,3,heavy,D,D,144,138,,138,LEU,144,144,,,True,8,8,observed
1S78,1,3,heavy,D,D,145,139,,139,GLY,145,145,,,True,4,4,observed
1S78,1,3,heavy,D,D,146,140,,140,CYS,146,146,,,True,6,6,observed
1S78,1,3,heavy,D,D,147,141,,141,LEU,147,147,,,True,8,8,observed
1S78,1,3,heavy,D,D,148,142,,142,VAL,148,148,,,True,7,7,observed
1S78,1,3,heavy,D,D,149,143,,143,LYS,149,149,,,True,9,9,observed
1S78,1,3,heavy,D,D,150,144,,144,ASP,150,150,,,True,8,8,observed
1S78,1,3,heavy,D,D,151,145,,145,TYR,151,151,,,True,12,12,observed
1S78,1,3,heavy,D,D,152,146,,146,PHE,152,152,,,True,11,11,observed
1S78,1,3,heavy,D,D,153,147,,147,PRO,153,153,,,True,7,7,observed
1S78,1,3,heavy,D,D,154,148,,148,GLU,154,154,,,True,9,9,observed
1S78,1,3,heavy,D,D,155,149,,149,PRO,155,155,,,True,7,7,observed
1S78,1,3,heavy,D,D,156,150,,150,VAL,156,156,,,True,7,7,observed
1S78,1,3,heavy,D,D,157,151,,151,THR,157,157,,,True,7,7,observed
1S78,1,3,heavy,D,D,158,152,,152,VAL,158,158,,,True,7,7,observed
1S78,1,3,heavy,D,D,159,153,,153,SER,159,159,,,True,6,6,observed
1S78,1,3,heavy,D,D,160,154,,154,TRP,160,160,,,True,14,14,observed
1S78,1,3,heavy,D,D,161,155,,155,ASN,161,161,,,True,8,8,observed
1S78,1,3,heavy,D,D,162,156,,156,SER,162,162,,,True,6,6,observed
1S78,1,3,heavy,D,D,163,157,,157,GLY,163,163,,,True,4,4,observed
1S78,1,3,heavy,D,D,164,158,,158,ALA,164,164,,,True,5,5,observed
1S78,1,3,heavy,D,D,165,159,,159,LEU,165,165,,,True,8,8,observed
1S78,1,3,heavy,D,D,166,160,,160,THR,166,166,,,True,7,7,observed
1S78,1,3,heavy,D,D,167,161,,161,SER,167,167,,,True,6,6,observed
1S78,1,3,heavy,D,D,168,162,,162,GLY,168,168,,,True,4,4,observed
1S78,1,3,heavy,D,D,169,163,,163,VAL,169,169,,,True,7,7,observed
1S78,1,3,heavy,D,D,170,164,,164,HIS,170,170,,,True,10,10,observed
1S78,1,3,heavy,D,D,171,165,,165,THR,171,171,,,True,7,7,observed
1S78,1,3,heavy,D,D,172,166,,166,PHE,172,172,,,True,11,11,observed
1S78,1,3,heavy,D,D,173,167,,167,PRO,173,173,,,True,7,7,observed
1S78,1,3,heavy,D,D,174,168,,168,ALA,174,174,,,True,5,5,observed
1S78,1,3,heavy,D,D,175,169,,169,VAL,175,175,,,True,7,7,observed
1S78,1,3,heavy,D,D,176,170,,170,LEU,176,176,,,True,8,8,observed
1S78,1,3,heavy,D,D,177,171,,171,GLN,177,177,,,True,9,9,observed
1S78,1,3,heavy,D,D,178,172,,172,SER,178,178,,,True,6,6,observed
1S78,1,3,heavy,D,D,179,173,,173,SER,179,179,,,True,6,6,observed
1S78,1,3,heavy,D,D,180,174,,174,GLY,180,180,,,True,4,4,observed
1S78,1,3,heavy,D,D,181,175,,175,LEU,181,181,,,True,8,8,observed
1S78,1,3,heavy,D,D,182,176,,176,TYR,182,182,,,True,12,12,observed
1S78,1,3,heavy,D,D,183,177,,177,SER,183,183,,,True,6,6,observed
1S78,1,3,heavy,D,D,184,178,,178,LEU,184,184,,,True,8,8,observed
1S78,1,3,heavy,D,D,185,179,,179,SER,185,185,,,True,6,6,observed
1S78,1,3,heavy,D,D,186,180,,180,SER,186,186,,,True,6,6,observed
1S78,1,3,heavy,D,D,187,181,,181,VAL,187,187,,,True,7,7,observed
1S78,1,3,heavy,D,D,188,182,,182,VAL,188,188,,,True,7,7,observed
1S78,1,3,heavy,D,D,189,183,,183,THR,189,189,,,True,7,7,observed
1S78,1,3,heavy,D,D,190,184,,184,VAL,190,190,,,True,7,7,observed
1S78,1,3,heavy,D,D,191,185,,185,PRO,191,191,,,True,7,7,observed
1S78,1,3,heavy,D,D,192,186,,186,SER,192,192,,,True,6,6,observed
1S78,1,3,heavy,D,D,193,187,,187,SER,193,193,,,True,6,6,observed
1S78,1,3,heavy,D,D,194,188,,188,SER,194,194,,,True,6,6,observed
1S78,1,3,heavy,D,D,195,189,,189,LEU,195,195,,,True,8,8,observed
1S78,1,3,heavy,D,D,196,190,,190,GLY,196,196,,,True,4,4,observed
1S78,1,3,heavy,D,D,197,191,,191,THR,197,197,,,True,7,7,observed
1S78,1,3,heavy,D,D,198,192,,192,GLN,198,198,,,True,9,9,observed
1S78,1,3,heavy,D,D,199,193,,193,THR,199,199,,,True,7,7,observed
1S78,1,3,heavy,D,D,200,194,,194,TYR,200,200,,,True,12,12,observed
1S78,1,3,heavy,D,D,201,195,,195,ILE,201,201,,,True,8,8,observed
1S78,1,3,heavy,D,D,202,196,,196,CYS,202,202,,,True,6,6,observed
1S78,1,3,heavy,D,D,203,197,,197,ASN,203,203,,,True,8,8,observed
1S78,1,3,heavy,D,D,204,198,,198,VAL,204,204,,,True,7,7,observed
1S78,1,3,heavy,D,D,205,199,,199,ASN,205,205,,,True,8,8,observed
1S78,1,3,heavy,D,D,206,200,,200,HIS,206,206,,,True,10,10,observed
1S78,1,3,heavy,D,D,207,201,,201,LYS,207,207,,,True,9,9,observed
1S78,1,3,heavy,D,D,208,202,,202,PRO,208,208,,,True,7,7,observed
1S78,1,3,heavy,D,D,209,203,,203,SER,209,209,,,True,6,6,observed
1S78,1,3,heavy,D,D,210,204,,204,ASN,210,210,,,True,8,8,observed
1S78,1,3,heavy,D,D,211,205,,205,THR,211,211,,,True,7,7,observed
1S78,1,3,heavy,D,D,212,206,,206,LYS,212,212,,,True,9,9,observed
1S78,1,3,heavy,D,D,213,207,,207,VAL,213,213,,,True,7,7,observed
1S78,1,3,heavy,D,D,214,208,,208,ASP,214,214,,,True,8,8,observed
1S78,1,3,heavy,D,D,215,209,,209,LYS,215,215,,,True,9,9,observed
1S78,1,3,heavy,D,D,216,210,,210,LYS,216,216,,,True,9,9,observed
1S78,1,3,heavy,D,D,217,211,,211,VAL,217,217,,,True,7,7,observed
1S78,1,3,heavy,D,D,218,212,,212,GLU,218,218,,,True,9,9,observed
1S78,1,3,heavy,D,D,219,213,,213,PRO,219,219,,,True,7,7,observed
1S78,1,3,heavy,D,D,220,214,,214,LYS,220,220,,,True,9,9,observed
1S78,1,3,heavy,D,D,221,215,,215,SER,221,221,,,True,6,6,observed
1S78,1,3,heavy,D,D,222,216,,216,CYS,222,222,,,True,6,6,observed
1S78,1,3,heavy,D,D,223,217,,,ASP,223,223,,,False,0,0,unobserved
1S78,1,3,heavy,D,D,224,218,,,LYS,224,224,,,False,0,0,unobserved
1S78,1,3,heavy,D,D,225,219,,,THR,225,225,,,False,0,0,unobserved
1S78,1,3,heavy,D,D,226,220,,,HIS,226,226,,,False,0,0,unobserved
1S78,1,2,light,E,E,1,1,,1,ASP,1,1,,,True,8,8,observed
1S78,1,2,light,E,E,2,2,,2,ILE,2,2,,,True,8,8,observed
1S78,1,2,light,E,E,3,3,,3,GLN,3,3,,,True,9,9,observed
1S78,1,2,light,E,E,4,4,,4,MET,4,4,,,True,8,8,observed
1S78,1,2,light,E,E,5,5,,5,THR,5,5,,,True,7,7,observed
1S78,1,2,light,E,E,6,6,,6,GLN,6,6,,,True,9,9,observed
1S78,1,2,light,E,E,7,7,,7,SER,7,7,,,True,6,6,observed
1S78,1,2,light,E,E,8,8,,8,PRO,8,8,,,True,7,7,observed
1S78,1,2,light,E,E,9,9,,9,SER,9,9,,,True,6,6,observed
1S78,1,2,light,E,E,10,10,,10,SER,10,10,,,True,6,6,observed
1S78,1,2,light,E,E,11,11,,11,LEU,11,11,,,True,8,8,observed
1S78,1,2,light,E,E,12,12,,12,SER,12,12,,,True,6,6,observed
1S78,1,2,light,E,E,13,13,,13,ALA,13,13,,,True,5,5,observed
1S78,1,2,light,E,E,14,14,,14,SER,14,14,,,True,6,6,observed
1S78,1,2,light,E,E,15,15,,15,VAL,15,15,,,True,7,7,observed
1S78,1,2,light,E,E,16,16,,16,GLY,16,16,,,True,4,4,observed
1S78,1,2,light,E,E,17,17,,17,ASP,17,17,,,True,8,8,observed
1S78,1,2,light,E,E,18,18,,18,ARG,18,18,,,True,11,11,observed
1S78,1,2,light,E,E,19,19,,19,VAL,19,19,,,True,7,7,observed
1S78,1,2,light,E,E,20,20,,20,THR,20,20,,,True,7,7,observed
1S78,1,2,light,E,E,21,21,,21,ILE,21,21,,,True,8,8,observed
1S78,1,2,light,E,E,22,22,,22,THR,22,22,,,True,7,7,observed
1S78,1,2,light,E,E,23,23,,23,CYS,23,23,,,True,6,6,observed
1S78,1,2,light,E,E,24,24,,24,LYS,24,24,,,True,9,9,observed
1S78,1,2,light,E,E,25,25,,25,ALA,25,25,,,True,5,5,observed
1S78,1,2,light,E,E,26,26,,26,SER,26,26,,,True,6,6,observed
1S78,1,2,light,E,E,27,27,,27,GLN,27,27,,,True,9,9,observed
1S78,1,2,light,E,E,28,28,,28,ASP,28,28,,,True,8,8,observed
1S78,1,2,light,E,E,29,29,,29,VAL,29,29,,,True,7,7,observed
1S78,1,2,light,E,E,30,30,,30,SER,30,30,,,True,6,6,observed
1S78,1,2,light,E,E,31,31,,31,ILE,31,31,,,True,8,8,observed
1S78,1,2,light,E,E,32,32,,32,GLY,32,32,,,True,4,4,observed
1S78,1,2,light,E,E,33,33,,33,VAL,33,33,,,True,7,7,observed
1S78,1,2,light,E,E,34,34,,34,ALA,34,34,,,True,5,5,observed
1S78,1,2,light,E,E,35,35,,35,TRP,35,35,,,True,14,14,observed
1S78,1,2,light,E,E,36,36,,36,TYR,36,36,,,True,12,12,observed
1S78,1,2,light,E,E,37,37,,37,GLN,37,37,,,True,9,9,observed
1S78,1,2,light,E,E,38,38,,38,GLN,38,38,,,True,9,9,observed
1S78,1,2,light,E,E,39,39,,39,LYS,39,39,,,True,9,9,observed
1S78,1,2,light,E,E,40,40,,40,PRO,40,40,,,True,7,7,observed
1S78,1,2,light,E,E,41,41,,41,GLY,41,41,,,True,4,4,observed
1S78,1,2,light,E,E,42,42,,42,LYS,42,42,,,True,9,9,observed
1S78,1,2,light,E,E,43,43,,43,ALA,43,43,,,True,5,5,observed
1S78,1,2,light,E,E,44,44,,44,PRO,44,44,,,True,7,7,observed
1S78,1,2,light,E,E,45,45,,45,LYS,45,45,,,True,9,9,observed
1S78,1,2,light,E,E,46,46,,46,LEU,46,46,,,True,8,8,observed
1S78,1,2,light,E,E,47,47,,47,LEU,47,47,,,True,8,8,observed
1S78,1,2,light,E,E,48,48,,48,ILE,48,48,,,True,8,8,observed
1S78,1,2,light,E,E,49,49,,49,TYR,49,49,,,True,12,12,observed
1S78,1,2,light,E,E,50,50,,50,SER,50,50,,,True,6,6,observed
1S78,1,2,light,E,E,51,51,,51,ALA,51,51,,,True,5,5,observed
1S78,1,2,light,E,E,52,52,,52,SER,52,52,,,True,6,6,observed
1S78,1,2,light,E,E,53,53,,53,TYR,53,53,,,True,12,12,observed
1S78,1,2,light,E,E,54,54,,54,ARG,54,54,,,True,11,11,observed
1S78,1,2,light,E,E,55,55,,55,TYR,55,55,,,True,12,12,observed
1S78,1,2,light,E,E,56,56,,56,THR,56,56,,,True,7,7,observed
1S78,1,2,light,E,E,57,57,,57,GLY,57,57,,,True,4,4,observed
1S78,1,2,light,E,E,58,58,,58,VAL,58,58,,,True,7,7,observed
1S78,1,2,light,E,E,59,59,,59,PRO,59,59,,,True,7,7,observed
1S78,1,2,light,E,E,60,60,,60,SER,60,60,,,True,6,6,observed
1S78,1,2,light,E,E,61,61,,61,ARG,61,61,,,True,11,11,observed
1S78,1,2,light,E,E,62,62,,62,PHE,62,62,,,True,11,11,observed
1S78,1,2,light,E,E,63,63,,63,SER,63,63,,,True,6,6,observed
1S78,1,2,light,E,E,64,64,,64,GLY,64,64,,,True,4,4,observed
1S78,1,2,light,E,E,65,65,,65,SER,65,65,,,True,6,6,observed
1S78,1,2,light,E,E,66,66,,66,GLY,66,66,,,True,4,4,observed
1S78,1,2,light,E,E,67,67,,67,SER,67,67,,,True,6,6,observed
1S78,1,2,light,E,E,68,68,,68,GLY,68,68,,,True,4,4,observed
1S78,1,2,light,E,E,69,69,,69,THR,69,69,,,True,7,7,observed
1S78,1,2,light,E,E,70,70,,70,ASP,70,70,,,True,8,8,observed
1S78,1,2,light,E,E,71,71,,71,PHE,71,71,,,True,11,11,observed
1S78,1,2,light,E,E,72,72,,72,THR,72,72,,,True,7,7,observed
1S78,1,2,light,E,E,73,73,,73,LEU,73,73,,,True,8,8,observed
1S78,1,2,light,E,E,74,74,,74,THR,74,74,,,True,7,7,observed
1S78,1,2,light,E,E,75,75,,75,ILE,75,75,,,True,8,8,observed
1S78,1,2,light,E,E,76,76,,76,SER,76,76,,,True,6,6,observed
1S78,1,2,light,E,E,77,77,,77,SER,77,77,,,True,6,6,observed
1S78,1,2,light,E,E,78,78,,78,LEU,78,78,,,True,8,8,observed
1S78,1,2,light,E,E,79,79,,79,GLN,79,79,,,True,9,9,observed
1S78,1,2,light,E,E,80,80,,80,PRO,80,80,,,True,7,7,observed
1S78,1,2,light,E,E,81,81,,81,GLU,81,81,,,True,9,9,observed
1S78,1,2,light,E,E,82,82,,82,ASP,82,82,,,True,8,8,observed
1S78,1,2,light,E,E,83,83,,83,PHE,83,83,,,True,11,11,observed
1S78,1,2,light,E,E,84,84,,84,ALA,84,84,,,True,5,5,observed
1S78,1,2,light,E,E,85,85,,85,THR,85,85,,,True,7,7,observed
1S78,1,2,light,E,E,86,86,,86,TYR,86,86,,,True,12,12,observed
1S78,1,2,light,E,E,87,87,,87,TYR,87,87,,,True,12,12,observed
1S78,1,2,light,E,E,88,88,,88,CYS,88,88,,,True,6,6,observed
1S78,1,2,light,E,E,89,89,,89,GLN,89,89,,,True,9,9,observed
1S78,1,2,light,E,E,90,90,,90,GLN,90,90,,,True,9,9,observed
1S78,1,2,light,E,E,91,91,,91,TYR,91,91,,,True,12,12,observed
1S78,1,2,light,E,E,92,92,,92,TYR,92,92,,,True,12,12,observed
1S78,1,2,light,E,E,93,93,,93,ILE,93,93,,,True,8,8,observed
1S78,1,2,light,E,E,94,94,,94,TYR,94,94,,,True,12,12,observed
1S78,1,2,light,E,E,95,95,,95,PRO,95,95,,,True,7,7,observed
1S78,1,2,light,E,E,96,96,,96,TYR,96,96,,,True,12,12,observed
1S78,1,2,light,E,E,97,97,,97,THR,97,97,,,True,7,7,observed
1S78,1,2,light,E,E,98,98,,98,PHE,98,98,,,True,11,11,observed
1S78,1,2,light,E,E,99,99,,99,GLY,99,99,,,True,4,4,observed
1S78,1,2,light,E,E,100,100,,100,GLN,100,100,,,True,9,9,observed
1S78,1,2,light,E,E,101,101,,101,GLY,101,101,,,True,4,4,observed
1S78,1,2,light,E,E,102,102,,102,THR,102,102,,,True,7,7,observed
1S78,1,2,light,E,E,103,103,,103,LYS,103,103,,,True,9,9,observed
1S78,1,2,light,E,E,104,104,,104,VAL,104,104,,,True,7,7,observed
1S78,1,2,light,E,E,105,105,,105,GLU,105,105,,,True,9,9,observed
1S78,1,2,light,E,E,106,106,,106,ILE,106,106,,,True,8,8,observed
1S78,1,2,light,E,E,107,107,,107,LYS,107,107,,,True,9,9,observed
1S78,1,2,light,E,E,108,108,,108,ARG,108,108,,,True,11,11,observed
1S78,1,2,light,E,E,109,109,,109,THR,109,109,,,True,7,7,observed
1S78,1,2,light,E,E,110,110,,110,VAL,110,110,,,True,7,7,observed
1S78,1,2,light,E,E,111,111,,111,ALA,111,111,,,True,5,5,observed
1S78,1,2,light,E,E,112,112,,112,ALA,112,112,,,True,5,5,observed
1S78,1,2,light,E,E,113,113,,113,PRO,113,113,,,True,7,7,observed
1S78,1,2,light,E,E,114,114,,114,SER,114,114,,,True,6,6,observed
1S78,1,2,light,E,E,115,115,,115,VAL,115,115,,,True,7,7,observed
1S78,1,2,light,E,E,116,116,,116,PHE,116,116,,,True,11,11,observed
1S78,1,2,light,E,E,117,117,,117,ILE,117,117,,,True,8,8,observed
1S78,1,2,light,E,E,118,118,,118,PHE,118,118,,,True,11,11,observed
1S78,1,2,light,E,E,119,119,,119,PRO,119,119,,,True,7,7,observed
1S78,1,2,light,E,E,120,120,,120,PRO,120,120,,,True,7,7,observed
1S78,1,2,light,E,E,121,121,,121,SER,121,121,,,True,6,6,observed
1S78,1,2,light,E,E,122,122,,122,ASP,122,122,,,True,8,8,observed
1S78,1,2,light,E,E,123,123,,123,GLU,123,123,,,True,9,9,observed
1S78,1,2,light,E,E,124,124,,124,GLN,124,124,,,True,9,9,observed
1S78,1,2,light,E,E,125,125,,125,LEU,125,125,,,True,8,8,observed
1S78,1,2,light,E,E,126,126,,126,LYS,126,126,,,True,9,9,observed
1S78,1,2,light,E,E,127,127,,127,SER,127,127,,,True,6,6,observed
1S78,1,2,light,E,E,128,128,,128,GLY,128,128,,,True,4,4,observed
1S78,1,2,light,E,E,129,129,,129,THR,129,129,,,True,7,7,observed
1S78,1,2,light,E,E,130,130,,130,ALA,130,130,,,True,5,5,observed
1S78,1,2,light,E,E,131,131,,131,SER,131,131,,,True,6,6,observed
1S78,1,2,light,E,E,132,132,,132,VAL,132,132,,,True,7,7,observed
1S78,1,2,light,E,E,133,133,,133,VAL,133,133,,,True,7,7,observed
1S78,1,2,light,E,E,134,134,,134,CYS,134,134,,,True,6,6,observed
1S78,1,2,light,E,E,135,135,,135,LEU,135,135,,,True,8,8,observed
1S78,1,2,light,E,E,136,136,,136,LEU,136,136,,,True,8,8,observed
1S78,1,2,light,E,E,137,137,,137,ASN,137,137,,,True,8,8,observed
1S78,1,2,light,E,E,138,138,,138,ASN,138,138,,,True,8,8,observed
1S78,1,2,light,E,E,139,139,,139,PHE,139,139,,,True,11,11,observed
1S78,1,2,light,E,E,140,140,,140,TYR,140,140,,,True,12,12,observed
1S78,1,2,light,E,E,141,141,,141,PRO,141,141,,,True,7,7,observed
1S78,1,2,light,E,E,142,142,,142,ARG,142,142,,,True,11,11,observed
1S78,1,2,light,E,E,143,143,,143,GLU,143,143,,,True,9,9,observed
1S78,1,2,light,E,E,144,144,,144,ALA,144,144,,,True,5,5,observed
1S78,1,2,light,E,E,145,145,,145,LYS,145,145,,,True,9,9,observed
1S78,1,2,light,E,E,146,146,,146,VAL,146,146,,,True,7,7,observed
1S78,1,2,light,E,E,147,147,,147,GLN,147,147,,,True,9,9,observed
1S78,1,2,light,E,E,148,148,,148,TRP,148,148,,,True,14,14,observed
1S78,1,2,light,E,E,149,149,,149,LYS,149,149,,,True,9,9,observed
1S78,1,2,light,E,E,150,150,,150,VAL,150,150,,,True,7,7,observed
1S78,1,2,light,E,E,151,151,,151,ASP,151,151,,,True,8,8,observed
1S78,1,2,light,E,E,152,152,,152,ASN,152,152,,,True,8,8,observed
1S78,1,2,light,E,E,153,153,,153,ALA,153,153,,,True,5,5,observed
1S78,1,2,light,E,E,154,154,,154,LEU,154,154,,,True,8,8,observed
1S78,1,2,light,E,E,155,155,,155,GLN,155,155,,,True,9,9,observed
1S78,1,2,light,E,E,156,156,,156,SER,156,156,,,True,6,6,observed
1S78,1,2,light,E,E,157,157,,157,GLY,157,157,,,True,4,4,observed
1S78,1,2,light,E,E,158,158,,158,ASN,158,158,,,True,8,8,observed
1S78,1,2,light,E,E,159,159,,159,SER,159,159,,,True,6,6,observed
1S78,1,2,light,E,E,160,160,,160,GLN,160,160,,,True,9,9,observed
1S78,1,2,light,E,E,161,161,,161,GLU,161,161,,,True,9,9,observed
1S78,1,2,light,E,E,162,162,,162,SER,162,162,,,True,6,6,observed
1S78,1,2,light,E,E,163,163,,163,VAL,163,163,,,True,7,7,observed
1S78,1,2,light,E,E,164,164,,164,THR,164,164,,,True,7,7,observed
1S78,1,2,light,E,E,165,165,,165,GLU,165,165,,,True,9,9,observed
1S78,1,2,light,E,E,166,166,,166,GLN,166,166,,,True,9,9,observed
1S78,1,2,light,E,E,167,167,,167,ASP,167,167,,,True,8,8,observed
1S78,1,2,light,E,E,168,168,,168,SER,168,168,,,True,6,6,observed
1S78,1,2,light,E,E,169,169,,169,LYS,169,169,,,True,9,9,observed
1S78,1,2,light,E,E,170,170,,170,ASP,170,170,,,True,8,8,observed
1S78,1,2,light,E,E,171,171,,171,SER,171,171,,,True,6,6,observed
1S78,1,2,light,E,E,172,172,,172,THR,172,172,,,True,7,7,observed
1S78,1,2,light,E,E,173,173,,173,TYR,173,173,,,True,12,12,observed
1S78,1,2,light,E,E,174,174,,174,SER,174,174,,,True,6,6,observed
1S78,1,2,light,E,E,175,175,,175,LEU,175,175,,,True,8,8,observed
1S78,1,2,light,E,E,176,176,,176,SER,176,176,,,True,6,6,observed
1S78,1,2,light,E,E,177,177,,177,SER,177,177,,,True,6,6,observed
1S78,1,2,light,E,E,178,178,,178,THR,178,178,,,True,7,7,observed
1S78,1,2,light,E,E,179,179,,179,LEU,179,179,,,True,8,8,observed
1S78,1,2,light,E,E,180,180,,180,THR,180,180,,,True,7,7,observed
1S78,1,2,light,E,E,181,181,,181,LEU,181,181,,,True,8,8,observed
1S78,1,2,light,E,E,182,182,,182,SER,182,182,,,True,6,6,observed
1S78,1,2,light,E,E,183,183,,183,LYS,183,183,,,True,9,9,observed
1S78,1,2,light,E,E,184,184,,184,ALA,184,184,,,True,5,5,observed
1S78,1,2,light,E,E,185,185,,185,ASP,185,185,,,True,8,8,observed
1S78,1,2,light,E,E,186,186,,186,TYR,186,186,,,True,12,12,observed
1S78,1,2,light,E,E,187,187,,187,GLU,187,187,,,True,9,9,observed
1S78,1,2,light,E,E,188,188,,188,LYS,188,188,,,True,9,9,observed
1S78,1,2,light,E,E,189,189,,189,HIS,189,189,,,True,10,10,observed
1S78,1,2,light,E,E,190,190,,190,LYS,190,190,,,True,9,9,observed
1S78,1,2,light,E,E,191,191,,191,VAL,191,191,,,True,7,7,observed
1S78,1,2,light,E,E,192,192,,192,TYR,192,192,,,True,12,12,observed
1S78,1,2,light,E,E,193,193,,193,ALA,193,193,,,True,5,5,observed
1S78,1,2,light,E,E,194,194,,194,CYS,194,194,,,True,6,6,observed
1S78,1,2,light,E,E,195,195,,195,GLU,195,195,,,True,9,9,observed
1S78,1,2,light,E,E,196,196,,196,VAL,196,196,,,True,7,7,observed
1S78,1,2,light,E,E,197,197,,197,THR,197,197,,,True,7,7,observed
1S78,1,2,light,E,E,198,198,,198,HIS,198,198,,,True,10,10,observed
1S78,1,2,light,E,E,199,199,,199,GLN,199,199,,,True,9,9,observed
1S78,1,2,light,E,E,200,200,,200,GLY,200,200,,,True,4,4,observed
1S78,1,2,light,E,E,201,201,,201,LEU,201,201,,,True,8,8,observed
1S78,1,2,light,E,E,202,202,,202,SER,202,202,,,True,6,6,observed
1S78,1,2,light,E,E,203,203,,203,SER,203,203,,,True,6,6,observed
1S78,1,2,light,E,E,204,204,,204,PRO,204,204,,,True,7,7,observed
1S78,1,2,light,E,E,205,205,,205,VAL,205,205,,,True,7,7,observed
1S78,1,2,light,E,E,206,206,,206,THR,206,206,,,True,7,7,observed
1S78,1,2,light,E,E,207,207,,207,LYS,207,207,,,True,9,9,observed
1S78,1,2,light,E,E,208,208,,208,SER,208,208,,,True,6,6,observed
1S78,1,2,light,E,E,209,209,,209,PHE,209,209,,,True,11,11,observed
1S78,1,2,light,E,E,210,210,,210,ASN,210,210,,,True,8,8,observed
1S78,1,2,light,E,E,211,211,,211,ARG,211,211,,,True,11,11,observed
1S78,1,2,light,E,E,212,212,,212,GLY,212,212,,,True,4,4,observed
1S78,1,2,light,E,E,213,213,,213,GLU,213,213,,,True,9,9,observed
1S78,1,2,light,E,E,214,214,,214,CYS,214,214,,,True,7,7,observed
1S78,1,3,heavy,F,F,1,1,,1,GLU,1,1,,,True,9,9,observed
1S78,1,3,heavy,F,F,2,2,,2,VAL,2,2,,,True,7,7,observed
1S78,1,3,heavy,F,F,3,3,,3,GLN,3,3,,,True,9,9,observed
1S78,1,3,heavy,F,F,4,4,,4,LEU,4,4,,,True,8,8,observed
1S78,1,3,heavy,F,F,5,5,,5,VAL,5,5,,,True,7,7,observed
1S78,1,3,heavy,F,F,6,6,,6,GLU,6,6,,,True,9,9,observed
1S78,1,3,heavy,F,F,7,7,,7,SER,7,7,,,True,6,6,observed
1S78,1,3,heavy,F,F,8,8,,8,GLY,8,8,,,True,4,4,observed
1S78,1,3,heavy,F,F,9,9,,9,GLY,9,9,,,True,4,4,observed
1S78,1,3,heavy,F,F,10,10,,10,GLY,10,10,,,True,4,4,observed
1S78,1,3,heavy,F,F,11,11,,11,LEU,11,11,,,True,8,8,observed
1S78,1,3,heavy,F,F,12,12,,12,VAL,12,12,,,True,7,7,observed
1S78,1,3,heavy,F,F,13,13,,13,GLN,13,13,,,True,9,9,observed
1S78,1,3,heavy,F,F,14,14,,14,PRO,14,14,,,True,7,7,observed
1S78,1,3,heavy,F,F,15,15,,15,GLY,15,15,,,True,4,4,observed
1S78,1,3,heavy,F,F,16,16,,16,GLY,16,16,,,True,4,4,observed
1S78,1,3,heavy,F,F,17,17,,17,SER,17,17,,,True,6,6,observed
1S78,1,3,heavy,F,F,18,18,,18,LEU,18,18,,,True,8,8,observed
1S78,1,3,heavy,F,F,19,19,,19,ARG,19,19,,,True,11,11,observed
1S78,1,3,heavy,F,F,20,20,,20,LEU,20,20,,,True,8,8,observed
1S78,1,3,heavy,F,F,21,21,,21,SER,21,21,,,True,6,6,observed
1S78,1,3,heavy,F,F,22,22,,22,CYS,22,22,,,True,6,6,observed
1S78,1,3,heavy,F,F,23,23,,23,ALA,23,23,,,True,5,5,observed
1S78,1,3,heavy,F,F,24,24,,24,ALA,24,24,,,True,5,5,observed
1S78,1,3,heavy,F,F,25,25,,25,SER,25,25,,,True,6,6,observed
1S78,1,3,heavy,F,F,26,26,,26,GLY,26,26,,,True,4,4,observed
1S78,1,3,heavy,F,F,27,27,,27,PHE,27,27,,,True,11,11,observed
1S78,1,3,heavy,F,F,28,28,,28,THR,28,28,,,True,7,7,observed
1S78,1,3,heavy,F,F,29,29,,29,PHE,29,29,,,True,11,11,observed
1S78,1,3,heavy,F,F,30,30,,30,THR,30,30,,,True,7,7,observed
1S78,1,3,heavy,F,F,31,31,,31,ASP,31,31,,,True,8,8,observed
1S78,1,3,heavy,F,F,32,32,,32,TYR,32,32,,,True,12,12,observed
1S78,1,3,heavy,F,F,33,33,,33,THR,33,33,,,True,7,7,observed
1S78,1,3,heavy,F,F,34,34,,34,MET,34,34,,,True,8,8,observed
1S78,1,3,heavy,F,F,35,35,,35,ASP,35,35,,,True,8,8,observed
1S78,1,3,heavy,F,F,36,36,,36,TRP,36,36,,,True,14,14,observed
1S78,1,3,heavy,F,F,37,37,,37,VAL,37,37,,,True,7,7,observed
1S78,1,3,heavy,F,F,38,38,,38,ARG,38,38,,,True,11,11,observed
1S78,1,3,heavy,F,F,39,39,,39,GLN,39,39,,,True,9,9,observed
1S78,1,3,heavy,F,F,40,40,,40,ALA,40,40,,,True,5,5,observed
1S78,1,3,heavy,F,F,41,41,,41,PRO,41,41,,,True,7,7,observed
1S78,1,3,heavy,F,F,42,42,,42,GLY,42,42,,,True,4,4,observed
1S78,1,3,heavy,F,F,43,43,,43,LYS,43,43,,,True,9,9,observed
1S78,1,3,heavy,F,F,44,44,,44,GLY,44,44,,,True,4,4,observed
1S78,1,3,heavy,F,F,45,45,,45,LEU,45,45,,,True,8,8,observed
1S78,1,3,heavy,F,F,46,46,,46,GLU,46,46,,,True,9,9,observed
1S78,1,3,heavy,F,F,47,47,,47,TRP,47,47,,,True,14,14,observed
1S78,1,3,heavy,F,F,48,48,,48,VAL,48,48,,,True,7,7,observed
1S78,1,3,heavy,F,F,49,49,,49,ALA,49,49,,,True,5,5,observed
1S78,1,3,heavy,F,F,50,50,,50,ASP,50,50,,,True,8,8,observed
1S78,1,3,heavy,F,F,51,51,,51,VAL,51,51,,,True,7,7,observed
1S78,1,3,heavy,F,F,52,52,,52,ASN,52,52,,,True,8,8,observed
1S78,1,3,heavy,F,F,53,52,A,52,PRO,53,53,,,True,7,7,observed
1S78,1,3,heavy,F,F,54,53,,53,ASN,54,54,,,True,8,8,observed
1S78,1,3,heavy,F,F,55,54,,54,SER,55,55,,,True,6,6,observed
1S78,1,3,heavy,F,F,56,55,,55,GLY,56,56,,,True,4,4,observed
1S78,1,3,heavy,F,F,57,56,,56,GLY,57,57,,,True,4,4,observed
1S78,1,3,heavy,F,F,58,57,,57,SER,58,58,,,True,6,6,observed
1S78,1,3,heavy,F,F,59,58,,58,ILE,59,59,,,True,8,8,observed
1S78,1,3,heavy,F,F,60,59,,59,TYR,60,60,,,True,12,12,observed
1S78,1,3,heavy,F,F,61,60,,60,ASN,61,61,,,True,8,8,observed
1S78,1,3,heavy,F,F,62,61,,61,GLN,62,62,,,True,9,9,observed
1S78,1,3,heavy,F,F,63,62,,62,ARG,63,63,,,True,11,11,observed
1S78,1,3,heavy,F,F,64,63,,63,PHE,64,64,,,True,11,11,observed
1S78,1,3,heavy,F,F,65,64,,64,LYS,65,65,,,True,9,9,observed
1S78,1,3,heavy,F,F,66,65,,65,GLY,66,66,,,True,4,4,observed
1S78,1,3,heavy,F,F,67,66,,66,ARG,67,67,,,True,11,11,observed
1S78,1,3,heavy,F,F,68,67,,67,PHE,68,68,,,True,11,11,observed
1S78,1,3,heavy,F,F,69,68,,68,THR,69,69,,,True,7,7,observed
1S78,1,3,heavy,F,F,70,69,,69,LEU,70,70,,,True,8,8,observed
1S78,1,3,heavy,F,F,71,70,,70,SER,71,71,,,True,6,6,observed
1S78,1,3,heavy,F,F,72,71,,71,VAL,72,72,,,True,7,7,observed
1S78,1,3,heavy,F,F,73,72,,72,ASP,73,73,,,True,8,8,observed
1S78,1,3,heavy,F,F,74,73,,73,ARG,74,74,,,True,11,11,observed
1S78,1,3,heavy,F,F,75,74,,74,SER,75,75,,,True,6,6,observed
1S78,1,3,heavy,F,F,76,75,,75,LYS,76,76,,,True,9,9,observed
1S78,1,3,heavy,F,F,77,76,,76,ASN,77,77,,,True,8,8,observed
1S78,1,3,heavy,F,F,78,77,,77,THR,78,78,,,True,7,7,observed
1S78,1,3,heavy,F,F,79,78,,78,LEU,79,79,,,True,8,8,observed
1S78,1,3,heavy,F,F,80,79,,79,TYR,80,80,,,True,12,12,observed
1S78,1,3,heavy,F,F,81,80,,80,LEU,81,81,,,True,8,8,observed
1S78,1,3,heavy,F,F,82,81,,81,GLN,82,82,,,True,9,9,observed
1S78,1,3,heavy,F,F,83,82,,82,MET,83,83,,,True,8,8,observed
1S78,1,3,heavy,F,F,84,82,A,82,ASN,84,84,,,True,8,8,observed
1S78,1,3,heavy,F,F,85,82,B,82,SER,85,85,,,True,6,6,observed
1S78,1,3,heavy,F,F,86,82,C,82,LEU,86,86,,,True,8,8,observed
1S78,1,3,heavy,F,F,87,83,,83,ARG,87,87,,,True,11,11,observed
1S78,1,3,heavy,F,F,88,84,,84,ALA,88,88,,,True,5,5,observed
1S78,1,3,heavy,F,F,89,85,,85,GLU,89,89,,,True,9,9,observed
1S78,1,3,heavy,F,F,90,86,,86,ASP,90,90,,,True,8,8,observed
1S78,1,3,heavy,F,F,91,87,,87,THR,91,91,,,True,7,7,observed
1S78,1,3,heavy,F,F,92,88,,88,ALA,92,92,,,True,5,5,observed
1S78,1,3,heavy,F,F,93,89,,89,VAL,93,93,,,True,7,7,observed
1S78,1,3,heavy,F,F,94,90,,90,TYR,94,94,,,True,12,12,observed
1S78,1,3,heavy,F,F,95,91,,91,TYR,95,95,,,True,12,12,observed
1S78,1,3,heavy,F,F,96,92,,92,CYS,96,96,,,True,6,6,observed
1S78,1,3,heavy,F,F,97,93,,93,ALA,97,97,,,True,5,5,observed
1S78,1,3,heavy,F,F,98,94,,94,ARG,98,98,,,True,11,11,observed
1S78,1,3,heavy,F,F,99,95,,95,ASN,99,99,,,True,8,8,observed
1S78,1,3,heavy,F,F,100,96,,96,LEU,100,100,,,True,8,8,observed
1S78,1,3,heavy,F,F,101,97,,97,GLY,101,101,,,True,4,4,observed
1S78,1,3,heavy,F,F,102,98,,98,PRO,102,102,,,True,7,7,observed
1S78,1,3,heavy,F,F,103,99,,99,SER,103,103,,,True,6,6,observed
1S78,1,3,heavy,F,F,104,99,A,99,PHE,104,104,,,True,11,11,observed
1S78,1,3,heavy,F,F,105,99,B,99,TYR,105,105,,,True,12,12,observed
1S78,1,3,heavy,F,F,106,100,,100,PHE,106,106,,,True,11,11,observed
1S78,1,3,heavy,F,F,107,101,,101,ASP,107,107,,,True,8,8,observed
1S78,1,3,heavy,F,F,108,102,,102,TYR,108,108,,,True,12,12,observed
1S78,1,3,heavy,F,F,109,103,,103,TRP,109,109,,,True,14,14,observed
1S78,1,3,heavy,F,F,110,104,,104,GLY,110,110,,,True,4,4,observed
1S78,1,3,heavy,F,F,111,105,,105,GLN,111,111,,,True,9,9,observed
1S78,1,3,heavy,F,F,112,106,,106,GLY,112,112,,,True,4,4,observed
1S78,1,3,heavy,F,F,113,107,,107,THR,113,113,,,True,7,7,observed
1S78,1,3,heavy,F,F,114,108,,108,LEU,114,114,,,True,8,8,observed
1S78,1,3,heavy,F,F,115,109,,109,VAL,115,115,,,True,7,7,observed
1S78,1,3,heavy,F,F,116,110,,110,THR,116,116,,,True,7,7,observed
1S78,1,3,heavy,F,F,117,111,,111,VAL,117,117,,,True,7,7,observed
1S78,1,3,heavy,F,F,118,112,,112,SER,118,118,,,True,6,6,observed
1S78,1,3,heavy,F,F,119,113,,113,SER,119,119,,,True,6,6,observed
1S78,1,3,heavy,F,F,120,114,,114,ALA,120,120,,,True,5,5,observed
1S78,1,3,heavy,F,F,121,115,,115,SER,121,121,,,True,6,6,observed
1S78,1,3,heavy,F,F,122,116,,116,THR,122,122,,,True,7,7,observed
1S78,1,3,heavy,F,F,123,117,,117,LYS,123,123,,,True,9,9,observed
1S78,1,3,heavy,F,F,124,118,,118,GLY,124,124,,,True,4,4,observed
1S78,1,3,heavy,F,F,125,119,,119,PRO,125,125,,,True,7,7,observed
1S78,1,3,heavy,F,F,126,120,,120,SER,126,126,,,True,6,6,observed
1S78,1,3,heavy,F,F,127,121,,121,VAL,127,127,,,True,7,7,observed
1S78,1,3,heavy,F,F,128,122,,122,PHE,128,128,,,True,11,11,observed
1S78,1,3,heavy,F,F,129,123,,123,PRO,129,129,,,True,7,7,observed
1S78,1,3,heavy,F,F,130,124,,124,LEU,130,130,,,True,8,8,observed
1S78,1,3,heavy,F,F,131,125,,125,ALA,131,131,,,True,5,5,observed
1S78,1,3,heavy,F,F,132,126,,126,PRO,132,132,,,True,7,7,observed
1S78,1,3,heavy,F,F,133,127,,127,SER,133,133,,,True,6,6,observed
1S78,1,3,heavy,F,F,134,128,,128,SER,134,134,,,True,6,6,observed
1S78,1,3,heavy,F,F,135,129,,129,LYS,135,135,,,True,9,9,observed
1S78,1,3,heavy,F,F,136,130,,130,SER,136,136,,,True,6,6,observed
1S78,1,3,heavy,F,F,137,131,,131,THR,137,137,,,True,7,7,observed
1S78,1,3,heavy,F,F,138,132,,132,SER,138,138,,,True,6,6,observed
1S78,1,3,heavy,F,F,139,133,,133,GLY,139,139,,,True,4,4,observed
1S78,1,3,heavy,F,F,140,134,,134,GLY,140,140,,,True,4,4,observed
1S78,1,3,heavy,F,F,141,135,,135,THR,141,141,,,True,7,7,observed
1S78,1,3,heavy,F,F,142,136,,136,ALA,142,142,,,True,5,5,observed
1S78,1,3,heavy,F,F,143,137,,137,ALA,143,143,,,True,5,5,observed
1S78,1,3,heavy,F,F,144,138,,138,LEU,144,144,,,True,8,8,observed
1S78,1,3,heavy,F,F,145,139,,139,GLY,145,145,,,True,4,4,observed
1S78,1,3,heavy,F,F,146,140,,140,CYS,146,146,,,True,6,6,observed
1S78,1,3,heavy,F,F,147,141,,141,LEU,147,147,,,True,8,8,observed
1S78,1,3,heavy,F,F,148,142,,142,VAL,148,148,,,True,7,7,observed
1S78,1,3,heavy,F,F,149,143,,143,LYS,149,149,,,True,9,9,observed
1S78,1,3,heavy,F,F,150,144,,144,ASP,150,150,,,True,8,8,observed
1S78,1,3,heavy,F,F,151,145,,145,TYR,151,151,,,True,12,12,observed
1S78,1,3,heavy,F,F,152,146,,146,PHE,152,152,,,True,11,11,observed
1S78,1,3,heavy,F,F,153,147,,147,PRO,153,153,,,True,7,7,observed
1S78,1,3,heavy,F,F,154,148,,148,GLU,154,154,,,True,9,9,observed
1S78,1,3,heavy,F,F,155,149,,149,PRO,155,155,,,True,7,7,observed
1S78,1,3,heavy,F,F,156,150,,150,VAL,156,156,,,True,7,7,observed
1S78,1,3,heavy,F,F,157,151,,151,THR,157,157,,,True,7,7,observed
1S78,1,3,heavy,F,F,158,152,,152,VAL,158,158,,,True,7,7,observed
1S78,1,3,heavy,F,F,159,153,,153,SER,159,159,,,True,6,6,observed
1S78,1,3,heavy,F,F,160,154,,154,TRP,160,160,,,True,14,14,observed
1S78,1,3,heavy,F,F,161,155,,155,ASN,161,161,,,True,8,8,observed
1S78,1,3,heavy,F,F,162,156,,156,SER,162,162,,,True,6,6,observed
1S78,1,3,heavy,F,F,163,157,,157,GLY,163,163,,,True,4,4,observed
1S78,1,3,heavy,F,F,164,158,,158,ALA,164,164,,,True,5,5,observed
1S78,1,3,heavy,F,F,165,159,,159,LEU,165,165,,,True,8,8,observed
1S78,1,3,heavy,F,F,166,160,,160,THR,166,166,,,True,7,7,observed
1S78,1,3,heavy,F,F,167,161,,161,SER,167,167,,,True,6,6,observed
1S78,1,3,heavy,F,F,168,162,,162,GLY,168,168,,,True,4,4,observed
1S78,1,3,heavy,F,F,169,163,,163,VAL,169,169,,,True,7,7,observed
1S78,1,3,heavy,F,F,170,164,,164,HIS,170,170,,,True,10,10,observed
1S78,1,3,heavy,F,F,171,165,,165,THR,171,171,,,True,7,7,observed
1S78,1,3,heavy,F,F,172,166,,166,PHE,172,172,,,True,11,11,observed
1S78,1,3,heavy,F,F,173,167,,167,PRO,173,173,,,True,7,7,observed
1S78,1,3,heavy,F,F,174,168,,168,ALA,174,174,,,True,5,5,observed
1S78,1,3,heavy,F,F,175,169,,169,VAL,175,175,,,True,7,7,observed
1S78,1,3,heavy,F,F,176,170,,170,LEU,176,176,,,True,8,8,observed
1S78,1,3,heavy,F,F,177,171,,171,GLN,177,177,,,True,9,9,observed
1S78,1,3,heavy,F,F,178,172,,172,SER,178,178,,,True,6,6,observed
1S78,1,3,heavy,F,F,179,173,,173,SER,179,179,,,True,6,6,observed
1S78,1,3,heavy,F,F,180,174,,174,GLY,180,180,,,True,4,4,observed
1S78,1,3,heavy,F,F,181,175,,175,LEU,181,181,,,True,8,8,observed
1S78,1,3,heavy,F,F,182,176,,176,TYR,182,182,,,True,12,12,observed
1S78,1,3,heavy,F,F,183,177,,177,SER,183,183,,,True,6,6,observed
1S78,1,3,heavy,F,F,184,178,,178,LEU,184,184,,,True,8,8,observed
1S78,1,3,heavy,F,F,185,179,,179,SER,185,185,,,True,6,6,observed
1S78,1,3,heavy,F,F,186,180,,180,SER,186,186,,,True,6,6,observed
1S78,1,3,heavy,F,F,187,181,,181,VAL,187,187,,,True,7,7,observed
1S78,1,3,heavy,F,F,188,182,,182,VAL,188,188,,,True,7,7,observed
1S78,1,3,heavy,F,F,189,183,,183,THR,189,189,,,True,7,7,observed
1S78,1,3,heavy,F,F,190,184,,184,VAL,190,190,,,True,7,7,observed
1S78,1,3,heavy,F,F,191,185,,185,PRO,191,191,,,True,7,7,observed
1S78,1,3,heavy,F,F,192,186,,186,SER,192,192,,,True,6,6,observed
1S78,1,3,heavy,F,F,193,187,,187,SER,193,193,,,True,6,6,observed
1S78,1,3,heavy,F,F,194,188,,188,SER,194,194,,,True,6,6,observed
1S78,1,3,heavy,F,F,195,189,,189,LEU,195,195,,,True,8,8,observed
1S78,1,3,heavy,F,F,196,190,,190,GLY,196,196,,,True,4,4,observed
1S78,1,3,heavy,F,F,197,191,,191,THR,197,197,,,True,7,7,observed
1S78,1,3,heavy,F,F,198,192,,192,GLN,198,198,,,True,9,9,observed
1S78,1,3,heavy,F,F,199,193,,193,THR,199,199,,,True,7,7,observed
1S78,1,3,heavy,F,F,200,194,,194,TYR,200,200,,,True,12,12,observed
1S78,1,3,heavy,F,F,201,195,,195,ILE,201,201,,,True,8,8,observed
1S78,1,3,heavy,F,F,202,196,,196,CYS,202,202,,,True,6,6,observed
1S78,1,3,heavy,F,F,203,197,,197,ASN,203,203,,,True,8,8,observed
1S78,1,3,heavy,F,F,204,198,,198,VAL,204,204,,,True,7,7,observed
1S78,1,3,heavy,F,F,205,199,,199,ASN,205,205,,,True,8,8,observed
1S78,1,3,heavy,F,F,206,200,,200,HIS,206,206,,,True,10,10,observed
1S78,1,3,heavy,F,F,207,201,,201,LYS,207,207,,,True,9,9,observed
1S78,1,3,heavy,F,F,208,202,,202,PRO,208,208,,,True,7,7,observed
1S78,1,3,heavy,F,F,209,203,,203,SER,209,209,,,True,6,6,observed
1S78,1,3,heavy,F,F,210,204,,204,ASN,210,210,,,True,8,8,observed
1S78,1,3,heavy,F,F,211,205,,205,THR,211,211,,,True,7,7,observed
1S78,1,3,heavy,F,F,212,206,,206,LYS,212,212,,,True,9,9,observed
1S78,1,3,heavy,F,F,213,207,,207,VAL,213,213,,,True,7,7,observed
1S78,1,3,heavy,F,F,214,208,,208,ASP,214,214,,,True,8,8,observed
1S78,1,3,heavy,F,F,215,209,,209,LYS,215,215,,,True,9,9,observed
1S78,1,3,heavy,F,F,216,210,,210,LYS,216,216,,,True,9,9,observed
1S78,1,3,heavy,F,F,217,211,,211,VAL,217,217,,,True,7,7,observed
1S78,1,3,heavy,F,F,218,212,,212,GLU,218,218,,,True,9,9,observed
1S78,1,3,heavy,F,F,219,213,,213,PRO,219,219,,,True,7,7,observed
1S78,1,3,heavy,F,F,220,214,,214,LYS,220,220,,,True,9,9,observed
1S78,1,3,heavy,F,F,221,215,,215,SER,221,221,,,True,6,6,observed
1S78,1,3,heavy,F,F,222,216,,216,CYS,222,222,,,True,6,6,observed
1S78,1,3,heavy,F,F,223,217,,,ASP,223,223,,,False,0,0,unobserved
1S78,1,3,heavy,F,F,224,218,,,LYS,224,224,,,False,0,0,unobserved
1S78,1,3,heavy,F,F,225,219,,,THR,225,225,,,False,0,0,unobserved
1S78,1,3,heavy,F,F,226,220,,,HIS,226,226,,,False,0,0,unobserved
1S78,1,4,context,G,G,,1,,,NAG,,,,,True,14,14,observed
1S78,1,4,context,G,G,,2,,,NAG,,,,,True,14,14,observed
1S78,1,4,context,H,H,,1,,,NAG,,,,,True,14,14,observed
1S78,1,4,context,H,H,,2,,,NAG,,,,,True,14,14,observed
1S78,1,4,context,I,I,,1,,,NAG,,,,,True,14,14,observed
1S78,1,4,context,I,I,,2,,,NAG,,,,,True,14,14,observed
1S78,1,5,context,J,J,,1,,,NAG,,,,,True,14,14,observed
1S78,1,5,context,J,J,,2,,,NAG,,,,,True,14,14,observed
1S78,1,5,context,J,J,,3,,,BMA,,,,,True,11,11,observed
1S78,1,4,context,K,K,,1,,,NAG,,,,,True,14,14,observed
1S78,1,4,context,K,K,,2,,,NAG,,,,,True,14,14,observed
1S78,1,6,context,L,A,,1006,,,NAG,,,,,True,14,14,observed
1S78,1,6,context,M,B,,1006,,,NAG,,,,,True,14,14,observed
